id,title,abstract,label
W1995582426,Docetaxel (taxotere®) plus cisplatin: an active and well-tolerated combination in patients with advanced non-small cell lung cancer,,0
W2059334265,Link between patient preferences and treatment outcomes in seasonal allergic rhinitis: An empiric investigation,,1
W1980939736,Comparative Efficacy and Safety of Once-Daily Versus Twice-Daily Loratadine-Pseudoephedrine Combinations Versus Placebo in Seasonal Allergic Rhinitis,"The objective of this study was to compare the efficacy and safety of Claritin-D 24 Hour (once daily) with that of Claritin-D 12 Hour (twice daily) and placebo in the treatment of patients with seasonal allergic rhinitis (SAR). In this double-blind, placebo-controlled, multicenter study, 469 patients with moderate-to-severe SAR symptoms were treated for 2 weeks with one of the following: Claritin-D 24 Hour (a combination tablet formulation of loratadine 10 mg in the coating and pseudoephedrine sulfate 240 mg in an extended-release core), Claritin-D 12 Hour (a combination tablet formulation of loratadine 5 mg in the tablet coating and 120 mg pseudoephedrine sulfate, 60 mg in the coating and 60 mg in the core), or placebo. Claritin-D 24 Hour and Claritin-D 12 Hour were consistently superior to placebo (P < 0.01) in reducing total, nasal, and nonnasal symptom scores. Patients in the Claritin-D 24 Hour and Claritin-D 12 Hour groups also had significantly greater (P </= 0.05) relief of rhinorrhea and nasal stuffiness as compared with placebo. Insomnia was reported significantly more often (P < 0.01) in Claritin-D 12 Hour (15%) patients compared with Claritin-D 24 Hour (4%) and placebo (2%) patients. Dry mouth was reported significantly more often (P < 0.05) in Claritin-D 24 Hour (13%) and Claritin-D 12 Hour (13%) groups compared with placebo (4%). Claritin-D 24 Hour has efficacy comparable to Claritin-D 12 Hour in relieving allergic rhinitis symptoms while producing significantly less insomnia.",0
W2019199918,Nasal Effect of Cetirizine and Loratadine at 24 Hours in Patients With Allergic Rhinitis,"Numerous studies have compared the duration of the cutaneous effect of cetirizine and loratadine. We assessed their nasal effects 24 hours after administration in patients with allergic rhinitis, using a randomized, double-blind, crossover, placebo-controlled trial. Nasal challenge was performed by nebulization of increasing doubling dosages of histamine (0.04-1.28 mg/nostril) in 12 patients (seven males, five females, aged 31 +/- 7 years). Nasal airway resistance was measured by posterior rhinomanometry 24 hours after intake of cetirizine (10 mg), loratadine (10 mg), or placebo. Baseline nasal airway resistance was identical on all study days (2.86 +/- 0.10 cm H2 O/L per second). Twenty-four hours after intake, the dose-response curve of nasal obstruction to histamine was significantly lower after treatment with cetirizine compared with placebo (P < 0.05). However, although the curve was lower on loratadine than on placebo, the curves did not differ significantly. In conclusion, our study shows significant efficacy of cetirizine, but not of loratadine, in the nose at 24 hours after a single dose. This suggests that the nasal action of cetirizine is longer lasting than that of loratadine in patients with allergic rhinitis.",0
W86574291,Comparison of intranasal triamcinolone acetonide with oral loratadine in the treatment of seasonal ragweed-induced allergic rhinitis.,"A double-blind, randomized, multicenter, parallel-group controlled study compared the efficacy and safety of intranasal triamcinolone acetonide (220 micrograms/day) and oral loratadine (10 mg/day) in patients with at least two seasons of ragweed-induced seasonal allergic rhinitis. A 28-day screening period, including a 5-day baseline period, preceded a 4-week treatment period. Reduction in rhinitis symptom scores was evident in both groups as early as day 1, with no significant between-group differences during week 1. At weeks 2, 3, and 4, patients treated with triamcinolone acetonide were significantly (P < 0.05) more improved in total nasal score, nasal itch, nasal stuffiness, and sneezing than were patients treated with loratadine. At weeks 3 and 4, rhinorrhea and ocular symptoms were significantly (P < 0.05) more improved from baseline among triamcinolone acetonide patients compared with loratadine patients. There was no significant between-group difference in relief from postnasal drip at any time point. Physicians' global evaluations significantly (P = 0.002) favored triamcinolone acetonide at the final visit, with moderate to complete relief of symptoms attained by 68% of triamcinolone acetonide patients and 59% of loratadine patients. Over the 4-week treatment period, triamcinolone acetonide patients had significantly greater improvement in total nasal score, nasal itch, nasal stuffiness, sneezing, and ocular symptoms. Both treatments were well tolerated, with headache being the most frequently reported drug-related adverse effect in both the triamcinolone acetonide (15%) and loratadine (11%) groups. These results indicate that triamcinolone acetonide is more effective than oral loratadine in relieving the symptoms of ragweed-induced seasonal allergic rhinitis.",0
W1964030186,Administration of acetylcholine and vasoactive intestinal polypeptide to atopic eczema patients,"Responses to acetylcholine (ACh) and vasoactive intestinal polypeptide (VIP) were investigated in atopic eczema (AE) patients. To elucidate the involvement of histamine to ACh-provoked vasoreactions and sensations, we applied a selective H1-antagonist (cetirizine) 3 h prior to the ACh-administration. Solutions of acetylcholine (ACh, 0.55 M) and vasoactive intestinal polypeptide (VIP, 1.5x 10(-5) M) were injected (10 microl) intracutaneously into the volar forearm of 14 healthy subjects and 14 atopic eczema (AE) patients. The substances were applied as single stimulus as well as in combination. Sensations evoked by the stimulation were recorded using 2 visual analog scales (VAS). Vasoreactions were analyzed with the new technique of computer assisted video image analysis. With this method we measured the dynamics of the flare development and the extension of the final flare size independent of the observer's assessment. In control subjects the development and extension of the final flare size was almost similar, regardless whether ACh and VIP were applied in combination or separately. Compared to healthy controls, after injection of ACh, VIP and the combination of VIP and ACh smaller flare sizes were recorded in AE patients. After VIP was given, the control subjects reported pruritus, which was significantly augmented compared to AE patients. In contrast, controls reported a burning pain after the injection of ACh, whereas AE patients felt predominantly pruritus. Itch sensation after the combined application of VIP and ACh was significantly elevated in AE patients. Consequently, we assume that mediators of sudomotor neurons, i.e., VIP and ACh meet in AE patients apparently sensitized nociceptive primary afferents and induce exaggerated itch, pain and flare responses. When pretreated with the selective H1-antagonist cetirizine before ACh was injected, pain and erythema due to ACh was diminished in healthy controls. In contrast, cetirizine did not influence the size of erythema and the magnitude of sensation in AE patients. We conclude, that the release of histamine is not involved in ACh-induced erythema and pruritus in AE. These data provide evidence that pruritus can be elicited in atopic eczema by a cholinergic, histamine independent mechanism.",0
W1516550929,Risk of ventricular arrhythmias associated with nonsedating antihistamine drugs,"AIMS: To quantify and compare the incidence of ventricular arrhythniias associated with the use of five nonsedating antihistamines: acrivastine, astemizole, cetirizine, loratadine and terfenadine. The effects of age, sex, dose, duration of treatment, and the interaction with P450 inhibitor drugs were also examined. METHODS: We carried out a cohort study with a nested case-control analysis using the UK-based General Practice Research database (GPRD). The study cohort included persons aged less than 80 years old who received their first prescription for any of the five study drugs between January 1, 1992 and September 30, 1996. We estimated relative risks and 95% confidence intervals of idiopathic ventricular arrhythmias with current use of antihistamines as compared with non use. RESULTS: The study cohort included 197425 persons who received 513012 prescriptions. Over the study period 18 valid cases of idiopathic ventricular arrhythmias were detected. Nine occurred during the current use of any antihistamine, resulting in a crude incidence of 1.9 per 10000 person-years (95%CI: 1.0-3.6) and a relative risk of 4.2 (95%CI: 1.5-11.8) as compared with non use. Astemizole presented the highest relative risk (RR= 19.0; 95%CI: 4.8-76.0) of all study drugs, while terfenadine (RR=2.1; 95%CI:0.5-8.5) was in the range of other nonsedating antihistamines. Older age was associated with a greater risk of ventricular arrhythmias (RR=7.4; 95%CI: 2.6-21.4) and seemed to increase the effect of antihistamines (RR=6.4; 95%CI: 1.7-24.8). The proportions of high dose terfenadine and the concomitant use with P450 inhibitors among current users of terfenadine were 2.7% and 3.4%, respectively over the study period with no single case of ventricular arrhythmias occurring in the presence of these two risk factors. CONCLUSIONS: The use of nonsedating antihistamines increases the risk of ventricular arrhythmias by a factor of four in the general population. Yet, the absolute effect is quite low requiring 57000 prescriptions, or 5300 person-years of use for one case to occur. The risk associated with terfenadine was no different from that with other nonsedating antihistamines.",0
W2098105105,Treating Allergic Rhinitis in Pregnancy,,0
W2048248990,Cardiovascular Safety of FexofenadineHCl,,0
W2038382554,Variations among non-sedating antihistamines: are there real differences?,,0
W2059012840,Comparative Tolerability of Second Generation Antihistamines,,0
W110625542,New treatments for allergic rhinitis.,"OBJECTIVE: To review new treatments for allergic rhinitis. QUALITY OF EVIDENCE: Most studies supporting the principles in this paper are double-blind, placebo-controlled trials. Good evidence supports use of antihistamines, nasal steroid sprays, and immunotherapy. Fewer trials have been done on the new antileukotrienes. MAIN MESSAGE: Allergic rhinitis causes significant morbidity, which can be successfully treated. Newer antihistamines, developed to replace terfenadine and astemizole which have potential side effects, include loratadine, cetirizine, and the newest, fexofenadine. Intranasal steroid sprays are also effective, particularly for people with nasal stuffiness. One study showed some growth retardation in children using beclomethasone over a prolonged period (1 year). The newer steroid sprays, such as fluticasone, budesonide, and mometasone furoate aqueous, however, have not been studied in the same way and are usually recommended for shorter periods. The newest group of medications showing real promise are the antileukotrienes, including zafirlukast and montelukast. Taken orally, these medications avoid the discomfort of nasal sprays and seem to have few side effects. Immunotherapy offers a new option: a short-course, preseasonal series of six to 11 injections that reduces the burden on patients for year-round therapy. Combinations of these therapies are also possible. CONCLUSIONS: With new medications and immunotherapy options, family physicians can offer effective treatment to patients with allergic rhinitis.",0
W1756057165,"A double‐blind, placebo‐controlled investigation of the effects of fexofenadine, loratadine and promethazine on cognitive and psychomotor function","AIMS: To assess whether fexofenadine in a range of doses from 80 to 180 mg has any disruptive effects on aspects of psychomotor and cognitive function in comparison with placebo, loratadine and promethazine, an antihistamine known to produce psychomotor and cognitive impairment. METHODS: Twenty-four healthy volunteers received fexofenadine 80 mg, 120 mg and 180 mg, loratadine 10 mg, promethazine 30 mg (as a positive internal control) and placebo in a six-way crossover, double-blind study. Following each dose, subjects were required to perform a series of tests of cognitive function and psychomotor performance at 1.5, 3, 6, 9, 12 and 24 h post dose. The test battery included critical flicker fusion (CFF), choice reaction time (CRT) and assessment of subjective sedation (LARS). Overall levels of activity were monitored by means of wrist mounted actigraphs throughout each of the 24 h experimental periods. RESULTS: Fexofenadine at all doses tested was not statistically different from placebo in any of the tests used and loratadine did not cause any significant impairment of cognitive function. Significant impairments were found following promethazine. Promethazine caused a significant reduction in CFF threshold and this effect was evident up to 12 h post dose (P<0.05). There was a significant increase in recognition reaction time at 3 and 6 h post promethazine administration, and the drug caused a significant (P<0. 002) increase in the percentage of 'sleep-like' activity from actigraph records during the daytime. CONCLUSIONS: Fexofenadine at doses up to 180 mg appears free from disruptive effects on aspects of psychomotor and cognitive function in a study where the psychometric assessments have been shown to be sensitive to impairment, as evidenced by the effects of the verum control promethazine 30 mg.",0
W1498562462,Histamine response and local cooling in the human skin: involvement of H<sub>1</sub>‐ and H<sub>2</sub>‐receptors,"AIMS: Histamine may contribute locally to cutaneous blood flow control under normal and pathologic conditions. The objective of this study was to observe the influence of skin temperature on histamine vasodilation, and the roles of H1-and H2-receptors using novel noninvasive methods. METHODS: Eleven healthy subjects received, double-blind, single doses of the H1-receptor antagonist cetirizine (10 mg), cetirizine (10 mg) plus the H2-receptor antagonist cimetidine (400 mg), or placebo on separate occasions. Histamine was dosed cumulatively by iontophoresis to the forearm skin at 34 degrees C and 14 degrees C. Laser-Doppler flux (LDF) was measured at the same sites using customised probeholder/iontophoretic chambers with Peltier cooling elements. Finger mean arterial pressure (MAP) was measured and cutaneous vascular conductance calculated as LDF/MAP. RESULTS: Histamine vasodilation was reduced in cold skin. Cetirizine shifted the histamine dose-response at both temperatures: statistically significantly at 14 degrees C only. Combined H1- and H2-receptor antagonism shifted the response significantly at both temperatures. CONCLUSIONS: H1- and H2-receptors mediate histamine-induced skin vasodilation. The sensitivity of these receptors, particularly the H1- receptor, is attenuated at low skin temperature. Whether the reduced effect in cold skin represents specific receptor or postreceptor desensitization, or nonspecific attenuation of cutaneous vasodilation remains to be elucidated.",0
W2076722766,Double-Blind Comparison of Cetirizine and Loratadine in Children Ages 2 to 6 Years with Perennial Allergic Rhinitis,"Antihistamines are the pharmacologic cornerstone of treatment for allergic rhinitis. The comparative effects of the newer, more specific H (1) -antagonists cetirizine and loratadine among younger patients are not well characterized. The efficacy and safety of cetirizine and loratadine were compared in a prospective, randomized, double-blind, longitudinal, parallel-group study of 80 children, 2 to 6 years of age, with perennial allergic rhinitis caused by house dust mites or plant pollens (verified by a radioallergosorbent or skin test). Patients received cetirizine or loratadine at 0.2 mg/kg once daily in the morning for 28 days. Histamine skin tests and eosinophil counts from nasal smears were performed at baseline and at the end of treatment. Individual rhinitis symptoms were assessed by the investigator at baseline and on day 28 and by parents at baseline and daily in symptom diaries. Global assessments were made by using a visual analog scale at baseline and at the end of treatment. Cetirizine produced significantly greater inhibition of the wheal response compared with loratadine (P <.0001). Eosinophil counts were improved to a comparable degree with both agents. Cetirizine and loratadine produced comparable improvements in symptoms and according to a global evaluation as assessed by the investigator at the end of treatment. Both agents produced substantial symptomatic relief according to patients' daily diary assessments; however, cetirizine was more effective than loratadine in relieving the symptoms of rhinorrhea, sneezing, nasal obstruction, and nasal pruritus (P <. 0001). Both treatments were well tolerated; two patients receiving cetirizine were dropped from the study because of adverse events. Cetirizine and loratadine provided effective, well-tolerated relief of the symptoms of perennial allergic rhinitis in small children. Cetirizine was more effective than loratadine in inhibiting the wheal response to histamine challenge and afforded greater reductions in most individual symptoms assessed daily by the parent.",1
W2017009033,"A double‐blind, single‐dose, crossover comparison of cetirizine, ebastine, epinastine, fexofenadine, terfenadine, and loratadine versus placebo: suppression of histamine‐induced wheal and flare response for 24 h in healthy male subjects","BACKGROUND: New H1-antagonists have become available, but there has been no comparison of their potency for inhibiting histamine in the skin. METHODS: Cetirizine 10 mg, ebastine 10 mg, epinastine 20 mg, fexofenadine 60 mg, terfenadine 60 mg, loratadine 10 mg, or placebo was given to 14 healthy male volunteers in a double-blind, crossover randomized manner. Inhibition of the wheal and flare response to epicutaneous histamine phosphate (100 mg/ml) challenge was measured at 0, 0.5, 1, 2, 4, 6, 8, 10, 12, and 24 h after doses. RESULTS: Epinastine inhibited the wheal and flare after 30 min. Cetirizine commenced acting at 1 h and was superior to other treatments. Ebastine was no better than placebo until 4 h, but was efficacious thereafter until 24 h. Terfenadine induced potent inhibition after 1 h and was superior to its metabolite fexofenadine. Loratadine was the least potent inhibitor. Inhibition of the flare response paralleled the patterns seen for wheals. The rank order for area under the curve (0-24 h) was cetirizine, epinastine, terfenadine, ebastine, fexofenadine, loratadine, and placebo. CONCLUSIONS: The inhibition of histamine effects in the skin may be useful in predicting the clinical utility of newly introduced antihistamines in treating allergic disorders.",0
W2209912845,Comparison of the response to histamine challenge of the nose and the maxillary sinus: effect of loratadine,"To study the response of the maxillary sinus to histamine provocation, we performed a double-blind, randomized, crossover trial during which nonallergic subjects without symptoms of rhinitis (n = 25) received either 10 mg loratadine or placebo once daily for a week and then underwent nasal challenge with histamine (3, 10, and 30 mg/ml) followed, 24 h later, by a maxillary sinus challenge while still receiving the medication. Nasal challenge with histamine led to significant increases in vascular permeability, reflex nasal secretions, sneezing, and other nasal symptoms. Sinus challenge resulted in significant increases in vascular permeability within the sinus cavity (P < 0.01) and some nasal symptoms but no significant change in reflex nasal secretions. The response of the sinus mucosa to histamine was lower in magnitude than that of the nose. Treatment with loratadine resulted in a significant inhibition of the histamine-induced changes in both nasal and sinus cavities. Our data suggest the lack of a sinonasal reflex response to histamine provocation of the maxillary sinus of nonallergic individuals.",0
W1963517446,Clinical Pharmacokinetics of Troglitazone,,0
W2039888942,Consistency and efficacy of cetirizine (10 mg) versus ebastine (20 mg) at 4 h on skin reactivity,,0
W4300599980,"Fexofenadine: new preparation. Terfenadine, without cardiotoxicity.","(1) Fexofenadine, a non anticholinergic non sedative antihistamine, is available in France for oral treatment of allergic rhinitis and chronic urticaria. (2) Fexofenadine is actually an active metabolite of terfenadine, a drug taken off the market because of its cardiotoxicity. (3) In seasonal allergic rhinitis a comparative trial showed that the effect of fexofenadine (120 mg/day in a single intake) was moderate and not different from that of cetirizine. (4) In chronic urticaria a dose-finding study showed that the optimal oral dose of fexofenadine was 180 mg/day. The lack of comparative trials means that the efficacy of fexofenadine in relation to other antihistamines is not known. (5) Fexofenadine seems to be well tolerated. Animal studies and limited clinical experience have failed to detect any cardiotoxicity.",0
W1992698715,"A Prospective Evaluation of Esophageal Testing and A Double-Blind, Randomized Study of Omeprazole in A Diagnostic and Therapeutic Algorithm for Chronic Cough","OBJECTIVE: Recent studies suggest an association between chronic cough and gastroesophageal reflux. Our study aims were 1) to define the prevalence of acid reflux induced cough in the general community, 2) to examine the ability of esophageal testing to identify gastroesophageal reflux related cough, and 3) to assess the utility of omeprazole in a chronic cough algorithm. METHODS: Patients with chronic cough of unknown etiology, who were mostly from the community, were evaluated. Subjects underwent a chest x-ray, methacholine challenge test, and empiric trial of postnasal drip therapy, and completed daily cough symptom diaries subjectively evaluating cough frequency and severity on a graded scale of 0-4 (combined maximum 8). After excluding other causes of cough, the remaining patients underwent esophageal and pH testing. Those testing positive were randomized to omeprazole 40 mg b.i.d. or placebo for 12 weeks. Follow-up was 1 yr. RESULTS: A total of 71 patients were screened; 48 were excluded. Twenty-three patients were evaluated for gastroesophageal reflux disease; six (26%) were eventually determined to have an acid-related cough. Of these patients, 17 had a positive pH test, six (35%) of whom showed a striking improvement or resolution of their cough during omeprazole treatment which was sustained for up to 1 yr. Six had a negative pH test, none of whom responded to omeprazole therapy. No significant differences were seen between responders (n = 6) and nonresponders (n = 11) for demographic factors, baseline symptom frequency and duration, or physiological parameters (motility/pH). CONCLUSIONS: Acid-related chronic cough was present in 26% (six of 23) of patients evaluated for gastroesophageal reflux disease. Esophageal testing does not reliably identify patients with acid induced chronic cough responsive to proton pump inhibitor therapy. We suggest that the best diagnostic and therapeutic approach, after excluding asthma and postnasal drip syndrome, is empiric treatment for 2 wk with a high dose proton pump inhibitor.",0
W1999174354,An Evidence-Based Review of the Efficacy of Antihistamines in Relieving Pruritus in Atopic Dermatitis,"OBJECTIVE: To critically review the body of clinical trials that refute or support the efficacy of antihistamines in relieving pruritus in patients with atopic dermatitis. DESIGN: Review of MEDLINE from 1966 through March 1999, the Cochrane Database of Systematic Reviews, and Best Evidence to identify therapeutic trials of antihistamines in patients with atopic dermatitis. MAIN OUTCOME MEASURES: All randomized controlled trials or clinical trials of antihistamines used in the treatment of atopic dermatitis. We found 16 studies throughout the literature. RESULTS: Large, randomized, double-blind, placebo-controlled clinical trials with definitive conclusions (grade A trials) have not been performed. Two grade B trials (small, rigorous, randomized trials with uncertain results due to moderate to high alpha or beta error) refuted the use of antihistamines in relieving pruritus. One grade B trial supported the efficacy of antihistamines in relieving pruritus. All remaining trials (grade C) lacked placebo controls or randomization, or contained fewer than 20 patients in each treatment group. CONCLUSIONS: Although antihistamines are often used in the treatment of atopic dermatitis, little objective evidence exists to demonstrate relief of pruritus. The majority of trials are flawed in terms of the sample size or study design. Based on the literature alone, the efficacy of antihistamines remains to be adequately investigated. Anecdotally, sedating antihistamines have sometimes been useful by virtue of their soporific effect and bedtime use may be warranted. There is no evidence to support the effectiveness of expensive nonsedating agents.",0
W2394677085,"Inhibition of histamine or allergen-induced wheals by a single dose of acrivastine, fexofenadine or cetirizine.","Certirizine, a potent H1-blocking agent, is often recommended as an emergency drug in anaphylactic reactions because of its well documented fast onset of action. In this randomized, cross-over study we compared the onset of action after a single dose of two recently introduced antihistamines, acrivastine and fexofenadine, with that of cetirizine. The inhibition of the wheal-and-flare reaction produced by skin prick test with histamine in 20 healthy volunteers and with a relevant pollen allergen in 20 atopic patients, respectively, were measured before and at regular intervals up to 60 min after the ingestion of acrivastine (8 mg and 16 mg), fexofenadine (120 mg) and cetirizine (10 mg and 20 mg). Wheal-and-flare reaction were significantly inhibited 20 min after the intake of 16 mg acrivastine in atopic patients and 30 min after intake of 8 mg acrivastine in healthy volunteers, whereas cetirizine produced a significant inhibition of the wheal-and-flare reaction within 40-60 min. No significant inhibition could be observed within 60 min after fexofenadine intake. Therefore, in clinical settings when a fast onset of the H1-blocking action is mandatory (e.g., after insect stings or for short-term prophylaxis) we recommend acrivastine.",1
W2117394690,"Effects of Fexofenadine, Diphenhydramine, and Alcohol on Driving Performance","BACKGROUND: Sedating antihistamines may impair driving performance as seriously as alcohol. OBJECTIVE: To compare the effects of fexofenadine, diphenhydramine, alcohol, and placebo on driving performance. DESIGN: Randomized, double-blind, double-dummy, four-treatment, four-period crossover trial. SETTING: The Iowa Driving Simulator. PARTICIPANTS: 40 licensed drivers with seasonal allergic rhinitis who were 25 to 44 years of age. INTERVENTION: One dose of fexofenadine (60 mg), diphenhydramine (50 mg), alcohol (approximately 0.1% blood alcohol concentration), or placebo, given at weekly intervals before participants drove for 1 hour in the Iowa Driving Simulator. MEASUREMENTS: The primary end point was coherence, a continuous measure of participants' ability to match the varying speed of a vehicle that they were following. Secondary end points were drowsiness and other driving measures, including lane keeping and response to a vehicle that unexpectedly blocked the lane ahead. RESULTS: Participants had significantly better coherence after taking alcohol or fexofenadine than after taking diphenhydramine. Lane keeping (steering instability and crossing the center line) was impaired after alcohol and diphenhydramine use compared with fexofenadine use. Mean response time to the blocking vehicle was slowest after alcohol use (2.21 seconds) compared with fexofenadine use (1.95 seconds). Self-reported drowsiness did not predict lack of coherence and was weakly associated with minimum following distance, steering instability, and leftlane excursion. CONCLUSIONS: Participants had similar performance when treated with fexofenadine or placebo. After alcohol use, participants performed the primary task well but not the secondary tasks; as a result, overall driving performance was poorer. After participants took diphenhydramine, driving performance was poorest, indicating that diphenhydramine had a greater impact on driving than alcohol did. Drowsiness ratings were not a good predictor of impairment, suggesting that drivers cannot use drowsiness to indicate when they should not drive.",0
W2036720352,Nonsedating Antihistamines Should Be Preferred over Sedating Antihistamines in Patients Who Drive,"Editorials7 March 2000Nonsedating Antihistamines Should Be Preferred over Sedating Antihistamines in Patients Who DriveSean Hennessy, PharmD, MSCE and Brian L. Strom, MD, MPHSean Hennessy, PharmD, MSCEUniversity of Pennsylvania School of Medicine; Philadelphia, PA 19104-6021 (Hennessy)University of Pennsylvania School of Medicine; Philadelphia, PA 19104-6021 (Strom)Search for more papers by this author and Brian L. Strom, MD, MPHUniversity of Pennsylvania School of Medicine; Philadelphia, PA 19104-6021 (Hennessy)University of Pennsylvania School of Medicine; Philadelphia, PA 19104-6021 (Strom)Search for more papers by this authorAuthor, Article, and Disclosure Informationhttps://doi.org/10.7326/0003-4819-132-5-200003070-00011 SectionsAboutFull TextPDF ToolsAdd to favoritesDownload CitationsTrack CitationsPermissions ShareFacebookTwitterLinkedInRedditEmail Allergic rhinitis is very common, affecting approximately 16% of the U.S. population (1). Although therapy with intranasal corticosteroids and intranasal cromolyn has gained acceptance in recent years (2), antihistamines (H1-receptor antagonists) remain the first-line treatment. The possible differential effects of sedating compared with nonsedating antihistamines on driving performance and the risk for motor vehicle crashes represent an important consideration in choosing between the two categories of agents in patients who drive.In this issue, Weiler and colleagues (3) report on a study in which they used a driving simulator to compare the effects of various agents on measures of driving ...References1. Malone DC, Lawson KA, Smith DH, Arrighi HM, Battista C. A cost of illness study of allergic rhinitis in the United States. J Allergy Clin Immunol. 1997;99:22-7. MedlineGoogle Scholar2. Dykewicz MS, Fineman S, Skoner DP, Nicklas R, Lee R, Blessing-Moore J, et al . Diagnosis and management of rhinitis: complete guidelines of the Joint Task Force on Practice Parameters in Allergy, Asthma and Immunology. American Academy of Allergy, Asthma, and Immunology. Ann Allergy Asthma Immunol. 1998;81:478-518. CrossrefMedlineGoogle Scholar3. Weiler JM, Bloomfield JR, Woodworth GG, Grant AR, Layton TA, Brown TL, et al . Effects of fexofenadine, diphenhydramine, and alcohol on driving performance. A randomized, placebo-controlled trial in the Iowa Driving Simulator. Ann Intern Med. 2000;132:354-63. LinkGoogle Scholar4. Adelsberg BR. Sedation and performance issues in the treatment of allergic conditions. Arch Intern Med. 1997;157:494-500. CrossrefMedlineGoogle Scholar5. Gengo FM, Manning C. A review of the effects of antihistamines on mental processes related to automobile driving. J Allergy Clin Immunol. 1990;86:1034-9. CrossrefMedlineGoogle Scholar6. O'Hanlon JF. Antihistamines and driving safety. Cutis. 1988;42:10-3. MedlineGoogle Scholar7. O'Hanlon JF, Ramaekers JG. Antihistamine effects on actual driving performance in a standard test: a summary of Dutch experience, 1989-94. Allergy. 1995;50:234-42. CrossrefMedlineGoogle Scholar8. Passalacqua G, Scordamaglia A, Ruffoni S, Parodi MN, Canonica GW. Sedation from H1 antagonists: evaluation methods and experimental results. Allergol Immunopathol Madr. 1993;21:79-83. MedlineGoogle Scholar9. Ramaekers JG. Behavioural toxicity of medicinal drugs. Practical consequences, incidence, management and avoidance. Drug Saf. 1998;18:189-208. CrossrefMedlineGoogle Scholar10. Ray WA, Thapa PB, Shorr RI. Medications and the older driver. Clin Geriatr Med. 1993;9:413-38. CrossrefMedlineGoogle Scholar11. Seppala T, Linnoila M, Mattila MJ. Drugs, alcohol and driving. Drugs. 1979;17:389-408. CrossrefMedlineGoogle Scholar12. Simons FE. H1-receptor antagonists. Comparative tolerability and safety. Drug Saf. 1994;10:350-80. CrossrefMedlineGoogle Scholar13. Ray WA, Fought RL, Decker MD. Psychoactive drugs and the risk of injurious motor vehicle crashes in elderly drivers. Am J Epidemiol. 1992;136:873-83. CrossrefMedlineGoogle Scholar14. Leveille SG, Buchner DM, Koepsell TD, McCloskey LW, Wolf ME, Wagner EH. Psychoactive medications and injurious motor vehicle collisions involving older drivers. Epidemiology. 1994;5:591-8. CrossrefMedlineGoogle Scholar15. Spaeth J, Klimek L, Mosges R. Sedation in allergic rhinitis is caused by the condition and not by antihistamine treatment. Allergy. 1996;51:893-906. CrossrefMedlineGoogle Scholar Author, Article, and Disclosure InformationAuthors: Sean Hennessy, PharmD, MSCE; Brian L. Strom, MD, MPHAffiliations: University of Pennsylvania School of Medicine; Philadelphia, PA 19104-6021 (Hennessy)University of Pennsylvania School of Medicine; Philadelphia, PA 19104-6021 (Strom)Grant Support: By the National Institute on Aging (R01 AG14601).Current Author Addresses: Dr. Hennessy: University of Pennsylvania, 803 Blockley Hall, Philadelphia, PA 19104-6021.Dr. Strom: University of Pennsylvania, 823 Blockley Hall, Philadelphia, PA 19104-6021. PreviousarticleNextarticle Advertisement FiguresReferencesRelatedDetailsSee AlsoEffects of Fexofenadine, Diphenhydramine, and Alcohol on Driving Performance John M. Weiler , John R. Bloomfield , George G. Woodworth , Angela R. Grant , Teresa A. Layton , Timothy L. Brown , David R. McKenzie , Thomas W. Baker , and Ginger S. Watson Drug Effects on Driving Performance Thomas H. Lee , Jessica Dudley , and Harold J. Demonaco Metrics Cited byDo pharmacists counsel customers about the effects of sedating antihistamines on driving skills? A survey of community pharmacies in Saudi ArabiaKomplikationen und Nebenwirkungen bei konservativer Therapie rhinologischer ErkrankungenAntihistaminesThe diagnosis and management of acute and chronic urticaria: 2014 updatePharmacoepidemiologyDrugs and drivingAntihistaminesSecond-Generation AntihistaminesImplications of a switch from prescription to over-the-counter status for allergy drugsAeroallergens, allergic rhinitis, and sedating antihistamines: Risk factors for traumatic occupational injury and economic impactA comparison of the effect of diphenhydramine and desloratadine on vigilance and cognitive function during treatment of ragweed-induced allergic rhinitisArzneimittel und Teilnahme am StraßenverkehrThe real-world risk of taking sedating antihistaminesIncreased risk of serious injury following an initial prescription for diphenhydramineAntihistamines (H1 receptor antagonists)Drug Effects on Driving PerformanceThomas H. Lee, MD, Jessica Dudley, MD, and Harold J. Demonaco, MSCurrent AwarenessPharmacoepidemiology 7 March 2000Volume 132, Issue 5Page: 405-407KeywordsAlcoholsAllergic rhinitisAntihistaminesCorticosteroid therapyDrugsLoratadineMotor vehicle crashesRelative riskRisk managementSedation ePublished: 15 August 2000 Issue Published: 7 March 2000 Copyright & PermissionsCopyright © 2000 by American College of Physicians. All Rights Reserved.PDF downloadLoading ...",0
W2170379593,Comparative therapeutic effect and safety of mizolastine and loratadine in chronic idiopathic urticaria. URTILOR study group.,"Mizolastine, a new second-generation H1 receptor antagonist with additional anti-allergic properties, was compared with loratadine in 61 patients suffering from severe chronic idiopathic urticaria (CIU). In this double-blind study, patients were randomly allocated to receive either mizolastine 10 mg (n = 26) or loratadine 10 mg (n = 35) once-daily for 28 days. Both compounds were well tolerated, safe and efficacious. The reduction in the number of episodes per week (5. 6+/-16.3 and 6.4+/-12.4 for mizolastine and loratadine, respectively) and the reduction in the symptom severity score, measured using a Visual Analogue Scale (VAS), were comparable (30.2 +/- 39.0 mm and 30.5 +/- 28.5 mm for mizolastine and loratadine, respectively). Mizolastine had a positive effect on angioedema (85% CI 95% [0.69-1.00]) of patients improved compared with 75% (CI 95% [0.59-0.91]) of the loratadine group and the differential reduction of the mean total duration of episodes in the mizolastine group was higher when compared with the loratadine group (from 13.7 +/- 33.5 hours on day 0 to 5.1 +/- 9.0 hours over the treatment period and from 8.2 +/- 8.8 hours on day 0 to 5.1 +/- 7.8 hours over the treatment period for mizolastine and loratadine, respectively). Prick test analysis demonstrated that both drugs caused a significant decrease of histamine-induced wheal and flare with no development of tolerance, with a significant superiority of mizolastine over loratadine for some histamine concentrations. Mizolastine and loratadine both proved very efficacious and safe. In addition mizolastine demonstrated a superiority in prick tests, beneficial effects on angioedema and seemed to provide a faster onset of action.",0
W2189458002,Modification of antihistaminic activity of cetirizine by nimesulide.,"OBJECTIVE: To study the effect of nimesulide (4-nitro-2-phenoxymethane sulfonanilide) a non-steroidal anti-inflammatory drug, on antihistaminic activity of cetirizine. METHOD: A randomized, double blind, cross over study was conducted in ten healthy male volunteers. Wheal and flare responses to histamine were measured by performing intradermal injection of histamine (2 micrograms base) diluted in 100 microliters volume of saline on the volar surface of forearm, on four occasions (0, 2, 4, and 6 hrs. post-dosing). Each volunteer was randomized to receive either treatment A (cetirizine 10 mg + placebo) or treatment B (cetirizine 100 mg + nimesulide 100 mg), with one week wash out period in between each administration. Wheal and flare responses were measured ten minutes after each histamine injection. RESULTS: Both cetirizine 10 mg alone and cetirizine 10 mg + nimesulide 100 mg, decreased wheal and flare responses significantly at 2 hrs. and this continued till 6 hrs. post-dosing. This decrease was highly significant when cetirizine was given along with nimesulide. CONCLUSION: The results suggest a synergistic effect exhibited by the combined use of cetirizine with nimesulide.",0
W207648753,Double-blind study of cetirizine and loratadine versus placebo in patients with allergic rhinitis.,"The aim of this double-blind study was to evaluate the effectiveness of cetirizine and loratadine versus placebo in patients with allergic rhinitis. The study included a total of 90 patients suffering from moderate to severe allergic rhinitis as determined by a symptom score, with hypersensitivity to house mites and with high IgE. The study lasted 7 weeks, including 1 for pretreatment, 4 for treatment and 2 posttreatment (washout). During the study, each patient received either one tablet of placebo, 10 mg of cetirizine or 10 mg of loratadine daily. The evaluation was carried out by rhinomanometry to analyze the symptoms on days 1, 15, 29 and 43. The nasal cytology was analyzed on days 1 and 29. For statistical analysis we used the Mantel-Haenszel method and chi-square test. We found that antihistamines showed good effectiveness in improving the symptomatology in patients with allergic rhinitis. The improvement by rhinomanometry and by symptom score versus placebo was good. It was concluded that both antihistamines were significantly superior to placebo and that cetirizine performed better in comparison to loratadine versus placebo, although not as statistically significant.",0
W2017662463,"House‐dust‐mite sublingual‐swallow immunotherapy (SLIT) in perennial rhinitis: a double‐blind, placebo‐controlled study","BACKGROUND: The safety and efficacy of sublingual-swallow immunotherapy (SLIT) in rhinitis caused by house-dust mite were evaluated in a double-blind, placebo-controlled study including 75 patients for 24 months. METHODS: Patients received either placebo or SLIT with a standardized Dermatophagoides pteronyssinus (D.pt.) - D. farinae (D.f) 50/50 extract. The mean cumulative dose was 90,000 IR, equivalent to 2.2 mg of Der p 1 and 1.7 mg of Der f I. Symptom and medication scores were assessed throughout the study. Exposure to house-dust mite, skin sensitivity, and serum specific IgE and IgG4 were assessed before starting treatment and after 12 and 24 months. RESULTS: Seventy-two patients (36 active-36 placebo) were eligible for intent-to-treat analysis. Thirty-six patients dropped out of the study. The number of patients who dropped out due to lack of efficacy was eight out of 37 (21.6%) in the active treatment group compared to 15 out of 38 (39.5%) in the placebo group (chi-square=2.81, P=0.09). Total symptom and medication scores decreased significantly after 12 and 24 months (P<0.05) of treatment in both groups, but no significant difference was observed between the active and placebo groups. After 24 months, the number of patients with high levels of indoor allergenic load decreased significantly in both groups compared to baseline data (P=0.01). Specific IgE (D.pt. and D.f.) increased significantly in the active treatment group after 12 and 24 months, while no change was observed in the placebo group. Specific IgG4 levels were not significantly modified in either group. Two patients in each group reported mild adverse effects. No severe adverse effects were reported. CONCLUSIONS: We conclude that SLIT in rhinitis caused by house-dust mite was safe, but there was a lack of consistent clinical benefit compared to placebo, probably due to the impact of the allergen avoidance measures that lowered the allergen burden.",0
W1588576723,"Sedation with ""non-sedating"" antihistamines: four prescription-event monitoring studies in general practice Commentary: Reporting of adverse events is worth the effort","# Sedation with “non-sedating” antihistamines: four prescription-event monitoring studies in general practice {#article-title-2} Objectives: To investigate the frequency with which sedation was reported in post-marketing surveillance studies of four second generation antihistamines: loratadine, cetirizine, fexofenadine, and acrivastine. Design: Prescription-event monitoring studies. Setting: Prescriptions were obtained for each cohort in the immediate post-marketing period. Subjects: Event data were obtained for a total of 43 363 patients. Main outcome measure: Reporting of sedation or drowsiness. Results: The odds ratios (adjusted for age and sex) for the incidence of sedation were 0.63 (95% confidence interval 0.36 to 1.11; P=0.1) for fexofenadine; 2.79 (1.69 to 4.58; P<0.0001) for acrivastine, and 3.53 (2.07 to 5.42; P<0.0001) for cetirizine compared with loratadine. No increased risk of accident or injury was evident with any of the four drugs. Conclusions: Although the risk of sedation was low with all four drugs, fexofenadine and loratadine may be more appropriate for people working in safety critical jobs. # Commentary: Reporting of adverse events is worth the effort {#article-title-11}",0
W172522551,"Loratadine/Pseudoephedrine for Nasal Symptoms in Seasonal Allergic Rhinitis: A Double-Blind, Placebo-Controlled Study","In this double-blind, placebo-controlled, crossover, parallel study, we treated 20 adults who had seasonal allergic rhinitis with once-daily fixed-combination loratadine/pseudoephedrine sulfate to observe its effect on relieving symptoms, primarily nasal congestion. Acoustic rhinometry detected a trend toward improvement in nasal patency, although the difference between pre- and post-treatment measures was not statistically significant. Endoscopic inferior turbinate photography documented that treatment led to statistically significant reductions in the amount of nasal edema and nasal secretions. The results of a quality-of-life questionnaire suggested that treatment alleviated nasal and ocular symptoms of rhinoconjunctivitis. An analysis of subjective visual analog scale scores showed a trend toward improvement in most but not all nasal symptoms. We conclude that once-a-day fixed-combination loratadine/pseudoephedrine is effective in relieving nasal congestion in patients with seasonal allergic rhinitis.",0
W2024596729,Montelukast,,0
W2045741622,Pharmacokinetics and pharmacodynamics of the novel H 1 -receptor antagonist emedastine in healthy volunteers,,0
W1979611188,"Reduction of side‐effects from ultrarush immunotherapy with honeybee venom by pretreatment with fexofenadine:a double‐blind, placebo‐controlled trial","BACKGROUND: Immunotherapy with Hymenoptera venoms is highly effective but causes allergic side-effects frequently, especially when honeybee venom is used. Therefore, our objective was to investigate the effect of pretreatment with the antihistamine fexofenadine on the incidence of allergic side-effects during ultrarush immunotherapy with bee venom. METHODS: In a double-blind, placebo-controlled trial, 57 patients with a history of systemic allergic reactions to honeybee stings and positive diagnostic tests (skin tests, serum specific IgE to honeybee venom) were investigated. Bee venom immunotherapy was started with an ultrarush protocol and patients were randomized to pretreatment with either fexofenadine 180 mg or placebo on days 1, 8, 22, and 50 of the protocol. Local and systemic allergic side-effects were registered. RESULTS: Fifty-four patients completed the study, 28 on fexofenadine and 26 on placebo pretreatment. On day 1, large local reactions were significantly reduced in both extension and duration by fexofenadine pretreatment (P<0.025). Systemic allergic side-effects on the whole were not reduced. However, the symptoms pruritus, urticaria, and angioedema occurred less frequently with fexofenadine (P<0.05). CONCLUSIONS: Pretreatment with fexofenadine during venom immunotherapy reduces local allergic reactions and generalized symptoms of the urticaria and angioedema type.",0
W1588038068,[Projection of new antihistamines].,"The metabolic fate of most antihistamines is not clearly established. The drugs usually appear to be extensively metabolized,mainly in the liver. Some second generation antihistamines are metabolized principally by the cytochrome P-450 microsomal enzyme system, mainly by the isoenzyme 3A4 (CYP3A4), although other isoenzyme,including CYP1A2 and CYP2D6, also may be involved. However,other second generation antihistamines appear to be only minimally metabolized in the liver. Serious cardiac effects (prolongation of the QT interval, arrhythmias, torsades de pointes, ventricular fibrillation, arrest, hypotension, palpitations, syncope, dizziness, and/or death) have been reported rarely in patients receiving terfenadine or astemizole. Cardiotoxic effects ussually were associated with higher than recommended dosages and/or increased plasma concentrations of the drugs and their active metabolites. No clinically important adverse effects or changes in the QT intervals were reported after concomitant administration of ketoconazole with fexofenadine. Patients receiving an azole, antifungal, a macrolide, quinine or grapefruit juice also appear to be at substantial risk of such toxicity, probably secondary to interference with metabolism of the antihistamine. Second-generation H1 receptor antagonist have been studied extensively in the treatment of asthma. Many of these drugs have been reported to inhibit eosinophil and basophil chemotaxis and therefore might have an effect on the inflammatory reactions that characterise this disease. Safe use of antihistamines during pregnancy has not been established; therefore, the drugs should not be used in women who are or may become pregnant unless the potential benefits justify the possible risks to the fetus. Antihistamines should not be administered to premature or full-term neonates. Young children may be more susceptible than adults to the toxic effects of antihistamines.",0
W2050786902,Loratadine versus cetirizine: Assessment of somnolence and motivation during the workday,,0
W2014226966,"The pharmacokinetics, electrocardiographic effects, and tolerability of loratadine syrup in children aged 2 to 5 years",,0
W118166721,Further improvement of quality of life by cetirizine in perennial allergic rhinitis as a function of treatment duration.,"The SF-36 Health Status Questionnaire is a generic quality of life questionnaire based on 36 questions selected to represent nine health concepts. Perennial allergic rhinitis is a disease which causes variable restrictions on the physical, psychological and social aspects of patients' lives. According to the SF-36 questionnaire assessment, quality of life is impaired in these patients. Cetirizine, a potent, reliable histamine H1-receptor antagonist, has already been found to induce significant improvement in the quality of life of patients with chronic rhinitis, as assessed by the same SF-36 questionnaire after 1 and 6 weeks of treatment. This paper further investigates the extent to which cetirizine continues to improve quality of life after a long-term treatment (6 weeks) compared to a shorter treatment (1 week). The analyses show that, despite the significant improvement found after 1 week of treatment with cetirizine compared to placebo, a further 5-week course of therapy not only maintains this improvement but continues to enhance quality of life significantly above and beyond this.",0
W2048677744,Cetirizine and Loratadine: A Comparison Using the ED <sub>50</sub> in Skin Reactions,"To quantify objectively the comparative potencies of the antihistamines, loratadine and cetirizine, we determined the dose that inhibits histamine-induced skin reactions by 50% of the maximum response (ED50) for each drug. Cetirizine at 2.5, 5 or 10 mg, loratadine at 10, 20 or 40 mg or placebo were given to 14 healthy female subjects in a randomized double-blind crossover design. Inhibition of the wheal and flare response to the histamine prick test (10, 100 and 500 mg/ml) was evaluated. Depending on the histamine concentrations, the ED50s for wheals were in the ranges 4.3 - 4.7, 2.1 - 2.2 and 1.7 - 1.9 mg cetirizine, 2, 4 and 6 h after dosing, respectively. For loratadine, the ED50 for wheals were in the ranges 35.6 - > 40, 9.1 - 24.1 and 9.1 - 13.9 mg, 2, 4 and 6 h after dosing, respectively. Calculation of the ED50 demonstrated that, on average, cetirizine is seven to nine times more potent than loratadine at inhibiting wheal and flare reactions.",0
W1976899190,Loratadine in the treatment of mosquito‐bite‐sensitive children,"BACKGROUND: Children frequently experience harmful whealing and delayed papules from mosquito bites. Whealing is mediated by antisaliva IgE antibodies and histamine, but the effect of antihistamines on mosquito-bite symptoms has not been evaluated in children. METHODS: The effect of loratadine (0.3 mg/kg) was examined in 28 mosquito-bite-sensitive children (aged 2-11 years). The double-blind, placebo-controlled, crossover study was performed with exposure to Aedes aegypti laboratory mosquitoes. The size of the bite lesion and the intensity of pruritus (visual analog scale) were measured at 15 min and at 2, 6, and 24 h. RESULTS: Loratadine decreased the size of the wheals by 45% (P < 0.001, 25 children) and accompanying pruritus by 78% (P = 0.011, 12 children) at 15 min compared to placebo. The size of the 24-h delayed bite lesion also decreased significantly (P = 0.004), but there was no change at 2 or 6 h. Loratadine was well tolerated and no marked side-effects were recorded. CONCLUSIONS: This study in children shows that prophylactically given loratadine decreases significantly the whealing and pruritus caused by mosquito bites and also reduces the size of the 24-h bite lesions. Therefore, the therapeutic profile of loratadine extends from immediate to delayed allergic symptoms in mosquito-bite-sensitive children.",0
W3187323714,Nitrate intolerance,,0
W1579393340,Hypersensitivity to H<sub>1</sub>‐antihistamines,,0
W2053396032,Choice of Antihistamines for Urticaria,,0
W1991717275,Efficacy and tolerability of loratadine versus fexofenadine in the treatment of seasonal allergic rhinitis: A double-blind comparison with crossover treatment of nonresponders,,1
W1976551703,Randomized double-blind study of cyclosporin in chronic ‘idiopathic’ urticaria,"BACKGROUND: Histamine-releasing activity (HRA) is detectable in up to 50% of patients with chronic ordinary urticaria. OBJECTIVES: To determine the effect of cyclosporin on clinical features and HRA in patients with chronic urticaria. METHODS: Thirty patients with severe unremitting disease, responding poorly to antihistamines and showing a positive autologous serum skin test (ASST) as a marker of HRA, were randomized to 4 mg kg-1 daily of cyclosporin (Sandimmun, n = 20) or placebo (n = 10) for 4 weeks. Non-responders were offered open-label cyclosporin for 4 weeks. All were followed for up to 20 weeks or until clinical relapse; all took cetirizine 20 mg daily throughout the study. The primary measure of efficacy was a daily urticaria activity score (UAS) of weal numbers and itch (maximum score 42 per week). A positive response was defined as a reduction to < 25% of baseline weekly UAS and relapse as a return to > 75%. The effect of cyclosporin on serum HRA was assessed by in vitro basophil histamine release assays and ASSTs before and after treatment. RESULTS: Twenty-nine patients (19 active, 10 controls) completed the randomized trial medication. Eight of 19 on active treatment but none on placebo had responded at 4 weeks (P < 0.05). Three others on active drug met the criterion for response at 2 weeks but not at 4 weeks. Mean reduction in UAS between weeks 0 and 4 was 12.7 (95% confidence interval, CI 6.6-18.8) for active and 2.3 (95% CI - 3.3-7.9) for placebo (P = 0.005). Seventeen non-responders (seven randomized to active and 10 to placebo) chose open-label cyclosporin and 11 responded after 4 weeks. Six of the eight randomized active drug responders relapsed within 6 weeks. Of the 19 responders to randomized and open-label cyclosporin, five (26%) had not relapsed by the study end-point. Mean in vitro serum HRA fell from 36% (95% CI 22-49%) to 5% (95% CI 1-8%) after cyclosporin treatment (n = 11, P < 0.0001). The ASST response to post-treatment serum was also reduced (P < 0.05). CONCLUSIONS: This study shows that cyclosporin is effective for chronic urticaria and provides further evidence for a role of histamine-releasing autoantibodies in the pathogenesis of this chronic 'idiopathic' disease.",0
W1968329852,Clinical and pathologic methods to assess the long‐term safety of nasal corticosteroids,"BACKGROUND: The main objective of this long-term prospective local safety study was to evaluate endoscopic and histologic changes in nasal epithelium after 6-month treatment with triamcinolone acetonide (TAA). We describe here a method to measure quantitatively epithelium thickness. Results were compared with those seen with the use of cetirizine (an antihistamine) and another oral intranasal corticosteroid, beclomethasone dipropionate (BDP). METHODS: Patients were examined by an ENT specialist who first performed an endoscopic evaluation of the nasal cavities, assessing any morphologic abnormalities and the aspect of the mucosa. Biopsies were taken from the inferior turbinate before and after 24 weeks of treatment. Biopsies were immediately fixed in cold acetone (-20 degrees C) and embedded in glycolmethacrylate; sections of 2 microm were cut on an ultramicrotome. Morphometric evaluations were done in a blinded fashion by computerized image analysis to measure an epithelial area over a minimum length of 50 microm. The thickness was ascertained by the ratio of area to length. RESULTS: 1) For all three treatment groups, the nasal epithelium thickness decreased slightly from pretreatment to the end of treatment. 2) No statistically significant differences between the three treatment groups were found in epithelium thickness. 3) Macroscopically, nasal tissues in all treated groups were normal. CONCLUSIONS: These results clearly indicate that long-term treatment with TAA has no atrophic effect on nasal mucosa.",0
W2121872020,"Montelukast, a Leukotriene Receptor Antagonist, in Combination With Loratadine, a Histamine Receptor Antagonist, in the Treatment of Chronic Asthma","BACKGROUND: Montelukast sodium, a potent, oral, specific leukotriene-receptor antagonist, has demonstrated clinical efficacy in the treatment of chronic asthma. Loratadine, a selective histamine type 1 (H(1))-receptor antagonist, has demonstrated antiallergic properties. Leukotriene-receptor antagonists given concomitantly with H(1)-receptor antagonists have been shown to have additive effects in the prevention of bronchospasm in antigen-challenge models. OBJECTIVE: To determine whether montelukast plus loratadine provides improved efficacy to montelukast alone in the treatment of chronic asthma. METHODS: The efficacy of montelukast alone vs montelukast-loratadine was studied in a 10-week, multicenter, randomized, double-blind, 2 x 2 crossover study. After a 2-week placebo run-in period, patients received montelukast sodium (10 mg) plus loratadine (20 mg), or montelukast sodium (10 mg) plus placebo once daily for 2 weeks. After a 2-week placebo washout period, patients were crossed over to receive 2 weeks of the other active treatment regimen, followed by another 2-week placebo washout period. RESULTS: Montelukast given concomitantly with loratadine caused significant improvement in percentage of change from baseline in forced expiratory volume in 1 second (FEV(1)) compared with montelukast alone (13.86% vs 9.72%; P =.001). The average additional effect of loratadine (least square mean difference in percentage of change from baseline in FEV(1)) was 4.15% (95% confidence interval, 1.65%-6.65%). Key secondary end points (mean daily beta-agonist use, daytime and nighttime symptom scores, morning and evening peak expiratory flow rate, and the Patient Global Evaluation) all showed significant improvement with montelukast-loratadine (P<.05). CONCLUSION: Montelukast-loratadine significantly improved end points of asthma control during a 2-week treatment period.",0
W4248182267,LORATADINE TOXICITY,,0
W2038900254,Short communication. Cetirizine inhibits bradykinin‐induced cutaneous wheal and flare in atopic and healthy subjects,"BACKGROUND: Kinins are vasoactive mediators involved in allergic reactions. When applied on the skin or in the nose, bradykinin (BK) elicits inflammation that is poorly affected by previous H1-blockade. The aim of this study was to compare the possible effect of cetirizine (an H1-antagonist) on wheal and flare responses to BK, histamine, and compound 48/80 in atopic and healthy subjects. METHODS: In a randomized, double-blind, crossover study, eight atopic and eight healthy subjects received cetirizine (10 mg/day) or placebo for 3 days before cutaneous tests. Intradermal tests (IDT) and prick tests (PT) were performed with BK (20 nmol/ml for IDT and 20 micromol/ml for PT), histamine (100 microg/ml IDT and 100 mg/ml PT), and compound 48/80 (100 microg/ml IDT and 100 mg/ml PT) as positive controls and saline as negative control. The skin responses were monitored by measurement of wheal and flare areas. RESULTS: BK, histamine, and 48/80 induced wheal and flare reactions in all placebo-treated subjects. Histamine elicited larger wheal and flare reactions than BK and 48/80. IDT with BK induced four- to six-fold larger wheal and flare reaction than PT. No differences in BK-induced wheal and flare were observed between atopic and healthy subjects. In atopic subjects, cetirizine induced a significant reduction of flare reactions after the BK test (80% for IDT, and 94% for PT [P<0.01]). Moreover, cetirizine reduced significantly BK-induced wheals by 70% for IDT (P<0.01) and 65% for PT (P<0.01). A similar inhibiting effect of cetirizine was also observed in healthy subjects. CONCLUSIONS: These findings showed that the wheal and flare reactions induced by BK challenge were markedly inhibited by previous intake of cetirizine. The mechanism by which this effect is mediated cannot be established at present.",0
W1531474084,"Macrolide – induced clinically relevant drug interactions with cytochrome P‐450A (CYP) 3A4: an update focused on clarithromycin, azithromycin and dirithromycin","The oxidative phase of the biotransformation of drugs is a function of hepatic or intestinal cytochromes P-450, also called the mixed-function oxidase system. Three families of cytochromes – CYP1, CYP2, and CYP3 – perform the oxidative metabolism of drugs in humans. Within these families, five isoforms – CYP 1A2, CYP 2C9, CYP 2C19, CYP 2D6, and CYP 3A4 – account for nearly all the side-effects related to drug interactions [1, 2]. The ability of macrolide antibiotics to interact with the biotransformation of some other drugs has been widely recognized, mostly with erythromycin and troleandomycin because these compounds have been marketed decades ago. Macrolides can induce their own hepatic biotransformation into nitrosoalkanes. These metabolites are derived from the metabolic oxidation of the –N(CH3)2 group of the antibiotic to the corresponding –NO group. Nitrosoalkanes subsequently form inactive CYP 3A4-iron-metabolite complexes ( Figure 1) resulting in inhibition of the CYP 3A4-mediated catalytic activity [3]. This mechanism accounts for most of the drug interactions produced by macrolides [4]. Metabolism of macrolides. Macrolides differ in their abilities to bind to and inhibit the cytochrome P-450 isoform CYP 3A4 [3, 5–7]. These differences prompted von Rosenstiel & Adam [8] to classify macrolide antibiotics into three groups on the basis of data provided by in vitro experiments: • Group 1 agents include erythromycin and troleandomycin. Both drugs bind strongly to and inhibit markedly CYP 3A4. Since troleandomycin was withdrawn from the market many years ago, this drug will not be discussed further in the present paper; • Clarithromycin belongs to Group 2 agents. This drug exhibits lower affinity for CYP 3A4 as compared with erythromycin, and form complexes to a lesser extent; • Group 3 include azithromycin and dirithromycin. These compounds have been shown to interfere poorly with cytochrome P-450 system in vitro. Clarithromycin has recently appeared to be similar to erythromycin in some drug interactions (e.g. with psychotropic agents), on the basis of the results of some clinical studies. Furthermore, a number of recent clinical case reports demonstrate that azithromycin and dirithromycin still exhibit some potential for drug interactions, although to a much lesser extent than that with erythromycin. The discrepancy between what is expected from in vitro data and what may be observed in clinical practice underscores the well-known interindividual variability in the extent of cytochrome P-450 catalytic activity (as much as 10- to 20-fold). This pattern provides some explanation for why some patients appear to be more susceptible than others to a given drug–drug interaction. It is now clear that the heterogeneity among patients in the ability to perform P-450 metabolism of some drugs is largely the result of genetic factors [1]. Aside from the drug-induced induction/inhibition enzymatic processes, some other nongenetic factors probably contribute to interpatient differences in the liver content or activity of individual P-450: • for example, dietary differences may contribute significantly [9, 10]. • CYP 3A4 activity may be non specifically depressed by debilitation or disease, e.g. liver cirrhosis [11] or celiac disease [12]. • importantly the infectious process by itsef can affect the activity of CYP; viral or bacterial pulmonary infections have been shown to depress CYP activity. In a sequential study conducted in 14 patients with fever and clinical pneumonia, antipyrine clearance was on average impaired by 36% [13]. Antipyrine elimination proceeds almost exclusively through hepatic biotransformation, and its metabolites are formed by at least 6 hepatic cytochrome P-450 isoforms, namely CYP 1A2, CYP 2B6, CYP 2C8, CYP 2C9, CYP 2C18 and CYP 3A4 [14]. Hence, the infection is likely to induce global inhibition of cytochrome P-450 catalytic activities. This stems probably from the release of endotoxin or interferon during the infection [15, 16]. Conceivably, the combination of interferon- or endotoxin-related CYP depression and the macrolide-induced inhibition of the CYP 3A4 isoform might result in an enhanced metabolic interaction. An additional factor that may contribute to individual variability in the extent of drug interactions of pharmacokinetic type is the involvement of P-glycoprotein (P-gp). Drug-induced changes in expression of this protein may overlap changes at the level of CYP catalytic activities. P-gp is an ATP-dependent efflux drug transporter that is constitutively expressed in normal tisues including the gastrointestinal epithelium, the canalicular membrane of the liver, the kidney and capillary endothelial cells in the central nervous system [17, 18]. P-gp appears to play a key role in absorption, distribution and elimination of many anticancer agents as well as other drugs such as digoxin or cyclosporin [19, 20]. Many P-gp inhibitors are also inhibitors of CYP 3A [21]. However, Wandel et al.[22] have demonstrated recently that there is no significant correlation between the ability of the P-gp inhibitors to inhibit P-gp and their ability to inhibit CYP 3A. In the case of macrolide antibiotics, erythromycin has been shown to reverse significantly multidrug resistance in cell-lines, which retain a higher expression of P-gp than the drug-sensitive parental cells [23], suggesting an inhibitory effect of the macrolide on P-gp expression. Also, clarithromycin appears capable of reducing the renal clearance of digoxin through inhibition of P-gp in the kidney epithelial cell [24]. While the involvement of P-gp in some pharmacokinetic drug interactions is an emerging issue, there is no further information at present on the role of this protein in macrolide–associated drug interactions. However, the interaction of some macrolides with cyclosporin might be partially explained by inhibition of P-gp (seebelow). The present review addresses those macrolide–induced drug interactions (at the CYP level) that have been reported recently and shown to result in potentially serious side-effects in patients. Emphasis is placed on drug interactions involving the relatively recent and widely used macrolides clarithromycin, dirithromycin, and the azalide azithromycin because the last comprehensive reviews available on drug interactions of macrolides were published in 1995 [8, 25]. Following these reports, important drug interactions have emerged (e.g. with cisapride or pimozide) and some others, initially thought to be rare or dubious, have been substantiated or clarified (e.g. with benzodiazepines or HMG-CoA reductase inhibitors). Alprazolam, midazolam, temazepam, and triazolam are among the known substrates of CYP 3A4 [26]. Triazolam: Using in vitro preparations of human liver microsomes, Greenblatt et al.[27] showed that erythromycin and clarithromycin are potent inhibitors, with similar IC50 values, of triazolam biotransformation. In contrast, azithromycin is a weak inhibitor. Consistent with these findings are data from a controlled clinical study conducted by the same authors in healthy volunteers [27]: both erythromycin and clarithromycin significantly increased triazolam peak plasma concentrations and area under the serum concentration-time curve (AUC), prolonged elimination half-life, and decreased markedly the apparent oral clearance of this benzodiazepine to 33% and 22% of the control value, respectively (characteristics of macrolide regimen are indicated in Table 1). The inhibitory effect of clarithromycin was greater than that of erythromycin, especially on triazolam half-life and AUC. All of the pharmacodynamic effects of triazolam were enhanced by coadministration of erythromycin and clarithromycin. The dynamic interactions are consistent with an increase in triazolam plasma concentrations. The greatest impairment, as assessed by an electro-encephalogram and the digit symbol substitution test, was associated with the triazolam-clarithromycin combination. In contrast, azithromycin produced no effect on the kinetics or dynamics of triazolam. This study demonstrates that clarithromycin is at least as potent an inhibitor of CYP 3A4 as erythromycin. This finding is further substantiated by studies on the midazolam–macrolide interaction. Midazolam: The interaction between erythromycin and orally administered midazolam was investigated in a randomized, crossover study in healthy volunteers [28]. Pretreatment with erythromycin (500 mg) three times daily for 6 days resulted in an almost threefold increase in Cmax and more than a fourfold increase in AUC of midazolam. This interaction resulted in undesirably severe and excessively long-lasting hypnotic effects and was ascribed to the inhibition of CYP 3A4-mediated metabolism of midazolam by erythromycin. Clarithromycin reduces the clearance of midazolam [29]. Following pretreatment with clarithromycin (500 mg) twice daily for 7 days, the clearance of midazolam was reduced by 64% following iv administration, and by 86% after oral dosing. Oral bioavailability of midazolam was increased significantly from 0.31 to 0.75 (mean values) after dosing with clarithromycin. Using a stable isotope of the benzodiazepine, the authors showed that besides the liver, the intestine is a major site of interaction between oral midazolam and clarithromycin. Additionally, they concluded that interindividual variability in first-pass extraction of high-affinity CYP 3A substrates, such as midazolam, is primarily a function of intestinal enzyme activity. This drug interaction was described earlier by Yeates et al.[30] who reported a 3.6-fold increase in the AUC of oral midazolam (given as a single dose), with enhancement of psychomotor effects, after a 5-day twice daily treatment with clarithromycin (250 mg). In contrast, the authors found no interaction of azithromycin (500 mg once a day for 3 days) with the pharmacokinetics or pharmacodynamics of midazolam. Alprazolam: Alprazolam is another benzodiazepine where the metabolic clearance is impaired by erythromycin. In healthy volunters, erythromycin (400 mg) three times daily for 10 days produced a 62% increase in the AUC(0,48 h), a 60% decrease in oral clearance and a more than twofold increase in elimination half-life of alprazolam when given orally as a single dose [31]. In summary, coadministration of a macrolide antibiotic (with the exception of azithromycin) with one of the highly metabolized benzodiazepines mentioned above should be avoided, or the dose of the benzodiazepine should be substantially reduced. Clozapine is a new antipsychotic agent used in the management of schizophrenia resistant to other neuroleptic medications. Erythromycin has been reported to interact with this agent, presumably through inhibition of its metabolic clearance; case-reports of serious side-effects – including seizure, somnolence, disorientation, difficulty in coordination and ambulation – associated with the coadministration of erythromycin and clozapine ( Table 1) have been published [32, 33]. This drug combination should therefore be avoided. Pimozide is a neuroleptic agent used in the treatment of delusion, schizophrenia, and other psychiatric disorders. Two fatal cases of ventricular dysrhythmia have been ascribed to the drug association pimozide × clarithromycin, presumably due to excessive prolongation of QT interval [34]. In a controlled pharmacokinetic study, clarithromycin (500 mg) twice daily for 5 days inhibited the metabolic clearance (CYP3A-mediated) of pimozide, resulting in elevation of plasma concentrations, significant prolongation of the QT interval, thereby increasing the risk of pimozide cardiotoxicity [35]. Accordingly, this drug association is contraindicated. Cisapride is a widely used drug for gastro-oesophageal reflux, gastroparesis, and dyspepsia. The drug undergoes extensive first-pass metabolism in both the liver and the intestine [36]. Cisapride caused tachycardia and extrasystoles in a review of records of over 13000 patients receiving the agent [37]. The first report of an arrhythmic drug interaction with cisapride was with erythromycin [38]; the patient developed a QT interval of 550 ms from a normal baseline value with progression to polymorphic nonsustained ventricular tachycardia. Over 50% of the reports of torsade de pointes, prolonged QT intervals, and deaths associated with cisapride are due to interactions with drugs known to inhibit the CYP3A4 and, consequently, the metabolism of cisapride [39]. Risk factors for dysrhythmia were identified as history of coronary disease and dysrhythmia, renal insufficiency, and electrolyte imbalance (including hypokalaemia, hypomagnesaemia, and hypocalcemia) [39]. Clarithromycin seems to exhibit a similar adverse reaction when coadministered with cisapride [40]. Data from a case-report and results from a controlled trial on this drug interaction are summarized in Table 1. Potentiation of the cardiotoxic effect of cisapride resulting from the inhibition of the CYP 3A4 – mediated metabolism of the drug by clarithromycin [40, 41] is probably the mechanism underlying the adverse drug reaction. No studies have yet been reported regarding the potential of the other macrolides for such an interaction with cisapride [42, 43]. Until additional data are available, however, concomitant use of cisapride with any macrolide antibiotic should be avoided. These agents are metabolized by CYP 3A4 and have dose-related toxic effects on skeletal muscle that may range from diffuse myalgia and myopathy to severe rhabdomyolysis [44]. In a clinical pharmacokinetic study, erythromycin (500 mg) twice daily for 2 days increased the AUC of simvastatin in serum sixfold [45], due presumably to an inhibitory effect of erythromycin on CYP 3A4. Accordingly, concurrent administration of erythromycin and simvastatin should be avoided. Rhabdomyolysis is a complication known to be associated with concomitant use of lovastatin and erythromycin. In order to reduce this risk, limiting the daily dose of lovastatin to 20 mg has been advocated [8]. Rhabdomyolysis has also been ascribed to the concomitant administration of lovastatin and clarithromycin or azithromycin (one case-report each, Table 1) [46]. Therefore, possible adverse effects, such as elevated serum creatine kinase and muscle tenderness, should be closely monitored when a combination of simvastatin or lovastatin with erythromycin (and probably other macrolides) is used. Quinidine is eliminated from the body primarily through hepatic biotransformation, and approximately 50% of its metabolism is catalysed by CYP 3A4 [47]. Spinler et al.[48] reported that addition of intravenous erythromycin lactobionate (1 times daily to resulted in a 50% decrease of the clearance of after 5 days of macrolide In an clinical study in healthy the pharmacokinetics of a single oral dose of mg) was and during administration of erythromycin (250 mg) times daily for 7 days Erythromycin reduced the clearance of and its clearance by and by and as the Cmax increased by inhibition of both hepatic and intestinal CYP 3A4 activity by erythromycin was to account for these the role of P-gp was thought to be Therefore, concentrations should be monitored closely and erythromycin are given the activity of both drugs should be and other factors that may to a prolonged QT interval and de should be Two cases of ventricular dysrhythmia resulting from the interaction between have been reported case involving the interaction with clarithromycin ( Table 1) has been reported recently In all of these serious ventricular dysrhythmia was by a prolongation of QT interval, This effect was ascribed to the in serum concentrations, resulting from the impaired clearance of the drug metabolized through CYP during macrolide The regarding also for in the case of concurrent administration of erythromycin or clarithromycin. are reports an increase in the effect of following the administration of erythromycin [8, 25]. times increased to twofold after 7 days of and were associated with However, there is a discrepancy between such data and the changes observed in pharmacokinetic studies in the trial by et erythromycin decreased clearance by in healthy is a of with the more Both are metabolized by cytochrome P-450 with involvement of CYP CYP 1A2, CYP 2C9, CYP 2C19, and CYP 3A4 is metabolized primarily by CYP 2C9, CYP and CYP 3A4 account for most of the metabolism of The relatively changes in the pharmacokinetics of in healthy volunteers under treatment with erythromycin is consistent with inhibition of CYP and to a lesser extent CYP by erythromycin Hence, this drug interaction is likely to be by other the disease indicated earlier in this the process of especially of pulmonary can reduce substantially cytochrome P-450 catalytic activity [13]. the cases of an interaction with have been published involving clarithromycin and azithromycin cases has no effect on in healthy volunteers receiving ( Table 1). the of this drug interaction of in patients with and a is metabolized by CYP 3A there is potential for interaction with macrolides This is of cyclosporin has and its renal is clinical reports of significant in AUC and in the clearance of cyclosporin following the administration of erythromycin are available This drug interaction seems to result from inhibition of CYP 3A4 in both liver and intestine [1, It is thought that metabolism in the a role in the metabolic clearance of cyclosporin and may the well-known bioavailability of the drug In addition to CYP has emerged recently that P-gp is in the pharmacokinetic of The drug is a of P-gp and some drug interactions with this agent are mediated by P-gp et reported that erythromycin the bioavailability of orally administered This effect might be ascribed to of the metabolism of cyclosporin in the intestine as a result of inhibition of the intestinal CYP 3A4. However, given that P-gp is also present in the intestinal epithelial cells [17, and that erythromycin has been shown to inhibit the expression of P-gp in cell in the increased bioavailability of cyclosporin during erythromycin treatment might be for by inhibition of both CYP and P-gp in the of interaction between clarithromycin and cyclosporin with cyclosporin have been reported [8, to et ( Table 1) the underlying mechanism is the inhibition of CYP to decreased clearance and increased concentrations of However, given that clarithromycin can inhibit P-gp involvement of this protein in this drug interaction is The effect of dirithromycin on the pharmacokinetics of cyclosporin was in stable kidney patients of dirithromycin (500 mg) daily for 14 days resulted in a decrease in the apparent clearance of a increase in the average and a increase in cyclosporin concentrations. All of these were this interaction is still appears that a decrease in cyclosporin clearance may be possible clinical interaction between cyclosporin and azithromycin was reported in a kidney In summary, when macrolides are used in patients under cyclosporin serum cyclosporin concentrations and serum concentrations be monitored to of the cyclosporin is a new agent that is metabolized by the CYP 3A4 and cyclosporin is by P-gp The drug appears interact with erythromycin, as described in case-reports example, et reported a clinical case where the addition of erythromycin (1 twice daily in a patient under with a sixfold increase in concentrations of after 2 days of erythromycin The extent of the interaction seems to be similar to that between erythromycin and Accordingly, management of this is to that for the interaction. of macrolides with are In most erythromycin and clarithromycin decreased clearance by after 7 days of concomitant administration [8, 25]. The interaction is most likely to in patients receiving relatively erythromycin and in those receiving prolonged is metabolized in by and by number of studies has been published during the 10 years the of the CYP isoforms in the metabolism of It is that CYP the and is also in It seems in addition to CYP 1A2, CYP and CYP 3A4 play a role in of CYP 3A4 (including inhibit both and in However, these showed that CYP 3A4 inhibitors reduced by a of this the interaction of macrolide antibiotics with in be explained by the inhibition of CYP and CYP 3A4. However, given the relatively weak inhibitory effect of macrolides on the CYP activity in the inhibitory effect of macrolides on metabolism may be enhanced in who exhibit CYP activity and subsequently higher CYP 3A4 the as a metabolic [1]. This has been substantiated recently in an in vitro study a pattern might why a number of clinical to a significant in clearance when this drug is with erythromycin [4]. In controlled dirithromycin not appear to significantly the of in healthy or patients ( Table 1) [42, The kinetics of iv or oral were not in healthy volunteers a 3 or 5 day treatment with azithromycin (250 mg However, a case-report has been published of a interaction of this macrolide with a given the of the extent of the to serum concentrations the macrolide especially in those patients with baseline concentrations in the range mg case-reports and pharmacokinetic studies the interaction between erythromycin and Following oral administration of this a fourfold increase in serum is with the extent of the interaction related to the dose of erythromycin [8]. In serious of the 3 days of the of erythromycin number of case-reports have also been published regarding the interaction with clarithromycin [8]. The mechanism underlying this drug interaction is to be the macrolide-induced inhibition of the CYP 3A4 isoform for which is a and dirithromycin appear to be from interaction with [42, 43]. In summary, serum concentrations should be closely monitored and patients observed for of in case of coadministration of erythromycin or clarithromycin. is a non that undergoes nearly first-pass biotransformation through CYP 3A4 to form an In susceptible of the can QT interval prolongation that may result in torsade de drug interactions involving this agent and some macrolides have been described [8]. that the drug is withdrawn from the will not be discussed another is metabolized primarily by CYP 3A4 and, to a lesser by CYP Erythromycin (500 mg) three times daily for 10 days reduced the metabolic clearance of in a controlled clinical However, no changes in the QT interval and of were et the potential for an interaction between clarithromycin (500 mg) twice daily for 10 days and in a crossover study in healthy Clarithromycin increased the observed plasma and AUC over a dosing interval for 36% and and for the of and No corresponding pharmacodynamic interaction was The authors concluded that given the of associated with the observed pharmacokinetic interaction is probably undergoes extensive first-pass metabolism to metabolites and, the is the cardiotoxic In many drug interactions with have been to the concomitant use of and macrolides also for has resulted from the coadministration of and erythromycin This adverse effect is ascribed to the macrolide-induced inhibition of CYP which is for the metabolism of the a clinical case of with by a interaction has been described Accordingly, concomitant use of with erythromycin or clarithromycin is contraindicated. Until no case of such an interaction has been reported with or dirithromycin. However, coadministration of with any of the macrolide antibiotics appears limiting factor of most controlled studies above is that they are conducted in healthy these studies of potential significant drug interactions, the most of an interaction from the study in the patient that will use the combination and are receiving one of these drugs on a This underscores the of of drug In this adverse in clinical practice appears to be especially for recently available of drug interactions, for those by to management of patients.",0
W2335097692,A randomized phase 2 study of PBPC mobilization by stem cell factor and filgrastim in heavily pretreated patients with Hodgkin's disease or non-Hodgkin's lymphoma,,0
W2341339106,Impact of interventions designed to increase market share and prescribing of fexofenadine at HMOs,"The impact of interventions designed to shift prescribing from loratadine to fexofenadine at HMOs was studied. Pharmacy claims data for a six-month preintervention period at four HMOs were analyzed to identify all new and refill prescriptions for loratadine, fexofenadine, astemizole, and cetirizine. The interventions consisted of a mandatory lockout of loratadine in favor of fexofenadine (at HMO A), a voluntary switch to fexofenadine promoted through letters to both physicians and members (HMO B), and a voluntary switch promoted through letters to physicians only (HMO C). There was no intervention at HMO D. Pharmacy claims data for the six months after each intervention program was implemented were analyzed to determine changes in the market share and prescribing of the study drugs. After the intervention programs were implemented, the market share of fexofenadine increased from 18.9% to 65.2% at HMO A, from 14.8% to 21.0% at HMO B, and from 20.7% to 23.8% at HMO C. Loratadine's market share decreased from 62.3% to 8.7% at HMO A, from 67.5% to 58.6% at HMO B, and from 70.5% to 65.3% at HMO C. HMOs A, B, and C each had greater shifts in market share for fexofenadine and loratadine than the control HMO. Changes in prescribing followed a similar pattern for the 25 physicians at each HMO who had most frequently prescribed loratadine during the preintervention period. The average cost per antihistamine prescription decreased 22.3% at HMO A. Prescription costs continued to rise at HMOs B, C, and D. Mandating the use of fexofenadine produced a significant increase in its market share, reduced the cost of nonsedating antihistamines, and successfully influenced prescribing behavior. Voluntary programs had a more modest impact on market share and did not stop increases in prescription costs.",0
W2025871111,Activity of ebastine (10 and 20 mg) and cetirizine at 24 hours of a steady state treatment in the skin of healthy volunteers,"We have compared the inhibitory effects of ebastine (10 mg), ebastine (20 mg) and cetirizine (10 mg) on histamine-induced wheal and flare skin reactions 24 h following a 6-day-long treatment. This was a double-blind, randomised, crossover, placebo-controlled study involving 24 healthy volunteers (18-65 years) with negative skin prick tests and the absence of specific IgEs to common allergens. Subjects were randomised to receive each of the following treatments once daily for 6 days: ebastine (10 mg), ebastine (20 mg), cetirizine (10 mg) or placebo with a washout period of 5 days. Twenty-four hours after the last dose of each treatment, histamine skin prick tests were performed (0, 0.5, 1, 2.5, 5, 10, 20, 50, 100 and 200 mg/mL), and wheal and flare responses were measured. All active treatments produced significant inhibition of the wheal responses compared to placebo (P < 0.001). Wheal response inhibition was significantly better with 20 mg of ebastine compared with 10 mg of ebastine and 10 mg of cetirizine. In a comparison to histamine concentrations required to produce a wheal surface area of 10 mm2, 20 mg of ebastine was also significantly better than ebastine 10 mg and cetirizine (P < 0.001), and 10 mg ebastine was significantly better than cetirizine (P < 0.05). Highly significant (P < 0.001) effects on the flare response were observed with each active treatment compared to placebo, with no difference between groups. The frequency of adverse events, primarily somnolence, was similar among the four treatment groups. Our results clearly indicate that ebastine, at either recommended dosage of 10 and 20 mg, and cetirizine produced significant inhibition of the histamine-induced wheal and flare reaction compared to placebo for up to 24 h. A superior efficacy of 20 mg of ebastine is observed compared with 10 mg of ebastine and 10 mg of cetirizine on the skin wheal response 24 h after the last dose of a 6-day-long treatment. This study clearly proves ebastine to be an effective, truly once-daily antihistamine.",0
W218221356,Role of cetirizine in treatment of eosinophilia.,,0
W2149979237,Consequences of a change in reimbursement status on prescription patterns,,0
W2464932141,Local nasal immunotherapy and bronchial hyperreactivity in seasonal allergic rhinitis: an observational pilot study.,"The clinical efficacy of local nasal immunotherapy (LNIT) in patients with allergic rhinitis is amply documented. The aim of the study was to determine the effect on bronchial hyperresponsiveness (BHR) assessed at baseline and after 3 years of LNIT or pharmacological treatment alone. Forty-three randomized patients with allergic oculorhinitis were enrolled (26 positive to Graminaceae and 17 to Parietaria judaica pollens). All patients were asked whether they were willing to follow a 3-year treatment course involving preseasonal LNIT with a powder extract of Graminaceae or Parietaria pollens. Twenty-four patients (16 allergic to Graminaceae and eight to Parietaria) selected LNIT and the other 19 opted for symptomatic pharmacological treatment only. The latter was considered the control group. On the basis of positive or negative bronchial hyperresponsiveness and the LNIT, four subgroups were established and followed in open conditions, during which a record was kept of symptom scores, drug use, spirometry and methacholine test findings. After 3 years, patients treated with LNIT had a significant reduction of symptoms and drug intake. In the controls, symptoms worsened, thus requiring more drugs to control them. Bronchial hyperresponsiveness significantly improved in hyperreactive patients receiving LN7IT 10 of whom were no longer hyperreactive and one at a higher threshold. Among controls, bronchial hyperresponsiveness did not change, with the exception of three nonreactive patients who became hyperreactive, one of them with asthma. These findings confirm the efficacy of LNIT in allergic rhinitis suggesting that it might have systemic activity interfering with bronchial hyperresponsiveness and hence the onset of bronchial asthma.",0
W1519938345,Evaluation of the pharmacokinetics and electrocardiographic pharmacodynamics of loratadine with concomitant administration of ketoconazole or cimetidine,"AIMS: To evaluate whether ketoconazole or cimetidine alter the pharmacokinetics of loratadine, or its major metabolite, desloratadine (DCL), or alter the effects of loratadine or DCL on electrocardiographic repolarization in healthy adult volunteers. METHODS: Two randomized, evaluator-blind, multiple-dose, three-way crossover drug interaction studies were performed. In each study, subjects received three 10 day treatments in random sequence, separated by a 14 day washout period. The treatments were loratadine alone, cimetidine or ketoconazole alone, or loratadine plus cimetidine or ketoconazole. The primary study endpoint was the difference in mean QTc intervals from baseline to day 10. In addition, plasma concentrations of loratadine, DCL, and ketoconazole or cimetidine were obtained on day 10. RESULTS: Concomitant administration of loratadine and ketoconazole significantly increased the loratadine plasma concentrations (307%; 90% CI 205-428%) and DCL concentrations (73%; 62-85%) compared with administration of loratadine alone. Concomitant administration of loratadine and cimetidine significantly increased the loratadine plasma concentrations (103% increase; 70-142%) but not DCL concentrations (6% increase; 1-11%) compared with administration of loratadine alone. Cimetidine or ketoconazole plasma concentrations were unaffected by coadministration with loratadine. Despite increased concentrations of loratadine and DCL, there were no statistically significant differences for the primary electrocardiographic repolarization parameter (QTc) among any of the treatment groups. No other clinically relevant changes in the safety profile of loratadine were observed as assessed by electrocardiographic parameters (mean (90% CI) QTc changes: loratadine vs loratadine + ketoconazole = 3.6 ms (-2.2, 9.4); loratadine vs loratadine + cimetidine = 3.2 ms (-1.6, 7.9)), clinical laboratory tests, vital signs, and adverse events. CONCLUSIONS: Loratadine 10 mg daily was devoid of any effects on electrocardiographic parameters when coadministered for 10 days with therapeutic doses of ketoconazole or cimetidine in healthy volunteers. It is concluded that, although there was a significant pharmacokinetic drug interaction between ketoconazole or cimetidine and loratadine, this effect was not accompanied by a change in the QTc interval in healthy adult volunteers.",0
W62439808,The changing face of antihistamines and cardiac adverse drug reactions: a clinical perspective.,"Recent times have witnessed a qualitative shift in the recognition and management of adverse drug effects. Many of them occur in organs that are unconnected to the primary target of pharmacological action. Out of these, cardiac side-effects have drawn particular attention because of their potential to cause death. Starting with the early observations on antibiotics such as macrolides, followed by fluoroquinolones and others, the focus has now shifted to the antihistamine class of drugs which are used extensively by patients all over the world, thanks to the ever increasing levels of environmental pollution. The occurrence of prolonged QTc interval following treatment with terfenadine leading to ventricular tachycardia of torsades de points variety with a potentially fatal outcome has forced many regulatory authorities of the world to clamp a ban the use of this drug. Alerted by these developments, studies on a new member, followed by fluoroquinolones and others, the focus has now shifted to the antihistamine class of drugs which are used extensively by patients all over the world, thanks to the ever incresing levels of envrionmental pollution. The occurrence of prolonged QTc interval following treatment with terfenadine leading to ventricular tachycardia of torsades de points variety with a potentially fatal outcome has forced many regulatory authorities of the world to clamp a ban use of this drug. Alerted by these developments, studies on a new member of non-sedating antihistamine class viz, fexofenadine, have been reviewed especially because of the structural similarity between terfenadine and fexofenadine. It is now clear that despite the closeness of its chemical structure to terfenadine fexofenadine behaves in a different manner and does not affect the electrophysiology of the heart muscle tissue, as proved by data from extensive clinical trials as well as membrane models in vitro. Interestingly, the solitary false alarm that was sounded on the drug by a group of workers in the Netherlands was later rectified by the same group. Clinically speaking, the cardiovascular safety of fexofenadine has been convincingly demonstrated at various dose levels and various time intervals, alone and together with other drugs of potential toxigenicity. All things put together, it appears reasonable to conclude that fexofenadine is free from cardiovascular ADRs of clinical significance. It could also be concluded that cardiac side-effects of antihistamines is not a class effect.",0
W2031536056,Effects of cetirizine and epinastine on the skin response to histamine iontophoresis,,0
W2005470370,"A randomized, double‐blind, crossover comparison among cetirizine, levocetirizine, and ucb 28557 on histamine‐induced cutaneous responses in healthy adult volunteers","BACKGROUND: Cetirizine is a highly efficacious and long-acting second-generation H1-receptor antagonist for the treatment of allergic diseases, such as allergic rhinitis and chronic idiopathic urticaria, in adults and children. Pharmacologic studies have demonstrated that cetirizine, a racemate mixture composed of equal amounts of two enantiomers, does not undergo hepatic metabolism to any significant level. The enantiomers are excreted mainly unchanged, predominantly in the urine and to a lesser extent in the faeces. METHODS: The pharmacologic activity and potency of the two enantiomers of cetirizine in the management of allergic skin conditions were investigated by studying the effect of treatment with 5.0 mg cetirizine; 2.5 mg levocetirizine, the (R)-enantiomer; and 2.5 mg ucb 28557, the (S)-enantiomer, on histamine-induced wheal and flare response in 18 healthy volunteers. Each treatment was administered as a single oral dose in randomized, double-blind, and crossover manner, and the efficacy of treatment was assessed over a period of 32 h, as per cent inhibition of the histamine-induced wheal and flare areas before treatment. Blood and urine samples were collected in a time-dependent manner and analyzed for the total amounts of each study drug, to elucidate their pharmacokinetic profiles. RESULTS: Both cetirizine and levocetirizine caused a marked inhibition of histamine-induced wheal and flare, whereas ucb 28557 was inactive in this model. Inhibition of the wheal response observed for cetirizine and levocetirizine was apparent by 1 h after dosage and lasted for mean durations of 24.4 and 28.4 h, respectively. In addition, the response for cetirizine and levocetirizine became maximal by 6 h after treatment, rising to 79.5% and 83.8%. Similarly, cetirizine and levocetirizine also markedly inhibited the histamine-induced flare response. This effect was evident for both drugs by 1 h after dosage and lasted over a mean period of 28.4 and 26.0 h, respectively, for cetirizine and levocetirizine. The inhibitory effect of these compounds on histamine-induced flare response was also maximal by approximately 6 h after dosage, peaking at 88.5%) and 83.6%, respectively. Statistical evaluation showed that cetirizine and levocetirizine were equivalent for maximum inhibition of histamine-induced wheal and flare. However, levocetirizine was found to be superior to cetirizine when area under the curve was compared. In contrast, ucb 28557 was not found to inhibit histamine-induced wheal and flare responses at any time during the study period. Plasma concentrations of levocetirizine were found to be approximately double those of ucb 28557 at 4 and 8 h after dosing, and 50-60% of the drugs were excreted unchanged in urine over a period of 32 h. CONCLUSIONS: The finding that, in this model, levocetirizine 2.5 mg has comparable antihistaminic activity to cetirizine 5 mg, whereas its other enantiomer ucb 28557 has no pharmacodynamic effect, suggests that the antihistaminic properties of cetirizine observed in the management of allergic skin conditions are likely to be attributable to levocetirizine.",0
W1570147465,Comparison of Montelukast and Fexofenadine for Chronic Idiopathic Urticaria,,0
W2030032629,Sure outcomes of random events: a model for clinical trials,"We consider the outcomes of a clinical trial as determined by one, or several, possibly hidden causes. This paper proposes a statistical model that allows such a distinction of causes not only for the main, or therapeutic, effects but also for the side, or toxic, effects. More specifically, we focus on trials where the effects are naturally dichotomized, that is, where the health of a patient has improved or not, and where a specific adverse effect has occurred or not. A case study provides an example of the way this model can help to solve some problems of suspected drug toxicity. Finally, the model is shown to be a part of a hierarchy of models and the way to select a best model is investigated.",0
W2127090457,New combination therapies for asthma,"Combination products often have useful clinical benefits in asthma. The scientific rationale for combination therapy includes the fact that different agents have complimentary modes of action. Long-acting beta(2)-agonists have effects on airway smooth muscle, and inhaled corticosteroids have potent topical antiinflammatory effect. This combination has been shown to effectively reduce exacerbations and improve symptoms. Substantial clinical trial data provide a rationale for dual-control therapy supported by basic scientific data. Another combined therapy is inhaled steroids plus leukotriene-receptor antagonists, which provides the patient with two effective therapies. Leukotriene-receptor antagonist can also be combined with antihistamines for improved asthma control. Older therapies including theophylline and controlled release albuterol have been effectively added to inhaled corticosteroids, enabling a reduction in the dose of the inhaled steroids. Many other combination therapies are presently being tested.",0
W48065304,Effects of sublingual immunotherapy in patients sensitised to Ambrosia. An open controlled study.,"BACKGROUND: Allergy to Ambrosia is a disease of growing importance in Europe. Injective and non-injective immunotherapy have been recognised as safe and effective but no evidence is currently available for sublingual immunotherapy (SLIT) in patients sensitised to Ambrosia. This study was planned to assess the effects and the safety of SLIT in patients clinically sensitised to Ambrosia. METHODS: 19 patients clinically sensitised to Ambrosia and treated with SLIT were compared to 14 patients treated only with drugs. Diary cards with symptoms and drug consumption were filled-in by patients during the pollen season whereas specific nasal challenge and skin prick test were run two months before and after the pollen season. Patients and doctors were also asked to express their subjective assessment about symptoms and drug consumption during the season. RESULTS: SLIT-treated patients had less symptoms and a significantly minor drug intake (p = 0.04) as compared to untreated patients. Nasal challenge test improved significantly in the SLIT group (p = 0.0001) but not in the control group (p = 0.6875) with a significant difference between groups at the end (p = 0.0413) but not at the beginning of the trial (p = 0.213). The decrease in skin reactivity was significant in the control group (p = 0.0186) and highly significant in the SLIT group (p < 0.0001), with no difference between groups (p = 0.2987). Subjective assessment from both patients and doctors was favorable to SLIT (p = 0.0005 for symptoms; p = 0.0019 for drug consumption). Only one minor local side effect was registered during SLIT. CONCLUSIONS: According to our data, SLIT in patients allergic to Ambrosia is safe and able to improve both subjective and objective parameters.",0
W1847678933,[Data on the safety of antihistaminics obtained from published clinical trials].,"BACKGROUND: We studied H1 antihistaminic safety, with respect to CNS, and clinical trial validity to determine its adverse effects and generalize the results. METHODS AND RESULTS: We employed clinical trials published between 1990-94, selecting them according to several quality criterion to obtain reliable and extrapolable conclusions. Patients that use modern antihistaminics have less adverse effects (32.5%), than those patients that use classics ones (78.6%) and similar to placebo (27.7%). Loratadine (28.4%) and noberastine (22.3%) are the antihistaminics with less adverse effects. Sedation (13.2%) and fatigue (4.9%) are the adverse effects more frequently produced by antihistaminics. Headache (6.7%) that is a frequent adverse effect, has a doubtful causality relationship with the use of antihistaminic. CONCLUSIONS: Second generation antihistaminics have less adverse effects and similar efficacy than classics ones. Noberastine and loratadine are the antihistaminics with less adverse effects in this study.",0
W2083666610,"Once‐daily desloratadine improves the signs and symptoms of chronic idiopathic urticaria: a randomized, double‐blind, placebo‐controlled study","BACKGROUND: Chronic idiopathic urticaria (CIU) is the most common type of chronic urticaria, and pruritus is the most prominent symptom. Antihistamines are the first-line treatment for CIU. Sedation and anticholinergic adverse effects are often experienced with the first-generation antihistamines and there is a risk of cardiovascular adverse effects and drug interactions with some second-generation agents. Hence, new treatment options are needed. Desloratadine is a new, potent, nonsedating antihistamine that has an excellent cardiovascular safety profile. METHODS: This was a multicenter, randomized, double-blind, placebo-controlled study designed to determine the efficacy and safety of desloratadine in the treatment of moderate-to-severe CIU. A total of 190 patients, aged 12-79 years, with at least a 6-week history of CIU and who were currently experiencing a flare of at least moderate severity, were randomly assigned to therapy with desloratadine 5 mg or placebo once daily for 6 weeks. Twice daily, patients rated the severity of CIU symptoms (pruritus, number of hives, and size of largest hive), as well as the impact of CIU symptoms on sleep and daily activity. Patients and investigators jointly evaluated therapeutic response and overall condition. Safety evaluations included the incidence of treatment-emergent adverse events, discontinuations due to adverse events, and changes from baseline in vital signs, laboratory parameters, and ECG intervals. RESULTS: Desloratadine was superior to placebo in controlling pruritus and total symptoms after the first dose and maintained this superiority to the end of the study. Measures of sleep, daily activity, therapeutic response, and global CIU status were also significantly better with desloratadine after the first dose; these clinical benefits were also maintained throughout the 6-week study. No significant adverse events occured. CONCLUSIONS: Desloratadine 5 mg daily is a safe and effective treatment for CIU with significant benefits within 24 h and maintained through the treatment period.",0
W2023932209,"Effect of cetirizine, levocetirizine, and dextrocetirizine on histamine‐induced nasal response in healthy adult volunteers","BACKGROUND: Cetirizine, an effective H1-receptor antagonist, is a racemate mixture of two enantiomers: levocetirizine (R enantiomer) and dextrocetirizine (S enantiomer). METHODS: To investigate the pharmacologic activity of the two enantiomers of cetirizine, we conducted a randomized, double-blind, four-way, crossover study to assess the effect of treatment with 5 mg levocetirizine, 5 mg dextrocetirizine, and 10 mg cetirizine and matched placebo, on histamine-induced changes in the nasal airways of 24 healthy volunteers. Four hours after a single oral intake, all subjects were challenged by nasal aerosol application with increasing doubling concentrations (from 0.25 to 32 mg/ml) of histamine in both nostrils. Nasal resistance was measured by passive anterior rhinomanometry (PAR), and changes in histamine threshold were calculated together with the absolute number of sneezes after each challenge. RESULTS: Both levocetirizine and cetirizine significantly attenuated the histamine-induced increase in nasal airway resistance by nearly 50% (from a median resistance of 2.51 Pa per cm3/s to 1.29 and 1.31 Pa per cm3/s, respectively) at the maximal concentration, and they concomitantly increased the histamine threshold by fourfold (from 8 to 32 mg/ml), compared with placebo. Sneezing was also attenuated by both levocetirizine and cetirizine. However, these antihistaminic effects were not seen with dextrocetirizine. CONCLUSIONS: This study shows a similar activity of levocetirizine and cetirizine on the inhibition of histamine-induced increase in nasal resistance, indicating that the antihistaminic properties of cetirizine are probably attributable to levocetirizine.",0
W1998908263,"Pharmacokinetic and safety profile of desloratadine and fexofenadine when coadministered with azithromycin: a randomized, placebo-controlled, parallel-group study",,0
W2468459025,Local safety of intranasal triamcinolone acetonide: clinical and histological aspects of nasal mucosa in the long-term treatment of perennial allergic rhinitis.,"Intranasal corticosteroids are increasingly used to treat allergic rhinitis and their long-term use is generally safe. However, the long-term safety of each molecule should be assessed. The main aim of this multicenter, prospective, randomized, open-label study was to evaluate the effect of triamcinolone acetonide aqueous intranasal spray on nasal mucosal thickness, macroscopic appearance, and mucociliary function. Patients with perennial allergic rhinitis were treated with triamcinolone acetonide 220 micrograms/day for six months. Nasal biopsies taken before and after treatment were compared with biopsies from patients who had been randomized to oral cetirizine 10 mg day or intranasal beclomethasone dipropionate 400 micrograms/day. In the evaluable population (n = 70), there were no significant differences between groups in terms of histologically evaluated thickness and endoscopically evaluated macroscopic appearance of the nasal mucosa, or indigocarmine saccharine test mucociliary function. In the intent-to-treat population (n = 92), there was no difference between treatment groups in the incidence of overall adverse events. This study indicates that sustained treatment with intranasal triamcinolone acetonide does not lead to atrophy of the nasal mucosa or impairment of mucociliary function.",0
W1979372760,Children’s school performance is not impaired by short-term administration of diphenhydramine or loratadine,,0
W1480175344,A randomized trial of leukotriene receptor antagonist montelukast in moderate-to-severe atopic dermatitis of adults.,"Leukotriene receptor antagonists are recommended for the treatment of asthma, and have proved anecdotally successful even in atopic dermatitis. Standard treatments of atopic dermatitis are often unsatisfactory. Accordingly, we compared montelukast, 10 mg/day, with a combined regimen (orally administered cetirizine and clarythromycin, topical corticosteroids and hydrating preparations) for treatment of moderate-to-severe atopic dermatitis of adults. The trial was designed as a randomized single-blind study. SCORAD, eosinophilic cationic protein (ECP), eosinophilic protein X (EPX) serum levels were assessed at baseline and after 6 weeks in 32 adult patients with atopic dermatitis (16 treated with montelukast; 16 treated with the combined regimen). Similar improvements, evaluated in term of SCORAD reductions, were detected in both groups (Mann-Whitney, p < 0.05), while ECP and EPX levels significantly reduced within each group (Welch's approximate t, p < 0.05). We conclude that montelukast is as effective as the comparison combined regimen to treat atopic dermatitis of adults.",0
W151815063,Efficacy of nimesulide alone and in combination with cetirizine in acute allergic rhinitis.,"OBJECTIVE: To study the effect of cetirizine and nimesulide given alone and in combination in allergic rhinitis. METHOD: A double blind, double dummy, randomised, parallel controlled clinical study in three groups consisting of 18 patients each suffering from allergic rhinitis was conducted. Group A was given nimesulide alone (100 mg BD), Group B received combination (nimesulide 100 mg + cetirizine 10 mg) and Group C was given cetirizine alone (10 mg) for one week. The efficacy of each treatment in reducing nasal stuffiness, nasal discharge, itching nose and watery eyes was assessed at base line (day 0), on days four and eight of treatment. Patients used diary cards twice daily to rate symptom severity on a four point scale. RESULTS: Nimesulide and cetirizine alone could decrease nasal discharge, nasal stuffiness and sneezing significantly in allergic rhinitis patients by day four. Cetirizine was more effective in relieving nasal discharge and sneezing compared to nimesulide. By combining cetirizine and nimesulide four symptoms of allergic rhinitis, i.e., nasal discharge, nasal stuffiness, sneezing and watery eyes decreased significantly. CONCLUSION: Present study has shown that nimesulide alone could decrease three symptoms of allergic rhinitis like certirizine and combination of cetirizine (anti-histaminic) and nimesulide (anti-inflammatory) exerts synergistic action in reducing symptoms in patients of allergic rhinitis.",0
W2024350131,Modulation of the immediate allergic wheal reaction in the skin by drugs inhibiting the effects of leukotriene C4 and prostaglandin D2,,0
W4248872023,Desloratadine,,0
W2161678978,Cancer Fatigue: One Drug Fails But More Are in the Pipeline,,0
W1969477537,The comparision of the efficacy of fluticasone propionate with cetirizine in perenneal allergic rhinitis,"BACKGROUND: Allergic rhinitis is an IgE mediated hypersensitivity reaction of the nasal mucosa characterised by nasal discharge, obstruction, and pruritus. PATIENTS AND METHODS: In this study, 43 patients with perenneal allergic rhinitis were enrolled in order to compare the efficacy of Fluticasone Propionate (FP), a corticosteroid nasal spray, with Cetirizine, a systemic oral antihistaminic preparation, which is supposed to have nonsteroidal antiinflammatory activity. Cetirizine (10 mg daily as a single dose) was administered to 22 patient for 45 days. On the other hand, FP (400 micrograms/day) was administered into each nostril twice a day in the remaining 21 patients for 45 days. Skin test was obtained from each patient before therapy. Total eosinophil count, eosinophil count in nasal smear, electrorhinomanometric investigation, PGE2 and ratio of LTC4 to LTD4 both in the serum and in the nasal secretions were determined before and after therapy. In addition, percentage of eosinophils, and mast cells count in the biopsy specimens taken from anterior edge of middle choncha were evaluated before and after therapy, and than the results were graded for each patients. RESULTS: When we compared the eosinophil count in nasal smear, eosinophil percentage and total eosinophil parameters between two groups, it was shown that FP was more effective than Cetirizine. On the other hand, when we compared the ratio of LTC4 to LTD4 in serum and nasal smear, level of PGE2 and mast cell and nasal airway resistance measured by ERM, there were non statistical difference between two groups. CONCLUSION: These results suggest that FP and Cetirizine may be used alternatively in case of an adverse reaction to any of them.",0
W2414061231,"Treatment of severe seasonal rhinoconjunctivitis by a combination of azelastine nasal spray and eye drops: a double-blind, double-placebo study.","BACKGROUND: Evaluation of combined azelastine nasal spray and eye drops treatment in patients with severe rhinoconjunctivitis. METHODS: Phase III, multicenter, randomized, double-blind study of patients with a history of grass pollen allergy, confirmed by skin testing/specific IgE, total symptom scores > or =6 (ocular) or > or =8 (nasal). Intent-to-treat analysis. RESULTS: 99 patients (azelastine = 53, placebo = 46) enrolled homogeneously from May to September 1997 in 7 venues in France. The efficacy of azelastine was significantly higher compared to placebo (49% vs. 28%, p = 0.04), considering response as a decrease of the total sum of ocular and nasal scores by at least 50% and no use of cetirizine by day 7. The decrease of total ocular and nasal scores by at least 50% at day 7, with cetirizine rescue <3 tablets was higher, but not significantly, in azelastine patients (43% vs. 30%). Cetirizine rescue was more frequent, from day 0 to 7, in the placebo patients (4.9 +/- 5.0 vs. 2.7 +/- 4.1, p = 0.02). Global efficacy was rated higher for azelastine by investigators (26% vs. 10%, p = 0.05) and patients (28% vs. 7%, p = 0.01). Adverse events were burning sensation, ""red eyes,"" nasal irritation, bitter taste. No serious adverse events were reported. Tolerance of azelastine was ""very good/good""/""satisfactory"" in the majority (62%/82% assessed by investigators, or 55%/79% by patients, respectively). CONCLUSIONS: Combining azelastine eye drops and nasal spray is a safe and effective treatment of severe seasonal rhinoconjunctivitis.",0
W2277770867,Controlled study of preseasonal immunotherapy with grass pollen extract in tablets: effect on bronchial hyperreactivity.,"BACKGROUND: Based on experimental results, the sublingual route for immunotherapy (IT) has been accepted as a viable alternative to the injection route, but few data on the effects on asthma are so far available. OBJECTIVE: In the present open controlled trial we evaluated whether a preseasonal IT with grass polllen in orosoluble tablets added to pharmacotherapy, can improve non-specific bronchial hyperreactivity. The clinical efficacy was evaluated as well. METHODS: Fifty-one patients (mean age 27.4 years) suffering from rhinoconjunctivitis and/or mild-intermittent/mild-persistent asthma due to grass pollen were allocated to two groups receiving pharmacotherapy alone (n = 25) or pharmacotherapy plus IT in tablets (n = 26). A methacholine test was performed in asthmatic subjects out of the pollen seasons at baseline and after 3 years of treatment. Symptom scores and drug intake were evaluated during pollen seasons by a diary card. RESULTS: A significant increase p = .01) in the PD20 at the methacholine test was observed in the IT group compared to the control group. A significant clinical improvement both for rhinitis (p = .001) and asthma (p = .001) was observed in the IT group, and this improvement was paralleled by a clear-cut reduction of drug intake (p = .001). An improvement of rhinitis symptoms without modification of drug intake was seen in the control group (p = .01) The treatment was well tolerated and no relevant side effect was reported during the 3 years. CONCLUSION: The investigated local IT reduced the nonspecific bronchial hyperreactivity. Furthermore, it was clinically effective and safe.",0
W1981089029,"Stanozolol in Chronic Urticaria: A Double Blind, Placebo Controlled Trial","H1-type antihistamine drugs are mainstays in the management of chronic urticaria. For patients with refractory, chronic, idiopathic urticaria who have failed to benefit from conventional therapy, other safe therapeutic modalities are required. To evaluate the role of stanozolol as an adjunctive therapeutic agent with H1-antihistamine in refractory chronic idiopathic urticaria, we conducted this study. Fifty-eight patients with chronic refractory urticaria were enrolled in this trial and were randomly assigned to two groups (A and B). Patients in group A received 2 mg stanozolol twice daily along with cetrizine 10 mg daily. Patients in group B received cetrizine 10 mg daily and placebo tablets twice daily. The improvement was monitored by estimation of severity score. Of the 58 patients, 26 in group A and 24 in group B could be evaluated. At the end of 12 weeks, 17 patients in group A showed marked to complete resolution as compared to 7 patients in group B (chi-square p<0.01). The intention to treat analysis p value was a found to be <0.007. There was a highly significant decrease in mean severity score at 12 weeks (p<0.001) in group A patients. The present study demonstrated that stanozolol is an effective and safe adjuvant therapy for treatment of chronic refractory urticaria.",0
W2048533409,Burn Wound Itch Control Using H1 and H2 Antagonists,"This study investigated the use of a combination of H1 and H2 antagonists and topical medications to control burn wound itch. Graeco-Latin square assignment provided an oral combination of 1) cetirizine and cimetidine or 2) diphenhydramine and placebo in four divided doses. The study protocol lasted 16 days divided into 4-day intervals, scoring itch before the initial dose of medication and at 1-hour, 6-hour, and 12-hour intervals after the first medication. A significant difference between mean itch scores across the four times was observed (Wilks' Lambda F = 26.52, df = 3, P <.0005). A three-way nested repeated measures interaction effect (Wilks' Lambda F = 9.85, df = 9, P <.0005) was observed representing a significantly different pattern on days 1 to 4 of the study compared with the remaining days. Controlling for the effect of topical medications, the cetirizine/cimetidine combination demonstrated a dramatic improvement at 1 and 6 hours, and a moderate improvement at 12 hours after initial medication for the day when compared with the diphenhydramine/placebo combination.",0
W4231906440,Update in General Internal Medicine,"Updates from the Annual Session21 August 2001Update in General Internal MedicineJohn V.L. Sheffield, MD and Eric B. Larson, MD, MPHJohn V.L. Sheffield, MDFrom Harborview Medical Center and University of Washington Medical Center, Seattle, Washington. and Eric B. Larson, MD, MPHFrom Harborview Medical Center and University of Washington Medical Center, Seattle, Washington.Author, Article, and Disclosure Informationhttps://doi.org/10.7326/0003-4819-135-4-200108210-00012 SectionsAboutFull TextPDF ToolsAdd to favoritesDownload CitationsTrack CitationsPermissions ShareFacebookTwitterLinkedInRedditEmail This year's Update in General Internal Medicine spans a wide area but fits into a framework of themes we chose to emphasize: hypertension, hormone replacement therapy, anticoagulation, atrial fibrillation, chronic infectious diseases, hospital care, and prevention. These articles were compiled with the help of our colleagues in the Department of Medicine at the University of Washington, Seattle, Washington, and the editors of ACP Journal Club.HypertensionThese days, the most important studies of hypertension report event end points, not reduction in blood pressure. We discuss a study that compared diuretics with α-blockers, a study describing the use of angiotensin-converting enzyme ...References1. Neal B, MacMahon S, Chapman N. Effects of ACE inhibitors, calcium antagonists, and other blood-pressure-lowering drugs: results of prospectively designed overviews of randomised trials. Blood Pressure Lowering Treatment Trialists' Collaboration. Lancet. 2000;356:1955-64. [PMID: 11130523] CrossrefMedlineGoogle Scholar2. . The sixth report of the Joint National Committee on prevention, detection, evaluation, and treatment of high blood pressure. Arch Intern Med. 1997;157:2413-46. [PMID: 9385294] CrossrefMedlineGoogle Scholar3. Hulley S, Grady D, Bush T, Furberg C, Herrington D, Riggs B, et al . Randomized trial of estrogen plus progestin for secondary prevention of coronary heart disease in postmenopausal women. Heart and Estrogen/progestin Replacement Study (HERS) Research Group. JAMA. 1998;280:605-13. [PMID: 9718051] CrossrefMedlineGoogle Scholar4. . Fatal and severe hepatitis associated with rifampin and pyrazinamide for the treatment of latent tuberculosis infection—New York and Georgia, 2000. MMWR Morb Mortal Wkly Rep. 2001;50:289-91. [PMID: 11330495] MedlineGoogle Scholar5. Heathcote EJ, Shiffman ML, Cooksley WG, Dusheiko GM, Lee SS, Balart L, et al . Peginterferon alfa-2a in patients with chronic hepatitis C and cirrhosis. N Engl J Med. 2000;343:1673-80. [PMID: 11106716] CrossrefMedlineGoogle Scholar6. DeMari J, Megyesi J, Udvarhelyi N, Price P, Davis R, Safirstein R. N-acetyl-cysteine ameliorates ischemic renal failure. Am J Physiol. 1997;272:F292-F298. MedlineGoogle Scholar7. Salom MG, Ramírez P, Carbonell LF, López Conesa E, Cartagena J, Quesada T, et al . Protective effect of d-acetyl-l-cysteine on the renal failure induced by inferior vena cava occlusion. Transplantation. 1998;65:1315-21. [PMID: 9625012] CrossrefMedlineGoogle Scholar Author, Article, and Disclosure InformationAuthors: John V.L. Sheffield, MD; Eric B. Larson, MD, MPHAffiliations: From Harborview Medical Center and University of Washington Medical Center, Seattle, Washington.Corresponding Author: John V.L. Sheffield, MD, Harborview Medical Center, Box 359782, 325 Ninth Avenue, Seattle, WA 98104.Current Author Addresses: Dr. Sheffield: Harborview Medical Center, Box 359782, Seattle, WA 98104.Dr. Larson: University of Washington Medical Center, Medical Director, Box 356330, Seattle, WA 98195. PreviousarticleNextarticle Advertisement FiguresReferencesRelatedDetails Metrics 21 August 2001Volume 135, Issue 4Page: 269-278KeywordsAtrial fibrillationDiureticsHemorrhageHipHypertensionInterferonsMortalityMyocardial infarctionRelative riskTestosterone ePublished: 21 August 2001 Issue Published: 21 August 2001 Copyright & PermissionsCopyright © 2001 by American College of Physicians. All Rights Reserved.PDF downloadLoading ...",0
W2245868317,Cetirizine reduces the number of tryptase-positive mast cells in psoriatic patients: a double-blind controlled study.,"Psoriatic plaque contains an increased number of mast cells that are thought to play an important role in the initiation and maintenance of the disease through the release of mediators such as histamine, proteoglycans, proteinases and cytokines. To verify the possible participation of these cells in the chronic inflammatory cutaneous response in psoriasis, we performed a double-blind controlled study to investigate the presence and activation of tryptase-positive mast cells in the lesional skin of 19 patients affected by active psoriasis vulgaris minima compared with five healthy, age-matched subjects. Psoriatic patients were randomized into two groups (A and B). The first group was treated with cetirizine (10 mg/three times a day for 15 days) and the second one was treated with placebo. Both groups underwent clinical staging [psoriasis area and severity index (PASI) score] and immunohistochemical evaluation [alkaline phosphatase antialkaline phosphatase (APAAP) procedure] before and after treatment. In group A, the PASI score ranged from 3.8 (SE +/- 1.00) to 1.8 (SE +/- 0.68) and in group B, from 5.0 (SE +/- 0.98) to 3.4 (SE +/- 0.47). The mean number of tryptase-positive mast cells for field, mainly distributed in the perivascular and periadnexal sites, ranged from 40.8 (SE +/- 7.15) to 21.6 (SE +/- 3.04) in group A and from 25.1 (SE +/- 3.78) to 26.3 (SE +/- 3.59) in group B (ANOVA test f = 6.95; gl = 1.16; p = 0.02). In our psoriatic patients, cetirizine significantly reduced the expression of tryptase-positive mast cells and produced a clinical improvement in erythema, suggesting a multilevel immunopharmacologic modulation of this antihistamine in psoriasis.",0
W2114015035,Phase I dose-finding and pharmacokinetic study of docetaxel and vinorelbine as first-line chemotherapy for metastatic breast cancer,,0
W2039318674,Evaluation of the safety of fexofenadine from experience gained in general practice use in England in 1997,,0
W2137388846,"Absorption and disposition of levocetirizine, the eutomer of cetirizine, administered alone or as cetirizine to healthy volunteers","The primary objective of the present study was to compare the absorption and disposition of levocetirizine, the eutomer of cetirizine, when administered alone (10 mg) or in presence of the distomer. An additional objective was also to investigate the configurational stability of levocetirizine in vivo in humans. The study was performed in a randomized, two-way cross-over, single-dose design with a wash-out phase of 7 days between the two periods. A total of 12 healthy male and 12 healthy female volunteers were included in the study. Bioequivalence can be concluded from the analysis of the pharmacokinetic parameters of levocetirizine when administered alone or as the racemate cetirizine. No chiral inversion occurs in humans when levocetirizine is administered, i.e. there is no formation of the distomer. When comparing the pharmacokinetic characteristics of levocetirizine and the distomer, the apparent volume of distribution of the eutomer is significantly smaller than that of the distomer (0.41 and 0.60 L/kg, respectively). For an H1-antagonist a small distribution volume can be considered as a positive aspect, both in terms of efficacy and safety. Moreover the non-renal clearance of levocetirizine is also significantly lower than that of the distomer (9.70 and 28.70 mL/min, respectively), which constitutes an additional positive aspect particularly as far as metabolism-based drug interactions are concerned. The information collected in the present study on the pharmacokinetics of levocetirizine and the distomer provide additional reasons for eliminating the distomer and developing levocetirizine as an improvement on cetirizine.",0
W1859654375,Direct-to-consumer advertising. Finasteride for male pattern hair loss.,,0
W2013370794,"Comparison of the effects of levocetirizine and loratadine on histamine‐induced wheal, flare, and itch in human skin","BACKGROUND: This randomized, double-blind, crossover study compared the effects of the R-enantiomer of cetirizine, levocetirizine, with those of loratadine on the wheal, flare, and itch response to histamine in human skin. METHODS: Levocetirizine (5 mg), loratadine (10 mg), or placebo was taken orally 4 h before the intradermal injection of histamine (20 microl, 100 microM) or the control vehicle into the forearm skin of healthy volunteers. Flare areas were assessed by scanning laser Doppler imaging before and at 30-s intervals for a period of 9 min. Wheal areas were measured by planimetry at 10 min. Itch was scored every 30 s with a visual analogue scale. RESULTS: After placebo administration, the mean peak flare area was 23.01+/-1.94 cm(2), the wheal area 248+/-27 mm(2), and the cumulative itch score 28.8+/-4.6% (mean+/-SEM). Levocetirizine reduced the flare, wheal, and itch by 60%, 68%, and 91%, respectively (all P<0.001, Student's t-test for paired data). The effects of loratadine were variable and not statistically significant. CONCLUSION: Levocetirizine (5 mg) is a potent inhibitor of the effects of histamine in human skin with an efficacy that exceeded that of loratadine (10 mg) when single doses of the drugs were administered 4 h before the test.",0
W2183062986,Intranasal Corticosteroids for Allergic Rhinitis,,0
W2004635543,Triamcinolone: new and old indications,"Triamcinolone is a commonly used synthetic corticosteroid that has recently been tested in a large clinical trial for chronic obstructive pulmonary disease and shown to have some benefits. To our knowledge, there are no reviews of the pharmacotherapy of triamcinolone. This review has a brief overview of the pharmacology of triamcinolone, followed by a discussion of the clinical trials with triamcinolone. Triamcinolone is used in the treatment of respiratory inflammation, rheumatoid arthritis and a variety of other inflammatory conditions.",0
W2138893208,Treatment of acute cryptococcal disease,"Successful treatment outcome for cryptococcal disease has been available since the introduction of the polyene antifungal, amphotericin B. Over the past 15-20 years, treatment of acute cryptococcal disease has dramatically improved. Several therapeutic strategies have been introduced which improve overall outcome of therapy and help decrease the duration of treatment. Not surprisingly, most data now exists on the treatment of AIDS-associated cryptococcal disease, especially cryptococcal meningitis. Currently, amphotericin B with or without flucytosine is regarded as the best initial therapy for patients with meningitis or more severe illness, although, the azoles and other formulations of amphotericin B can considered in other situations. The choice of treatment for cryptococcal disease depends on both the anatomic sites of involvement and the host's immune status, all of which will be addressed in this article.",0
W2100577061,Variant Effect of First‐ and Second‐Generation Antihistamines as Clues to Their Mechanism of Action on the Sneeze Reflex in the Common Cold,"Treatment with first-generation antihistamines reduces sneezing, rhinorrhea, nasal mucus weight, and, in some instances, cough in subjects with experimental or natural colds; however, treatment with second-generation antihistamines has not been effective for these complaints in trials in subjects with natural colds. This article reports the negative results of a clinical trial with loratadine, a second-generation antihistamine, in adults in the rhinovirus challenge model. This finding in the highly controlled setting of the challenge model confirms the earlier negative studies with second-generation antihistamines in natural colds. First-generation antihistamines block both histaminic and muscarinic receptors as well as passing the blood-brain barrier. Second-generation antihistamines mainly block histaminic receptors and do not pass the blood-brain barrier. The effectiveness of first-generation antihistamines in blocking sneezing in colds may be due primarily to neuropharmacological manipulation of histaminic and muscarinic receptors in the medulla.",1
W1963868091,Causality Assessment of Adverse Effects,,0
W2400966729,Do antihistamines impair school performance in children?,,0
W2030014293,"Sublingual immunotherapy in tree pollen allergy. Double-blind, placebo-controlled study with a biologically standardised extract of three pollens (alder, birch and hazel) administered by a rush schedule","sublingual immunotherapy has been recognised as safe and effective but it is still poorly documented in tree pollen allergy. Allergy to alder, birch and hazel is important in Northern European countries but its clinical relevance is increasing in Southern Europe thirty patients, selected and observed for one pollen season, were randomised to receive placebo (15 patients) or active treatment (15 patients). Twenty-seven patients completed the first year and 24 of them were treated with active therapy during the second year of the study in comparison to a parallel group of ten patients treated only with drugs. Symptom and drug scores during each pollen season, birch-specific IgE, changes in skin test reactivity, changes in specific Nasal Provocation Test and the daily average pollen count for the relevant trees were considered for the assessment of the efficacy of the treatment both active and placebo group showed a statistically significant improvement in scores in comparison to the previous year, under a lower allergenic pressure. The improvement was higher in the active group (76.04 % reduction of drugs) but not significantly different from that registered in the placebo group (37.05 % reduction). In the open phase of the study, treated patients showed significantly better scores in comparison to the control group. No significant changes in skin reactivity, specific IgE and Nasal Provocation Test were registered. SLIT tolerance was very good our data show a better but not statistically significant clinical outcome for patients actively treated with SLIT, but the placebo effect and the year-by-year variability of the environmental allergenic load in our small-size pilot study do not allow for a conclusive statement about the efficacy of this form of therapy la inmunoterapia sublingual ha sido reconocida como segura y eficaz pero está aún pobremente documentada sobre alergia al polen de árboles. La alergia al aliso, abedul y avellano es importante en los países del norte de Europa, pero su relevancia clínica está aumentando en el sur de Europa 30 pacientes seleccionados y observados a lo largo de una época de polinización, fueron aleatorizados para recibir placebo (15 pacientes) o tratamiento activo (15 pacientes). Completaron el primer año 27 pacientes y 24 de ellos fueron tratados con inmunoterapia activa durante el segundo año del estudio, comparándose con un grupo paralelo tratado solamente con medicamentos. El registro de síntomas y medicamentos durante cada época de polinización, IgE específica al aliso, cambios en la reactividad de la piel, cambio en la prueba de provocación nasal específica y el recuento diario de pólenes de los árboles relevantes fueron considerados para evaluar la eficacia del tratamiento tanto el grupo activo como el placebo mostraron una mejora estadísticamente significativa en los registros, en comparación al año anterior, bajo una menor presión alergénica. La mejoría fue mayor en el grupo activo (76,04 % de reducción de medicamentos) que en el placebo (37,05 % de reducción). En la fase abierta del estudio, los pacientes tratados mostraron una puntuación significativamente mejor que el grupo control. No se registraron cambios significativos en la reactividad de la piel, IgE específica y prueba de provocación nasal específica. La tolerancia del SLIT fue muy buena nuestra información muestra un mejor, que no estadísticamente significativo, resultado clínico, en los pacientes tratados con el tratamiento SLIT activo, pero el efecto placebo y la variabilidad de año en año de la carga ambiental alergénica en nuestro pequeño ensayo piloto, no permiten realizar una afirmación concluyente sobre la eficacia de este tipo de terapia",0
W33190135,Treatment of Urticaria,,0
W2049801338,Fexofenadine reduces nasal congestion in perennial allergic rhinitis,"BACKGROUND: Nasal congestion is the predominant symptom in perennial allergic rhinitis (PAR), and it seems to be mainly related to the late-phase inflammatory events. The present pilot study aimed to evaluate the therapeutic effect exerted by fexofenadine in patients with PAR due to mite allergy. METHODS: This study was a parallel, double-blind, randomized, three-arm (1:1:1), placebo-controlled study. Thirty-one subjects with PAR were enrolled and received double-blind medication: fexofenadine 120 or 180 mg, or placebo, once a day for 28 days. RESULTS: The total symptom score was reduced by fexofenadine (both dosages) at V2 (P=0.007), whereas placebo did not modify it. Nasal congestion decreased after 1 week of treatment with fexofenadine 120 (P=0.027) and 180 (P=0.01), but not with placebo (P=NS). At V3, fexofenadine (both dosages) significantly reduced nasal congestion (P=0.011 and P=0.007, respectively), by placebo did not show any significant effect. CONCLUSIONS: This pilot study represents the first evidence of the efficacy of fexofenadine in PAR, and also the control of the nasal congestion. We suggest performing larger trials to confirm these preliminary findings.",0
W2100932576,Desloratadine reduces nasal congestion in patients with intermittent allergic rhinitis,"Nasal congestion is among the most bothersome of the symptoms of intermittent allergic rhinitis (IAR). Decongestants such as pseudoephedrine are often accompanied by adverse effects and should be avoided by patients with hypertension, arrhythmia, and other medical conditions. Most of the currently available antihistamines are ineffective for nasal congestion. Oral desloratadine, a new, potent H1-receptor antagonist, was examined for its ability to relieve nasal congestion/stuffiness in 346 patients (172 in the desloratadine group and 174 in the placebo group) with IAR. Desloratadine, administered once daily at a dose of 5 mg, demonstrated significant improvement in nasal congestion/stuffiness at all time points assessed in the study. This benefit was observed as early as the first patient evaluation on day 2 and continued throughout the 2 weeks of the study. Desloratadine is a new treatment option for patients with IAR and nasal congestion.",0
W2108630923,Superiority of an Intranasal Corticosteroid Compared With an Oral Antihistamine in the As-Needed Treatment of Seasonal Allergic Rhinitis,"BACKGROUND: The daily use of either intranasal corticosteroids or histamine(1) (H(1)) receptor antagonists has proved to be efficacious in the treatment of seasonal allergic rhinitis. Most patients, however, use these medications as needed. Our objective was to compare the effectiveness of as-needed use of H(1) receptor antagonists with that of intranasal corticosteroids in the treatment of seasonal allergic rhinitis. METHODS: We performed a randomized, open-label, parallel-group study comparing the as-needed use of an H(1) receptor antagonist (loratadine) with that of an intranasal corticosteroid (fluticasone propionate) in the management of fall seasonal allergic rhinitis in the fall of 1999. Subjects kept a diary of their daily symptoms and were examined at enrollment into the study and biweekly for 4 weeks during treatment. Outcome measures were the Rhinoconjunctivitis Quality of Life Questionnaire score, daily symptom diary scores, and the number of eosinophils and the levels of eosinophilic cationic protein in nasal lavage samples. RESULTS: Patients in the fluticasone-treated group reported significantly better scores in the activity, sleep, practical, nasal, and overall domains (P<.05) of the Rhinoconjunctivitis Quality of Life Questionnaire. The median total symptom score in the fluticasone-treated group was significantly lower than that in the loratadine-treated group (4.0 vs 7.0; P<.01). After treatment, the number of eosinophils was significantly smaller in the fluticasone-treated group compared with the loratadine-treated group (P =.001). Eosinophilic cationic protein levels followed the same pattern, with a significant correlation between the levels of eosinophilic cationic protein and the number of eosinophils (r(s) = 0.70, P<.01). CONCLUSION: As-needed intranasal corticosteroids reduce allergic inflammation and are more effective than as-needed H(1) receptor antagonists in the treatment of seasonal allergic rhinitis.",0
W2409598923,Controlled clinical study of the efficacy of loratadine in Nigerian patients with allergic rhinitis.,"An observer blind clinical study was carried out among 64 Nigerian patients with allergic rhinitis to assess the efficacy and tolerance of loratadine a new generation H1 antihistamine. Patients were allotted randomly to receive treatment for 1 week with either loratadine + Vit. C (group A), chlorpheniramine + Vit. C (group B), or Vit. C alone (group C). Assessment was by subjective symptom scoring of three nasal symptoms namely; sneezing, rhinorrhoea and nasal blockage. Difference between pre treatment and post treatment mean symptom scores was used as degree of improvement for statistical analysis and this formed the primary efficacy parameter. Adverse effects namely; anticholinergic effects, gastrointestinal effects and drowsiness were assessed following treatment. The results showed that loratadine was significantly better than Vit. C. alone (P = 0.0002) and chlorpheniramine was also significantly better than Vit. C. alone (P = 0.039). However, loratadine was significantly better than chlorpheniramine P = 0.046. Drowsiness was noted in 19.2% of patients on loratadine compared with 57.1% of patients on chlorpheniramine. lt is concluded that though both loratadine and chlorpheniramine were effective in the relief of symptoms of allergic rhinitis in Nigerian patients, loratadine was significantly more effective with minimal sedating effect.",0
W2091572860,"Pruritus in polycythaemia vera: prevalence, laboratory correlates and management","In a retrospective cohort, 192 (48%) out of 397 patients with polycythaemia vera had a documented history of pruritus. At diagnosis, the presence of pruritus was significantly associated with a lower mean corpuscular volume and a higher leucocyte count. Among 66 patients with documentation of treatment for pruritus, 389 'patient visits' were reviewed, revealing a significant correlation between active pruritus and low mean corpuscular volume, but not platelet, leucocyte or basophil count. Paroxetine and hydroxyzine were rated by patients to be the most effective drugs in controlling pruritus. These observations suggest a pathogenetic role for both iron deficiency and biogenic amines in polycythaemia vera-associated pruritus.",0
W2080279782,"Absorption, distribution, metabolism and excretion of [14C]levocetirizine, the R enantiomer of cetirizine, in healthy volunteers",,0
W2087550724,Efficacy and Safety of an Oral Formulation of Cetirizine and Prolonged-release Pseudoephedrine versus Xylometazolin Nasal Spray in Nasal Congestion,"The aim of this study was to compare the decongestant properties and tolerability of the sympathomimetic xylometazoline hydrochloride 0.1% (CAS 1218-35-5, XMZ) and an oral formulation of cetirizine hydrochloride 5 mg and pseudoephedrine hydrochloride 120 mg (CAS 83881-51-0 and 90-82-4, CTZ/PSE; Cirrus). Thirty-six asymptomatic patients suffering from perennial allergic rhinitis from house dust mite were randomized to this open two-period crossover study. Patients received the study medications for four days each. In each period, treatments were taken twice a day. On day 1 in each period, immediately after the first dose of medication, patients were challenged with Dermatophagoides pteronyssinus extract 1 in the Vienna Challenge Chamber for 5 h. Primary efficacy parameters were nasal congestion evaluated by digital analysis of nasal cavity photographs and nasal airflow. Furthermore amounts of nasal secretions, nasal and ocular symptoms were recorded. In addition, 5 independent Ear-Nose-Throat specialists also assessed nasal cavity photographs. Statistical analyses were conducted at the 5% level of significance. Digital analysis of the nasal cavity photographs as well as nasal airflow measurements did not differentiate XMZ from CTZ/PSE. Ratings of the photographs of the nasal cavity emphasized the rapid onset of XMZ. No clinically relevant adverse events were recorded. This rapid onset of action but short-lived effect of topical xylometazoline 0.1% should be balanced against the consistent and prolonged effect of systemic cetirizine/pseudoephedrine combination in the treatment of perennial allergic rhinitis as no significant differences between these 2 medications were noted regarding their decongestant properties. With the exception of nasal obstruction, all subjective symptoms as well as the global condition were significantly better under CTZ/PSE. Amounts of nasal secretions during these sessions were significantly lower with CTZ/PSE.",0
W3189551431,Cetirizine/Pseudoephedrine,,0
W2129872180,Randomised controlled trial of butterbur and cetirizine for treating seasonal allergic rhinitis,"<h3>Abstract</h3> <b>Objectives:</b> To compare the efficacy and tolerability of butterbur (<i>Petasites hybridus</i>) with cetirizine in patients with seasonal allergic rhinitis (hay fever). <b>Design:</b> Randomised, double blind, parallel group comparison. <b>Setting:</b> Four outpatient general medicine and allergy clinics in Switzerland and Germany. <b>Participants:</b> 131 patients were screened for seasonal allergic rhinitis and 125 patients were randomised (butterbur 61; cetirizine 64). <b>Interventions:</b> Butterbur (carbon dioxide extract tablets, ZE 339) one tablet, four times daily, or cetirizine, one tablet in the evening, both given for two consecutive weeks. <b>Main outcome measures:</b> Scores on SF-36 questionnaire and clinical global impression scale. <b>Results:</b> Improvement in SF-36 score was similar in the two treatment groups for all items tested hierarchically. Butterbur and cetirizine were also similarly effective with regard to global improvement scores on the clinical global impression scale (median score 3 in both groups). Both treatments were well tolerated. In the cetirizine group, two thirds (8/12) of reported adverse events were associated with sedative effects (drowsiness and fatigue) despite the drug being considered a non-sedating antihistamine. <b>Conclusions:</b> The effects of butterbur are similar to those of cetirizine in patients with seasonal allergic rhinitis when evaluated blindly by patients and doctors. Butterbur should be considered for treating seasonal allergic rhinitis when the sedative effects of antihistamines need to be avoided. <h3>What is already known on this topic</h3> Seasonal allergic rhinitis (hay fever) is common in countries with temperate climates. Most patients have their symptoms treated for short periods, particularly during peaks in atmospheric pollen count <h3>What this study adds</h3> After two weeks, the effects of butterbur and cetirizine were comparable in patients with hay fever Butterbur produced fewer sedating effects than cetirizine Butterbur should be considered when the sedating effects of antihistamines must be avoided",0
W1548337575,[Efficacy and safety of fexofenadine and cetirizine in the treatment of allergic rhinitis].,"BACKGROUND: Allergic rhinitis affects 20 million of people in United States and a higher figure all around the world. OBJECTIVE: To evaluate the efficacy and safety of fexofenadine compared with certirizine in the treatment of allergic rhinitis. MATERIAL AND METHOD: It was carried out a prospective, double blind, comparative, randomized and multicentric study in patients with allergic rhinitis, with ages between 12 and 65 years. In the first phase, placebo was administered during three days to all the patients; and then, they were randomly allocated to receive fexofenadine 120 mg or cetirizine 10 mg in one dose a day during 14 days. Laboratory and cabinet tests at the beginning and at the end were performed to value security, as well as a global evaluation of the researcher to estimate effectiveness. RESULTS: 176 patients were included, 63.6% were women, average age was 27 years (+/- 12), 47.7% received fexofenadine and 52.2%, cetirizine. There was not significant difference in parameters of effectiveness nor of security in the studied group. CONCLUSION: The results of the present study confirm the efficacy and safety of the antihistaminic fexofenadine in the treatment of allergic rhinitis.",0
W2126306700,The effect of loratadine in exercise-induced asthma,"AIMS: To assess the effect of loratadine in exercise induced asthma. METHODS: Randomised, double blind, placebo controlled study of 10 mg oral loratadine, once daily for three days in 11 children. At the end of the treatment period FEV(1) was measured, and patients were exercised on a treadmill. FEV(1) measurements were repeated at intervals after exercise. RESULTS: Loratadine significantly reduced the decrease in FEV(1) after exercise at two, five, 10, 15, and 30 minutes, compared with placebo (p < 0.05). However, the mean decrease in FEV(1) at five minutes was more than 15% of baseline in the loratadine group. CONCLUSIONS: Loratadine reduces, but does not prevent, exercise induced asthma in children.",0
W2055682060,Effects of the Selective H1and H2Histamine Receptor Antagonists Loratadine and Ranitidine on Autonomic Control of the Heart,"BACKGROUND: H1 and H2 histamine receptor subtypes are present throughout the heart and may be involved in disturbances of cardiac rhythm that occur during anaphylaxis. Although H1 and H2 receptor antagonists are used in the treatment of anaphylaxis, there have been reports implicating these drugs in the genesis of dysrhythmias. This study was designed to investigate the effects of the selective H1 and H2 receptor antagonists loratadine and ranitidine on physiologic autonomic control of the healthy cardiovascular system. METHODS: Using a double-blind, crossover design, 14 healthy volunteers completed the protocol and were randomized to receive one dose of loratadine (20 mg), ranitidine (300 mg), or placebo on each of three separate testing sessions. Continuous electrocardiogram and BP recordings were obtained before and 3 h after administration of study drug. Effects on cardiac autonomic control were quantified using power spectral analysis of heart rate variability and calculation of spontaneous baroreflex sensitivity. RESULTS: Neither placebo nor loratadine significantly altered indices of autonomic cardiovascular control. Conversely, H2 antagonism with ranitidine resulted in a 23.3% decrease in baroreflex sensitivity (P < 0.05) and a corresponding 25.0% decrease in the ratio of high frequency to total power of heart rate variability, both indices of parasympathetic modulation (P < 0.01). Furthermore, ranitidine evoked a concomitant 103.8% increase in the ratio of low to high frequency power of heart rate variability, an index of sympathetic control (P < 0.01). CONCLUSIONS: H1 receptor antagonism with loratadine does not influence physiologic cardiovascular control in young healthy subjects. However, the altered cardiac sympathovagal balance after oral administration of the H2 receptor antagonist ranitidine indicates a shift toward sympathetic predominance in heart rate control. The authors postulate that this could have implications regarding susceptibility to arrhythmias in conditions of heightened sympathetic stimulation.",0
W2130605490,Systematic review of randomised controlled trials of over the counter cough medicines for acute cough in adults,"OBJECTIVES: To determine whether over the counter cough medicines are effective for acute cough in adults. DESIGN: Systematic review of randomised controlled trials. DATA SOURCES: Search of the Cochrane Acute Respiratory Infections Group specialised register, Cochrane Controlled Trials Register, Medline, Embase, and the UK Department of Health National Research Register in all languages. INCLUDED STUDIES: All randomised controlled trials that compared oral over the counter cough preparations with placebo in adults with acute cough due to upper respiratory tract infection in ambulatory settings and that had cough symptoms as an outcome. RESULTS: 15 trials involving 2166 participants met all the inclusion criteria. Antihistamines seemed to be no better than placebo. There was conflicting evidence on the effectiveness of antitussives, expectorants, antihistamine-decongestant combinations, and other drug combinations compared with placebo. CONCLUSION: Over the counter cough medicines for acute cough cannot be recommended because there is no good evidence for their effectiveness. Even when trials had significant results, the effect sizes were small and of doubtful clinical relevance. Because of the small number of trials in each category, the results have to be interpreted cautiously.",0
W146275828,Efficacy and safety of levocetirizine in seasonal allergic rhinitis.,"OBJECTIVE: Pharmacodynamic studies have demonstrated that levocetirizine is the active enantiomer of cetirizine. This first therapeutic trial of levocetirizine aimed at determining the dosage with the best benefit/risk ratio in patients with seasonal allergic rhinitis (SAR). METHODS: Patients with seasonal allergic rhinitis were randomised in a placebo-controlled, double-blind, parallel-group multicentre study 2.5, 5, 10 mg levocetirizine or placebo once daily during 2 weeks. Patients filled in a diary evaluation card every evening before taking study medication using the classical (0-3) scale for assessment of severity of sneezing, rhinorrhea, nasal congestion, nasal pruritus and ocular pruritus over the preceding 24 hours. The Total Four-Symptom Score (T4SS) was calculated by adding the individual symptom scores, excluding nasal congestion. RESULTS: 470 patients were included and constituted the intent-to-treat population. All 3 doses of levocetirizine were significantly superior to placebo in reducing the mean T4SS over the 2 weeks (all P (0.001). Additionally, individual symptom severity scores for sneezing, rhinorrhea, itchy nose, and itchy eyes were also significantly decreased for all doses of levocetirizine. Levocetirizine was significantly superior to placebo in reducing symptom severity with an important global treatment effect (P = 0.0001), except for nasal congestion. Furthermore, there was simple linear relationship between levocetirizine dosages and reduction of T4SS (P = 0.001). All doses were well tolerated, somnolence was higher with 10 mg (10.2%) than 5 mg (1.7%) and other adverse events were more frequent with the highest dose. CONCLUSION: Levocetirizine 5 mg once daily has an optimal benefit/risk ratio in the treatment of SAR.",0
W1972959513,Comparative activity of cetirizine and mizolastine on histamine‐induced skin wheal and flare responses at 24 h,"AIMS: The aim of our study was to compare the activity of cetirizine 10 mg with that of mizolastine 10 mg vs placebo at 24 h after intake in healthy volunteers. METHODS: This was a double-blind, randomized, placebo controlled, three-way cross-over study with a wash-out period of 7 +/- 2 days between each period. The study included 36 healthy volunteers (18--50 years, mean age = 32 years; 9 males). The objective measurement was the cutaneous reactivity to increasing concentrations of histamine (0, 5, 10, 20, 40, 80, 160 mg ml(-1)) administered by prick tests. The reactivity was evaluated by the wheal and flare areas (mm2). The AUC (area under curves) values of the wheal and flare areas as a function of the log2 transformed histamine concentration were calculated for each subject and treatment, and compared. RESULTS: A highly significant treatment effect was evidenced both for wheal and flare responses (P = 0.0001). This indicates the good activity of both cetirizine 10 mg and mizolastine 10 mg in inhibiting skin wheal and flare reactions to histamine. In addition, the mean AUC values significantly differed between cetirizine and mizolastine (64.8 and 117.8 log2 (mg ml(-1)) x mm2 for wheal, and 939.4 and 2340.8 for flare, respectively; P = 0.0001), with a superior activity of cetirizine than mizolastine at 24 h after intake both on wheal and flare responses. The tolerance of cetirizine and mizolastine was good. The severity of the adverse events was never more than 'moderate', 'fatigue' being the most frequent reported symptom [cetirizine (6 subjects), placebo (3), mizolastine (5)], followed by 'somnolence' [cetirizine (0), placebo (1), mizolastine (3)]. There was no serious adverse event. CONCLUSIONS: This study shows that cetirizine (10 mg) suppresses skin reactivity to histamine more effectively than mizolastine (10 mg) 24 h after intake in healthy volunteers.",0
W2037864197,Montelukast,,0
W2013172494,Dose‐Dependent Inhibition of the CYP2D6 Catalyzed Oxidation of Sparteine by Mepyramine in Healthy Volunteers,"CYP2D6 is important for the metabolism of at least 30 different therapeutically important drugs and the CYP2D6 poor metabolizer phenotype is present in approximately 4-10% of Caucasian populations (Cholerton et al. 1996).If poor metabolizers are repeatedly treated with a substrate for CYP2D6, an exaggerated response and possibly a toxic effect can occur at therapeutic doses, because of accumulation.The same can happen in an extensive metabolizer with the combined treatment with a potent inhibitor of CYP2D6 (Brøsen & Gram 1989).H 1 -receptor antagonists have been widely used to treat dermatitis and rhinitis.Despite their widespread use for several decades, relatively little pharmacokinetic data are available for antihistamines marketed before 1960.One of the oldest antihistamines, mepyramine, has been shown to be a potent inhibitor of rat and human CYP2D isoforms with a K i value of 1.1 mM in human hepatic microsomes (Hiroi et al. 1995).According to several in vitro studies, the other first generation antihistamines have also low K i values, the K i values of clemastine, diphenhydramine, hydroxyzine and chlorpheniramine being ∂2, 2.5, ∂4-6, and ∂11 mM, respectively (Hiroi et al. 1995, Hamelin et al. 1998).Because of this, first generation antihistamines may have a potential to produce in vivo CYP2D6 enzyme-specific drug-drug interactions.Results of a recent study suggested that among the first generation antihistamines diphenhydramine might be the first candidate for clinically important drug interaction (Hamelin et al. 2000).The purpose of the present study was to screen in healthy volunteers the effects of four antihistaminics, mepyramine, clemastine, chlorpheniramine and cetirizine on CYP2D6 activity in single-dose experiments.The study was carried out as an open, randomized study",0
W2085138834,"Effects of emedastine and cetirizine, alone and with alcohol, on actual driving of males and females","Emedastine is registered in its country of origin (Japan) as an antihistamine for the indication of seasonal allergic rhinitis. Further research on the drug's sedating properties was needed to secure its registration elsewhere. The present study was designed to compare the effects of emedastine 2 mg and 4 mg twice daily after single and repeated doses, on actual driving performance versus those of cetirizine 10 mg once daily and placebo; and to determine how repeated doses of each drug interact with alcohol to affect driving. Each treatment was administered for 5 days to 19 healthy volunteers (nine men and ten women, aged 21-45 years) according to a four-period double-blind cross-over design. Driving performance was measured in a standardized test between 3 and 4 h after administration of the morning dose on days 1, 4 and 5. Alcohol, sufficient for achieving a blood alcohol concentration of 0.05 g/dl was given before driving on day 5 of each period. Both emedastine doses similarly and significantly impaired driving in every test. The effects of cetirizine were less. They were significant over days 1, 4 and 5 combined, although not separately. Women were more impaired by both drugs. Alcohol increased driving impairment similarly in every condition. Subjects were only able to discriminate the sedating and impairing effects of the first dose of emedastine 4 mg from placebo. Emedastine, in oral doses of 2 mg and 4 mg twice daily, is sedating and impairs driving. The drug could therefore constitute a traffic hazard and its users should be warned accordingly.",0
W2070381502,"A randomized, double-blind, placebo-controlled comparison of emedastine 0.05% ophthalmic solution with loratadine 10 mg and their combination in the human conjunctival allergen challenge model",,0
W2015782988,Grapefruit Juice Reduces the Oral Bioavailability of Fexofenadine But Not Desloratadine,,0
W2019798276,Laser-induced weal and flare reactions: clinical aspects and pharmacological modulation,"BACKGROUND: Among the adverse effects of cutaneous laser therapy, weal and flare reactions immediately after treatment have received little attention, and the pathomechanisms are unclear. OBJECTIVES: To study clinical features and possible mechanisms of laser-induced weal and flare reactions in order to identify means of possible therapeutic intervention. METHODS: Normal skin from the inner arm of 20 volunteers was treated with an argon laser, and the size of weal and flare reactions was measured over a 60-min period. Skin biopsies were taken from four volunteers before and up to 24 h after laser treatment and examined histologically and immunohistologically. Possible underlying mechanisms were also explored using various topical or systemic pharmacological agents. RESULTS: Wealing was noted in 19 of 20, and flare reactions in all volunteers, with peak values at 15 min. Skin biopsies showed central coagulation of the tissue, cleft formation between epidermis and dermis, normal numbers of morphologically intact mast cells on toluidine blue staining close to the lesion, and only minor upregulation of endothelial and leucocyte adhesion molecules. In agreement with these findings, pretreatment with acetylsalicylic acid, the H1-blocker loratadine and triamcinolone cream was ineffective or resulted in a non-significant reduction of weal and flare reactions. In contrast, local anaesthetics as well as neuropeptide depletion of skin with capsaicin abolished the reactions almost completely. CONCLUSIONS: Transient weal and flare reactions in response to laser treatment occur in almost all persons and are based primarily on a neurogenic rather than a histamine- or mast cell-dependent mechanism.",0
W1980815711,"[Chronic idiopathic urticaria: effectiveness of fexofenadine. A double-blind, placebo controlled study with 21 patients].","Chronic urticaria defined as repeated or daily eruptions of wheals within a week over a period of at least 1 1/2 months is a frustrating problem not only for the patient but also for the physician. Since a cause will seldom be identified, therapy is symptomatic. In this study the effect of fexofenadine the active metabolite of terfenadine on pruritus, wheal formation and subjective feedbacks has been investigated in 21 patients with chronic urticaria. The study was double-blind, placebo-controlled designed. Following a 1-week washout period all study subjects received fexofenadine 180 mg OD for 3 weeks; thereafter the subjects were randomized for another 3 weeks in a placebo and fexofenadine arm. This study showed that fexofenadine had a beneficial effect on urticaria, particularly pruritus, and the patient-reported symptoms. Reports on side effects were non characteristic and not different between fexofenadine and placebo. Prolongation of QTc intervals or other cardiac side effects have not been observed. Fexofenadine 180 mg is a new antihistamine that is effective in the treatment of chronic urticaria and that has a profile of side effects similar to placebo.",0
W2057743031,"Comparison of cetirizine, ebastine and loratadine in the treatment of immediate mosquito‐bite allergy","BACKGROUND: People frequently experience whealing and delayed papules from mosquito bites. Whealing is mediated by antisaliva immunoglobulin (Ig)E antibodies and histamine. Cetirizine, ebastine and loratadine have earlier shown effects on mosquito-bite reactions but no comparative studies exist. METHODS: A double-blind, placebo-controlled, cross-over study was performed with cetirizine 10 mg, ebastine 10 mg and loratadine 10 mg in 29 mosquito-bite-sensitive adults exposed to Aedes aegypti mosquito-bites. The size of the bite lesion and the intensity of pruritus (visual analog scale) were measured at 15 min and 2, 6 and 24 h. RESULTS: Cetirizine and ebastine, but not loratadine, decreased significantly the size of whealing (P < 0.01) and accompanying pruritus (P < 0.001) compared to placebo. Cetirizine was most effective on pruritus but caused more often sedation than ebastine or loratadine. The delayed bite symptoms remained too faint for any statistical comparison. CONCLUSION: This comparative study in mosquito-bite-sensitive adults shows that cetirizine and ebastine decrease significantly whealing and accompanying pruritus, and that cetirizine seems to be the most effective against pruritus.",1
W1970250060,Cardiotoxicity of new antihistamines and cisapride,,0
W1481041380,"Lack of effect of single and repeated doses of levocetirizine, a new antihistamine drug, on cognitive and psychomotor functions in healthy volunteers","AIMS: Levocetirizine (R-cetirizine), is the active enantiomer of cetirizine, an antihistamine indicated in the treatment of allergic rhinitis and chronic idiopathic urticaria. The purpose of this trial was to analyse the effects of levocetirizine single and multiple doses on CNS using integrated measures of cognitive and psychometric performance. METHODS: A battery of psychometric tests was used: critical flicker fusion (CFF), choice reaction time (CRT), body sway (BS), learning memory test (LMT) and subjective assessments of alertness compared with placebo. Nineteen (19) healthy male volunteers received either levocetirizine 5 mg (therapeutic dose), diphenhydramine 50 mg or placebo once daily for 5 consecutive days (3-way cross-over). Diphenhydramine was used as a positive control. CFF tests were performed on days 1 and 5 at baseline and up to 24 h following drug intake. Subjects used the Bond-Lader visual analogue scales (VAS) to assess their mood and vigilance. RESULTS: In contrast to diphenhydramine, when compared with placebo, levocetirizine did not modify the CFF (primary endpoint), regardless of the dosing scheme (-1.62 Hz [-2.61, -0.64] and -0.81 Hz [-1.80, 0.19], respectively, 3 h after dosing on day 1). CRT was decreased with both levocetirizine and placebo up to 5 h after dosing on day 1 and up to 3 h after dosing on day 5. Body sway data were similar with levocetirizine and placebo but increased with diphenhydramine. LMT was similar in all three groups. No relevant difference between placebo and levocetirizine was recorded by the subjects on their assessment of alertness using the VAS, whilst decreased alertness was reported following diphenhydramine 50 mg. CONCLUSIONS: This study showed that levocetirizine does not produce any deleterious effect on cognitive and psychometric functions compared with placebo in healthy male volunteers.",0
W46025024,Therapeutic efficacy and safety of loratadine syrup in childhood atopic dermatitis treated with mometasone furoate 0.1 per cent cream.,"Atopic dermatitis is a common skin disease in Thai children. The treatment of atopic dermatitis requires topical corticosteroids, emollients, systemic antihistamine as well as avoidance of the precipitating factors. A double blind multicenter placebo controlled study was conducted to assess the therapeutic efficacy of topical mometasone furoate 0.1 per cent cream in combination with loratadine syrup. Forty-eight patients, 23 boys and 25 girls, mean age 73.67 months, with atopic dermatitis were included in the study. The severity of the disease was measured by using the SCORAD index including the degree of erythema, dryness, edema/papulation, oozing/crusting, lichenification, and excoriation. Total area involved was measured and a target area of dermatitis was selected for specific evaluation. The degree of clinical signs and pruritic symptom was graded. The sensation of pruritus, disturbance of sleep due to pruritus, and feeling of sleepiness in the morning were recorded. Mometasone furoate 0.1 per cent cream was applied to all patients once daily. One group received loratadine syrup and another group received placebo syrup. They were followed-up on day 5, 8 and 15. The severity of atopic dermatitis and pruritus significantly decreased after 14 days of treatment in both groups (p < 0.001). There was no difference in therapeutic response between the loratadine and placebo groups (p = 0.99). All signs examined had decreased by the end of the study. The result demonstrated that 0.1 per cent mometasone therapy is very effective for treating childhood atopic dermatitis. Loratadine did not show beneficial effect when combined with good topical corticosteroid but it was safe and had no serious side effect on the children.",0
W1981622216,"Long-Term Evaluation of the Impact of the H1-Receptor Antagonist Cetirizine on the Behavioral, Cognitive, and Psychomotor Development of Very Young Children with Atopic Dermatitis",,0
W2168696405,24-hour efficacy of once-daily desloratadine therapy in patients with seasonal allergic rhinitis [ISRCTN32042139],"BACKGROUND: Early studies with desloratadine demonstrated efficacy in treating seasonal allergic rhinitis (SAR). A dose-ranging study was conducted to characterize its 24-hour efficacy in patients with SAR. METHODS: Patients (N = 1,026) were randomly assigned once-daily (QD) desloratadine (2.5, 5, 7.5, 10, or 20 mg) for 2 weeks in a placebo-controlled, double-blind study. The end point of 24-hour efficacy was assessed by the mean change from baseline in the average AM instantaneous total symptom score (TSS) over the treatment period. Day 2 data were assessed for efficacy of desloratadine following the first dose. Other efficacy variables included AM/PM previous total nasal and nonnasal symptom scores and individual symptom scores. RESULTS: Desloratadine 5-20 mg was significantly (P <.01) more effective than placebo in improving total AM instantaneous TSS and AM/PM previous total nasal and nonnasal symptom scores. This dosing range also was significantly (P <.01) more effective than placebo for reducing AM instantaneous TSS beginning with the first dose; thus, demonstrating the full 24-hour efficacy of desloratadine. AM/PM previous scores for all individual symptoms, including nasal congestion, were also significantly improved versus placebo (P <.05) with desloratadine at 5, 7.5, and 20 mg. All treatments were well tolerated. There were no clinically meaningful changes in electrocardiogram parameters. CONCLUSION: Desloratadine 5-20 mg provided significant 24-hour relief of SAR signs and symptoms. There were no statistically significant differences between the 4 largest doses suggesting that desloratadine 5 mg QD offers the best therapeutic profile for patients with SAR.",0
W2141629339,The combination of single-dose montelukast and loratadine on exercise-induced bronchospasm in children,"The aim of the study was to evaluate the protective effect of single-dose, combination treatment comprising montelukast (5 mg) and loratadine (10 mg), on exercise-induced bronchoconstriction in asthmatic children. The combination was compared to placebo, loratadine and montelukast alone. Nineteen children were enrolled in a double-blind randomised, single-dose, crossover study. For each treatment patients undertook two treadmill exercise tests, 2 and 12 h respectively after single-dose administration. No significant differences were seen in the maximum fall in forced expiratory volume in one second (FEV1) 2 h after treatment and placebo. Whereas significant differences in maximum fall in FEV1 were observed between treatment groups 12 h after administration. Loratadine alone did not show any significant protection or any additional effect in comparison with montelukast alone. Single doses of montelukast and montelukast plus loratadine were significantly more effective than loratadine at 12 h. The present study, performed using single-dose treatments, demonstrated that maximal protective effect by montelukast was obtained 12 h after dosing and that montelukast plus loratadine did not result in significant additive bronchoprotective effects on exercise-induced bronchoconstriction.",0
W2014448032,Lack of Clinically Relevant Interaction Between Desloratadine and Erythromycin,,0
W2088576983,Desloratadine Has No Clinically Relevant Electrocardiographic or Pharmacodynamic Interactions with Ketoconazole,,0
W2167382062,Comparison of the efficacy of combined fluticasone propionate and olopatadine versus combined fluticasone propionate and fexofenadine for the treatment of allergic rhinoconjunctivitis induced by conjunctival allergen challenge,,0
W2145297588,Single-Patient Drug Trial Methodology for Allergic Rhinitis,"BACKGROUND: Historically, single-patient trials (SPTs) have been specifically designed for each patient, requiring significant time and effort for execution. There has been no previous attempt to standardize an SPT for routine commercial availability. OBJECTIVE: To validate the use of an SPT method to discriminate effectiveness and adverse events while comparing drugs/doses in patients with allergic rhinitis. DESIGN: Double-blind, randomized, 4 paired-period, multiple-crossover SPT. SETTING: Academic and commercial investigative sites. PATIENTS: Thirty-six patients with allergic rhinitis were evaluated for the most appropriate treatment; 6 of these participated in 2 different SPTs. INTERVENTIONS: Treatment of symptoms of allergic rhinitis by comparing either loratadine with chlorpheniramine maleate or loratadine with placebo in a series of SPTs. MEASUREMENTS: Effectiveness endpoints were selected from a modern, Food and Drug Administration (FDA)-approved new drug application. Expected adverse events were directly solicited; unsolicited events were also recorded. Total signs and symptoms cumulatively included sneezing, runny nose, itchy nose, teary eyes, and itchy eyes. Quality of life was measured by the most bothersome symptom and the patient's global evaluation. RESULTS: Of 42 initiated SPTs, 40 (95%) provided complete data and 1 (2%) provided partial data, resulting in 41 (98%) evaluable tests. Thirty-one evaluable SPTs compared loratadine 10 mg/d with chlorpheniramine maleate 12 mg twice daily, and 10 SPTs compared loratadine 10 mg/d with placebo. Four of 31 SPTs (13%) showed significant superiority for loratadine over chlorpheniramine maleate and 5 of 31 (16%) for chlorpheniramine maleate over loratadine. Twenty-two of 31 (71%) showed parity performance between loratadine and chlorpheniramine maleate. Loratadine was significantly superior to placebo in 3 of 10 trials (30%), consistent with rates found in 3 pivotal group trials used for FDA approval (24%, 17%, and 0%). Sleepiness could be discriminated for loratadine versus placebo and for chlorpheniramine maleate versus loratadine. CONCLUSIONS: The allergic rhinitis SPT proved to be acceptable to patients, feasible to administer, and reproducible. It can statistically discriminate effectiveness and adverse events, serving as a useful, prognostic tool in community practice.",0
W1515204355,A comparative study of the side effects between pseudoephedrine in Loratadine plus Pseudoephedrine Sulfate Repetabs Tables and loratadine + pseudoephedrine tablet in treatment of allergic rhinitis in Thai patients.,"The objective of the study was to evaluate the adverse reactions of Loratadine plus Pseudoephedrine Sulfate Repetabs Tables (LTD+PSE Repetabs) (Loratadine 5 mg + Pseudoephedrine 120 mg) twice daily with that of loratadine (5 mg) twice daily and pseudoephedrine (60 mg) quarter daily in the treatment of patients with allergic rhinitis. The study was designed as an investigator-blind, parallel group study. In this study, 56 patients were equally separated into 2 groups and treated for 14 days with either LTD+PSE Repetabs or loratadine + pseudoephedrine tablet. Both groups were comparable in age, gender, weight; baseline systolic blood pressure, diastolic blood pressure and pulse rate. The change of systolic blood pressure, diastolic blood pressure, and pulse rate did not reach clinical significance throughout the study period. There was no significant difference in occurrences of insomnia, palpitation, mouth dryness and anxiety. However, the incidence of patients with tremor at day 14 in the loratadine + pseudoephedrine tablet group was significantly higher than the LTD+PSE Repetabs group (39% vs 10.7%, p-value = 0.03). Furthermore, one patient in the loratadine + pseudoephedrine tablet group had to discontinue medication at day 7 due to insomnia. In conclusion, LTD+PSE Repetabs is well tolerated and has fewer adverse effects when compared to the loratadine + pseudoephedrine tablet.",0
W1972179817,The use of handheld computers in clinical trials,,0
W2041682873,Urticaria por frío: revisión de 12 casos,"BACKGROUND: Cold urticaria is caused after exposition to cold air, water and food. It is the third more frequent physical urticaria in pediatric population. METHODS AND RESULTS: We reviewed twelve patients, studied different characteristics and obtained following results: mean age is 12 years and 9 months and it is more frequent in female subjects, atopy is present in 67 % of patients, other physical urticaria are present in 25 % and there is not familial inheritance. 83 % of patients have localized and generalized symptoms. Cold stimulation test is positive in 92 %. Cryoglobulins and cold agglutinins are negative in 100 % of patients in which these tests were made. There is infectious disease in only two patients. Cetirizine was used in most of patients and it was successful in 70 %. Mean duration is 3 years and 6 months. Only patient with negative cold stimulation test remains without symptoms. CONCLUSIONS: Cold urticaria must be initially diagnosed by cold stimulation test and clinical history. Cetirizine is effective and cause less adverse effects than other antihistamines traditionally used.",0
W2466834804,"DERMAL OBJECTIVE PHARMACODYNAMIC PROFILE OF CETIRIZINE AND EPINASTINE: TWO CONTROLLED, RANDOMISED, DOUBLE‐BLIND, CROSSOVER STUDIES","Two double-blind clinical pharmacology studies were performed in healthy volunteers to compare the dermal pharmacodynamic profile of epinastine with cetirizine, a well-documented anti-H1 antagonist, after oral administration at the usual recommended dosage, i.e. 10 mg cetirizine and 20 mg epinastine (versus placebo). Histamine skin challenges (prick test) were evaluated before and at 1, 2, 4, 8 and 24 hr after drug intake by measuring the wheal and flare area (studies 1 and 2) along with laser Doppler monitoring of the microvascular responses (study 2). A decrease in wheal and flare areas was observed following intake of both drugs compared with placebo controls. With the notable exception of 1 hr post dose wheal values, which were consistently smaller after epinastine, cetirizine was superior to epinastine for both wheal and flare at all other times. At the prick test site, treatment with epinastine and cetirizine accentuated the increase in blood flow induced by histamine. This reflects the decrease of the whealing but there was no significant difference between the two active test compounds. At 1 cm from the prick test site, the administration of both active treatments inhibited the increase of blood flow, and cetirizine showed a more potent inhibitory effect from 8 hr post dose. This reflects the reduction of the flare induced after histamine-receptor activation of the axon reflex. In conclusion, epinastine shows a rapidly greater (within 1 hr post dose on the wheal only) but vanishing effect than cetirizine. At all other time points, cetirizine was generally more effective than epinastine.",0
W2409155451,"Inmunoterapia con un extracto oral de Alternaria en el asma infantil. Eficacia clínica, seguridad, repercusiones sobre parámetros in vivo e in vitro","Ante la escasez de trabajos con inmunoterapia oral de Alternaria, planteamos la realización de un ensayo clínico en 39 pacientes, con edades comprendidas entre 7 y 17 años, alérgicos a Alternaria, y sensibilizados también a pólenes y epitelios para evaluar su eficacia clínica y seguridad, así como las repercusiones sobre parámetros in vivo e in vitro Se empleó un extracto estandarizado, determinando la actividad alérgica mediante RAST inhibición y prick test cutáneo. La cuantificación del alergeno principal (Alt a 1) se llevó a cabo mediante la técnica de fijación en dos lugares, siendo el contenido medio de 34,2 ng Alt a 1/µg de proteína. Los parámetros analizados fueron la puntuación de síntomas-medicación, prick test cutáneo a punto final (TC), test de broncoprovocación específico (TBPE), pico de flujo (PF), IgE total y específica e IgG4 Diecinueve pacientes recibieron tratamiento activo con inmunoterapia oral (ITO) y otros diecinueve recibieron tratamiento sintomático. La fase de inicio de la inmunoterapia duró 3 meses, hasta llegar a dosis máxima, que se mantuvo durante 12 meses, alcanzando una dosis acumulada media de 280.000 PNU Se hallaron diferencias significativas en la disminución de la puntuación de síntomas-medicación en el grupo tratado, tras los 12 meses de inmunoterapia (ITO). No se encontraron diferencias en el grupo control. La inmunoterapia fue bien tolerada, presentando 0,42 reacciones adversas (RA) por 100 dosis administradas, siendo de carácter leve-moderado exclusivamente. Se encontró disminución significativa del tamaño de pápula en el grupo tratado. El TBPE expresado mediante la PD20 mostró cifras significativamente más altas en el grupo con ITO. El pico de flujo no mostró cambios en ninguno de los dos grupos. Los valores de la IgG4 fueron significativamente más altos en el grupo con inmunoterapia. Los niveles de IgE total y específica no mostraron cambios significativos en ambos grupos En conclusión, la Inmunoterapia Oral con extracto de Alternaria ha demostrado eficacia clínica en pacientes pediátricos, siendo en general bien tolerada, modificando la reactividad específica cutánea y bronquial con incremento de los niveles de IgG4 específica implicados en la respuesta humoral Studies of immunotherapy with oral Alternaria extracts are scarce. We decided to perform a clinical trial of the clinical safety and efficacy of this extract as well as of its effects on in vivo and in vitro parameters in 39 patients with Alternaria allergy, aged between 7 and 17 years, who are also sensitized extract was used. Allergic activity was determined through RAST inhibition and skin prick test. Quantification of the principal allerten (Alt a 1) was performed through the 2-site binding assay, with a mean content of 34.2 ng Alt a 1/µ/g protein. The parameters analyzed were the symptom-medication score, skin prick using the end-point technique, specific bronchial challenge test, peak flow, total and specific IgE and IgG4 Nineteen patiens received active treatment with oral immunotherapy and another 19 received symptomatic treatment. The initial phase of immunotherapy lasted 3 months until the maximum dose was reached. This was maintained for 12 months; the mean accumulated dos was 280,000 PNU Significant differences were found in reduction in the symptom-medication score in the treated group after 12 months of immunotherapy. No differences were found in the control group. Immunotherapy was well tolerated with 0.42 adverse reactions per 100 doses administered. All adverse reactions were mild-to-moderate. In the treated group, papule size was significantly reduced. Values for the specific bronchial challenge test, expressed through PD20, were significantly higher in the immunotherapy group. Peak flow showed no changes in either group. Values of IgG4 were significantly higher in the immunotherapy group. Total and specific IgE levels showed no significant changes in either group In conclusion, oral immunotherapy with Alternaria extract is clinically effective in pediatric patients. In general, the therapy was well tolerated. It modified specific cutaneous and bronchial reactivity in our sample and increased levels of specific IgG4, wich are implicated in humoral response",0
W2011751210,Roles of histamine in regulation of arousal and cognition: functional neuroimaging of histamine H1 receptors in human brain,,0
W2317418659,Optimising parameters for peripheral blood leukapheresis after r-metHuG-CSF (filgrastim) and r-metHuSCF (ancestim) in patients with multiple myeloma: a temporal analysis of CD34+ absolute counts and subsets,,0
W2039373781,Rapid Effects of Olopatadine Hydrochloride on the Histamine‐Induced Skin Responses,"Olopatadine hydrochloride is one of the second-generation nonsedating antihistamines that are used for treating allergic disorders such as urticaria, rhinitis, and atopic dermatitis. We examined the inhibitory effects of this drug on the flare and wheal responses induced by histamine iontophoresis at 30, 60, and 90 min after oral administration in a double-blind, cross-over, and placebo-controlled study. Olopatadine hydrochloride significantly inhibited the histamine-induced flare and wheal responses as early as 60 min after oral administration when compared with placebo. Significant inihibitory effects of olopatadine hydrochloride on the itch responses were seen at 90 min after administration. Thus, olopatadine hydrochloride exhibited a very rapid and potent antihistamine effect on the histamine-induced skin responses.",0
W2153995262,"Why Aren't Lower, Effective, OTC Doses Available Earlier by Prescription?","BACKGROUND: Many popular oral over-the-counter (OTC) drugs were originally available only by prescription, but not at the low doses contained in their OTC counterparts. Yet, if OTC doses are effective for treating mild symptoms, why weren't these low, often safer doses made available at least by prescription when the drugs were first approved? OBJECTIVE: To examine issues surrounding the delayed approval of OTC doses by the Food and Drug Administration (FDA). METHODS: Information reviewed included package inserts, data obtained from manufacturers, and articles published in MEDLINE (1966 to December 2001). Medications examined included presently available and potentially approved OTC antiinflammatory, gastrointestinal, and antihistamine drugs. RESULTS: Considerable data demonstrate the effectiveness of ibuprofen, naproxen, ranitidine, famotidine, nizatidine, diphenhydramine, and clemastine at OTC doses. Published studies also show the effectiveness of celecoxib, omeprazole, and fexofenadine at doses 33-50% lower than currently recommended for prescription use. CONCLUSIONS: OTC doses are effective for many patients with mild symptoms and for some with serious symptoms. However, OTC-like doses are usually not offered when drugs are approved for prescription use because new drugs are usually studied in patients with serious conditions requiring higher doses; manufacturers and the FDA seem to prefer a middle-dose approach; >75% of subjects in premarketing dose studies are male; and averaging the responses of study subjects may obscure a wide range of interindividual variation in drug response. Simplistic dosage guidelines make therapeutic decisions easier. Because dose-related adverse effects frequently diminish quality-of-life and reduce adherence, the early availability of OTC-like doses, at least by prescription, would allow healthcare professionals greater flexibility in matching medication doses to patients' widely differing needs.",0
W2124082802,Failure of Cetirizine and Fexofenadine to Prevent Motion Sickness,"OBJECTIVE: To determine the effectiveness of 2 second-generation antihistamines in modulating motion sickness induced by Coriolis vestibular cross-coupling stimulation. METHODS: This prospective, randomized, double-blind, crossover, placebo-controlled study was conducted in 18 healthy adults. Subjects were exposed to Coriolis vestibular cross-coupling in the laboratory using the Staircase Profile Test for baseline susceptibility and when under the influence of cetizirine, fexofenadine, and placebo. Subjective evaluation of sickness symptoms was based on the Graybiel diagnostic criteria of acute motion sickness, Golding's scale, and the Coriolis Sickness Susceptibility Index. RESULTS: Repeated measures ANOVA and Friedman nonparametric ANOVA of rank tests revealed that there were significant differences in symptom assessments based on Graybiel's diagnostic criteria (p < or = 0.001), subjective symptoms of motion sickness (p < or = 0.001), and state-anxiety (p < or = 0.001) before and after motion exposure. However, there are no significant differences between the baseline susceptibility to motion sickness and treatment with placebo, cetirizine, or fexofenadine. CONCLUSIONS: The failure of the second-generation antihistamines cetirizine and fexofenadine to prevent motion sickness suggests that the therapeutic actions of this class of antihistamines against motion sickness may be mediated through central versus peripheral receptors. The sedative effect of other antihistamines, such as hydroxyzine, may play a more significant role in alleviating motion sickness than previously thought.",0
W2166222976,Desloratadine: A Nonsedating Antihistamine,"OBJECTIVE: To review information on desloratadine, a nonsedating antihistamine. DATA SOURCES: An English-language MEDLINE search was conducted (1966-July 2002). References of identified articles were subsequently reviewed for additional data. Schering Corporation provided unpublished information. STUDY SELECTION/DATA EXTRACTION: Articles and abstracts pertaining to desloratadine were considered for inclusion, with emphasis on randomized, placebo-controlled, double-blind trials. DATA SYNTHESIS: Desloratadine is approved for the treatment of symptoms associated with seasonal allergic rhinitis (SAR), perennial allergic rhinitis (PAR), and chronic idiopathic urticaria (CIU) in patients aged > or =12 years. In placebo-controlled trials, desloratadine demonstrated superior efficacy as a once-daily treatment of SAR, PAR, and CIU. Data suggest that desloratadine has antiinflammatory and decongestant activity. CONCLUSIONS: Desloratadine appears to be a ""me-too"" agent, with no major differences compared with other second-generation antihistamines.",0
W2286764148,[Therapeutic advances in 2002 (1)].,"The most important drugs registered and/or launched in Belgium during the last year in the various disciplines of internal medicine will be briefly described. The main characteristics of each molecule and its modalities of appropriate use in clinical practice will be emphasized. For all these molecules, both the efficacy and tolerance have been proven in randomised clinical trials according to the rules of Evidence-Based Medicine.",0
W2318779021,Plasma serotonin and histamine levels in hemodialysis-related pruritus are not significantly influenced by 5-HT3 receptor blocker and antihistaminic therapy,"BACKGROUND: Elevated plasma histamine levels are considered to play a part in the pathophysiology of hemodialysis-related pruritus. However, antihistaminic therapy often fails to provide sufficient relief. Elevated serotonin levels in patients on dialysis therapy have also been described but the effects of 5-HT3 receptor antagonists on hemodialysis-related pruritus remain controversial. METHODS: we conducted a study to determine plasma histamine and serotonin levels before and after treatment with 5-HT3 receptor antagonists (tropisetron 5 mg and ondansetron 8 mg) and an antihistamine (cetirizine 10 mg). Eleven hemodialysis patients with a history of pruritus participated in this study,10 healthy volunteers served as control group. RESULTS: Histamine and serotonin values were normal in patients and controls. Treatment with cetirizine did not significantly reduce histamine levels in patients or in controls. Tropisetron and ondansetron likewise did not alter serotonin levels in patients. Tropisetron treatment did not significantly change serotonin levels in controls. CONCLUSION: Histamine and serotonin are no major mediators of pruritus in hemodialysis patients. Elevated histamine levels are occassionally seen and may be due to the increased mast cell number found in a subgroup of hemodialysis patients. Our findings explain the only marginal relief of antihistamines and the controversial antipruritic effect of serotonin receptor antagonists in hemodialysis-related pruritus.",0
W1972168805,"A Double-Blind, Placebo-Controlled Trial of the Safety and Efficacy of Selegiline Transdermal System Without Dietary Restrictions in Patients With Major Depressive Disorder","BACKGROUND: The monoamine oxidase (MAO) inhibitor selegiline has demonstrated antidepressant efficacy superior to placebo. A selegiline transdermal system (STS) has been developed with unique pharmacokinetic and pharmacodynamic properties that allow inhibition of central nervous system MAO-A and MAO-B enzymes while substantially avoiding inhibition of intestinal and liver MAO-A enzyme. This novel transdermal system provides targeted MAO inhibition without clinically significant increases in sensitivity to dietary tyramine. We investigated the safety and efficacy of STS in patients with major depressive disorder. METHOD: 365 outpatients 18 to 65 years old with a DSM-IV diagnosis of major depressive disorder were enrolled at 16 sites. A 17-item Hamilton Rating Scale for Depression (HAM-D-17) score of > or = 20 was required for entry. Patients were randomly assigned to receive either STS, 20 mg/20 cm(2), daily or placebo patch for up to 8 weeks. A tyramine-restricted diet was neither required nor advised. Efficacy, safety, and vital sign measures were obtained regularly. RESULTS: 289 patients were randomly assigned to treatment and received at least 1 on-therapy evaluation (STS, N = 145; placebo, N = 144). Although the effect size was modest, at endpoint, STS was statistically superior to placebo on the MADRS (p =.001) and HAM-D-28 (p =.039) ratings and showed a nonsignificant superiority on the HAM-D-17 (p =.069) and Clinical Global Impressions-Severity ratings (p <.055). Side effect profiles were similar for STS and placebo with the exception of application-site reaction, which was observed in 31.5% of STS patients and 15.1% of placebo-treated patients (p =.001). No significant differences were observed in blood pressure measures between treatment groups. CONCLUSION: Results from this double-blind, placebo-controlled clinical trial demonstrate that STS may have a modest, but statistically significant, antidepressant benefit compared with placebo and a similar safety profile compared with placebo in the absence of a tyramine-restricted diet.",0
W1992967602,Successful mobilization of peripheral blood stem cells after addition of ancestim (stem cell factor) in patients who had failed a prior mobilization with filgrastim (granulocyte colony-stimulating factor) alone or with chemotherapy plus filgrastim,,0
W2143554920,The selective cyclooxygenase-2 inhibitor rofecoxib may improve the treatment of chronic idiopathic urticaria,"Sir, Chronic idiopathic urticaria (CIU) is one of the most common skin diseases, affecting about 3% of the Western population. Although the symptoms of CIU are primarily due to mast cell degranulation and subsequent histamine release, treatment with H1 antihistamines is often insufficient. One explanation for this is that the actions of other mast cell mediator types have been overlooked, such as prostaglandins and thromboxanes, which display inflammatory properties similar to those of histamine. Prostaglandins and thromboxanes are formed from arachidonic acid by the actions of the enzymes cyclooxygenases (COXs), of which there are two isoforms, with the inducible COX‐2 being responsible for pseudoallergic and other inflammatory responses. Reasoning that COX‐2 might therefore be a relevant target in the treatment of urticaria we investigated the clinical efficacy of a combination therapy comprising the H1 antihistamine desloratadine and the selective COX‐2 inhibitor rofecoxib. Ten caucasian patients with CIU, in whom conventional therapy with H1 antihistamines did not resolve the symptoms, chose to undergo this experimental treatment. The diagnosis was based on the patients' history and extensive laboratory investigations to exclude underlying causes. Disease severity was assessed using a scoring system based on weal formation and pruritus according to a recent consensus publication.1 A patient was considered ‘clinically improved’ if their score (on a 0–6 scale) declined by a value of at least 2. The patients were initially treated with the H1 antihistamine desloratadine 2 × 5 mg daily for 4 weeks, followed by a combination treatment with desloratadine 2 × 5 mg and rofecoxib 25 mg daily for another 4 weeks.",0
W2011597517,"Efficacy and safety of desloratadine 5 mg once daily in the treatment of chronic idiopathic urticaria: A double-blind, randomized, placebo-controlled trial*",,0
W2017858561,Aspirin Desensitization in Patients with AERD,,0
W2068255801,Chronic Urticaria,,0
W1965328229,Herbal supplements and skin testing: the lack of effect of commonly used herbal supplements on histamine skin prick testing,"BACKGROUND: The use of herbal supplements is common, yet little is known about their pharmacologic properties. The purpose of this study was to assess the effects of 23 commonly used herbal supplements on histamine skin prick testing (SPT). METHODS: Fifteen healthy volunteers participated in a double-blind, placebo-controlled, single-dose, crossover study. Wheal and flare responses to SPT with histamine phosphate (1 mg/ml) were measured before and 4 h after administration of each of the 23 popular herbal supplements, fexofenadine (60 mg) and placebo. Wheal and flare areas were recorded with tracings performed 10 min after the prick test and measured with a PC-digitizer using stereometric software. RESULTS: Fexofenadine significantly suppressed the wheal (P < 0.001) and flare (P = 0.02) areas compared with placebo. None of the herbal supplements caused significant suppression of the wheal and flare areas compared with placebo (P > 0.10). CONCLUSION: When taken in single-doses, the popular herbal supplements tested did not significantly affect the histamine skin response. Therefore, it seems unnecessary for clinicians to ask patients to discontinue these herbal supplements prior to allergy skin testing.",0
W2090853319,Fluticasone Nasal Spray and the Combination of Loratadine and Montelukast in Seasonal Allergic Rhinitis,"OBJECTIVE: To compare the effectiveness of an intranasal steroid treatment with that of the combination of a histamine1 receptor antagonist and a leukotriene D receptor antagonist in the treatment of seasonal allergic rhinitis. DESIGN: A 2-week, parallel, randomized, double-blind, double-dummy study with rolling enrollment. SETTING: Tertiary care medical center. Subjects A total of 63 adults with a 2-year history of ragweed sensitivity in the Chicago, Ill, area and a positive skin-prick reaction to ragweed pollen. Intervention Subjects were randomized to receive either 100 micro g of fluticasone propionate aqueous nasal spray in each nostril or 10 mg of loratadine and 10 mg of montelukast sodium by mouth once daily in the evening for 2 weeks. At visits 1 and 2, subjects completed a quality-of-life questionnaire and underwent nasal lavage to determine total eosinophil count and eosinophil cationic protein (ECP) measurements. Daily symptom diaries were kept for 2 weeks. MAIN OUTCOME MEASURES: Questionnaire answers, daily nasal symptom scores, eosinophil counts, and ECP levels. RESULTS: Median total nasal symptom scores were lower in the fluticasone group (4.5 vs 6), but the difference was not statistically significant. The questionnaire answers showed dramatic improvement in overall and individual domains for both groups (P<.01 vs visit 1) with significantly greater reduction in nasal symptoms in the fluticasone group (P<.05). Eosinophil counts and ECP levels were significantly reduced in the fluticasone group. CONCLUSION: Both treatments provided clinically meaningful responses, but the overall results favored fluticasone propionate.",0
W1999447808,Supplementation of fexofenadine therapy with nedocromil sodium 2% ophthalmic solution to treat ocular symptoms of seasonal allergic conjunctivitis,"PURPOSE: Ocular symptoms are often under-treated in patients with allergic rhinoconjunctivitis. The efficacy of fexofenadine hydrochloride 60 mg capsules supplemented with nedocromil sodium 2% ophthalmic solution was evaluated to determine the optimal drug regimen for control of ocular allergic symptoms. METHODS: In this 5-week, open-label, randomized, multicentre comparative study, 89 patients with documented ragweed pollen allergy received fexofenadine b.i.d. with nedocromil rescue, fexofenadine q.d. with nedocromil b.i.d., or fexofenadine rescue with nedocromil b.i.d. during the ragweed pollen season. RESULTS: For all regimens, mean symptom severity scores for itching, burning, tearing, redness, grittiness, discharge, light sensitivity and swelling improved significantly (P < 0.003). Similarly, all groups experienced significant (P < 0.02) improvement in all clinical signs: erythema, oedema, discharge, conjunctival injection and conjunctivitis, as well as quality-of-life scores (P < 0.0001). All regimens reduced overall symptom severity scores after 5 min (P < 0.05) with relief persisting over 12 h (P < 0.03). Improvements in mean symptoms, signs and quality-of-life scores were similar among the treatment groups as were onset and duration of action even though patients in two of the three study arms were taking one-half or less of the recommended fexofenadine dosage. Patients and physicians judged the regimens containing lower fexofenadine dosages (with nedocromil b.i.d.) to be more effective overall than the regimen containing the highest fexo-fenadine dosage (with nedocromil as rescue only). CONCLUSIONS: Supplementation of oral fexofenadine therapy with nedocromil sodium 2% ophthalmic solution relieves ocular symptoms of seasonal allergic rhinoconjunctivitis, allowing control of rhinal symptoms with half the recommended dosage of fexofenadine.",0
W311867865,[H1 histamine antagonists].,"Histamine is an important mediator for early phase allergic reactions that are involved in atopic diseases, mediated by specific IgE antibodies. After allergenic contact, its liberation induces unpleasant symptoms like itching, several manifestations as local vasodilatation, bronchoconstriction, mucus hypersecretion. Antagonists of H1 histamine receptors are the most prescribed drugs, due to their symptomatic effects at the levels of nasal or conjunctival mucosa, and the skin. Their major indications cover allergic rhinitis, either seasonal or perennial, and idiopathic chronic urticaria, as a first line medication. The pharmacological evolution allows to distinguish three generations of products differing at the levels of specificity, long acting period, and toxicity. The authors are discussing the respective benefits of two recent molecules presented as 3rd generation molecules: fexofenadine and levocetirizine, while repositioning their use among available treatment strategy.",0
W2016060261,The effects of histamine and leukotriene receptor antagonism on nasal mannitol challenge in allergic rhinitis,"AIMS: It is unclear as to which mediators are involved in mediating the response to nasal mannitol challenge, a novel osmotic stimulus. METHODS: A double-blind, randomized, placebo-controlled, crossover design was employed. Nine patients with allergic rhinitis were randomized to receive a single-dose of desloratadine 5 mg, montelukast 10 mg or placebo, and underwent nasal mannitol challenges with nasal peak inspiratory flow recordings over 60 min. The change in peak nasal inspiratory flow was calculated as percentage change from baseline as the peak response and area under the time-response curve (AUC). RESULTS: Desloratadine and montelukast conferred a significant degree of protection compared to placebo for peak and AUC response, but there were no significant differences between the two drugs. For the peak response as percentage fall, the mean difference (95% CI) vs placebo was 27.7 (8.0, 47.4)% for desloratadine and 17.6 (1.9, 33.3)% for montelukast. CONCLUSIONS: Our results suggest that histamine and cysteinyl-leukotrienes are involved in mediating the response to nasal mannitol in allergic rhinitis.",0
W2109822050,"Addition of fexofenadine to a topical corticosteroid reduces the pruritus associated with atopic dermatitis in a 1-week randomized, multicentre, double-blind, placebo-controlled, parallel-group study","BACKGROUND: Fexofenadine, a nonsedating, H1-receptor selective antihistamine, exhibits consistent efficacy and safety in the treatment of allergic rhinitis and urticaria. The pruritus associated with atopic dermatitis is considered to be induced, in part, by histamine. Therefore, we thought that fexofenadine may be useful in the relief of pruritus associated with atopic dermatitis. OBJECTIVE: To compare the efficacy of twice-daily fexofenadine hydrochloride (HCl) 60 mg vs. placebo in reducing the pruritus associated with atopic dermatitis. METHODS: In this randomized, multicentre, double-blind, placebo-controlled study, patients (aged >or= 16 years) with atopic dermatitis underwent a 1-week placebo lead-in period, followed by randomization to fexofenadine HCl 60 mg twice daily or placebo for 1 week. All patients also received topical treatment with 0.1% hydrocortisone butyrate twice daily throughout the study. The primary efficacy endpoint was mean change in pruritus score from baseline. Patients reflectively recorded pruritus scores twice daily (day and night) using a five-point scale (0 = none; 4 = very severe). RESULTS: Fexofenadine (n = 201) significantly decreased the severity of pruritus compared with placebo (n = 199) (mean change in score -0.75 (unadjusted 95% confidence interval [-0.88, -0.62]) vs. -0.5 [-0.62, -0.38], respectively; P = 0.0005). This improvement was seen after just 1 day of treatment (P = 0.039) and was maintained throughout the treatment period (P = 0.019). Compared with placebo, fexofenadine significantly improved both diurnal (P = 0.0001) and nocturnal pruritus (P = 0.013). In addition, significantly more patients in the fexofenadine group experienced a reduction in the ratio of pruritus area to body surface area compared with those in the placebo group (P = 0.007). The incidence of adverse events was low and similar across all treatment groups. CONCLUSIONS: Fexofenadine HCl 60 mg twice daily demonstrated a rapid, significant improvement in the pruritus associated with atopic dermatitis, with a safety profile equivalent to that of placebo.",0
W2416265226,[Multicenter study of the effectiveness and tolerability of desloratadine in seasonal allergic rhinitis].,"INTRODUCTION: The authors appraised the clinical efficacy of desloratadine in patients with seasonal allergic rhinitis and rhinoconjunctivitis. PATIENTS AND METHODS: An open, two-week trial was conducted on 428 patients between 3 June and 31 July 2002 in 11 centres. Nasal obstruction, rhinorrhea, sneezing, and itching as well as ocular clinical signs were characterized using a symptom score. Desloratadine tablet was administered in 5 mg doses. After two weeks of treatment, the symptom score was re-evaluated. Potential adverse events that had occurred during the treatment period were recorded. RESULTS: Desloratadine significantly alleviated all four nasal symptoms and ocular effectively. In particular, treatment resulted from 76 percent to 12% percent decrease of overall symptom score. One of the participants discontinued treatment due to the occurrence of adverse effects. CONCLUSION: These results demonstrate that desloratidine is a safe and effective systemic antihistamine--with complex antiallergic effect--for the therapy of seasonal allergic rhinitis and rhinoconjunctivitis. It can reduce nasal congestion with greater magnitude than other known antihistamines.",0
W2085628760,"A single-center, randomized, double-blind, placebo-controlled, crossover investigation of the effects of fexofenadine hydrochloride 180 mg alone and with alcohol, with hydroxyzine hydrochloride 50 mg as a positive internal control, on aspects of cognitive and psychomotor function related to driving a car",,0
W2072295462,Levocetirizine is effective for symptom relief including nasal congestion in adolescent and adult (PAR) sensitized to house dust mites,"BACKGROUND: Antihistamines are the most commonly prescribed class of medication for perennial allergic rhinitis (PAR). The primary objective of this study was to determine whether levocetirizine (Xyzal(R)), the active enantiomer of cetirizine, could achieve at least a 50% improvement in PAR symptoms compared to the placebo over the first week of treatment. METHODS: A total of 294 patients with PAR due to house dust mites were randomized in this 8-week double-blind, placebo-controlled, multicentre trial to receive either levocetirizine 5 mg/day or placebo. Mean Total Four-Symptom Scores (T4SS) (nasal pruritus, ocular pruritus, rhinorrhoea and sneezing) were compared between treatment groups over weeks 1, 4 and 6. All individual symptom scores, including nasal congestion, were also studied. RESULTS: Levocetirizine showed an 86% improvement in T4SS over the first week of treatment and a 47% improvement over the entire treatment period compared with placebo. Absolute changes from baseline were 3.64 and 2.47 for levocetirizine and placebo, respectively. Individual symptom scores showed statistically significant (P < or = 0.01) differences in favour of levocetirizine for all study time-points. Nasal congestion was unexpectedly significantly improved (P < 0.001). The incidence of reported adverse events was comparable between treatment and placebo group. CONCLUSIONS: Levocetirizine 5 mg/day is an effective and well-tolerated treatment of PAR. In addition, levocetirizine is effective for the relief of nasal congestion.",0
W2148108060,Assessing satisfaction with desloratadine and fexofenadine in allergy patients who report dissatisfaction with loratadine,"BACKGROUND: The FDA recently moved loratadine (Claritin) from prescription only status to over-the-counter (OTC). In response to the availability of an OTC non-sedating antihistamine, many managed care organizations are reevaluating which if any prescription antihistamines should remain on formulary. From a managed care perspective, determining which of the remaining prescription antihistamines results in the greatest patient satisfaction with allergy treatment would be informative. METHODS: We report on a weighted cross sectional survey (n = 10,023) delivered online to a sample of allergy sufferers in the U.S. during the month of December 2002. Two segments were identified for analysis: patient who were dissatisfied with loratadine and converted to desloratadine (Clarinex; n = 61), and patients who were dissatisfied with loratadine and converted to fexofenadine (Allegra; n = 211). The two segments were compared along a series of measures that the literature suggests are related to treatment satisfaction. RESULTS: The survey found that two of the satisfaction measures differentiated desloratadine converters from fexofenadine converters (p <.05): mean sum of self-reported adverse events and nighttime awakening due to allergy symptoms. For the remainder of satisfaction measures though, patients who were dissatisfied with loratadine reported equal duration of coverage and satisfaction with desloratadine as fexofenadine. When severity of disease was controlled for in the analysis, a pattern emerged suggesting greater levels of satisfaction amongst loratadine dissatisfied patients who converted to desloratadine. Point estimates suggest a consistent pattern favoring desloratadine patient satisfaction, with statistically significant results reported for sum of adverse effects, nighttime awakening due to symptoms, symptom severity just prior to the next dose, and overall satisfaction (p < 0.05). CONCLUSIONS: On average, patients who were dissatisfied with loratadine reported equal or better satisfaction with desloratadine as fexofenadine. Patients with severe allergic rhinitis reported greater satisfaction when converted from loratadine to desloratadine than fexofenadine for select satisfaction measures. These results suggest that if managed care intends to position prescription antihistamines as second line for OTC loratadine treatment dissatisfaction, desloratadine is a useful treatment alternative. These findings, while informative to formulary decision-makers, must be interpreted with caution. Only through head-to-head controlled clinical trials can differences in efficacy and safety be established.",0
W2105325405,"Comparison of ketotifen fumarate ophthalmic solution alone, desloratadine alone, and their combination for inhibition of the signs and symptoms of seasonal allergic rhinoconjunctivitis in the conjunctival allergen challenge model: a double-masked, placebo- and active-controlled trial",,0
W1824911097,Twenty‐four‐hour activity and consistency of activity of levocetirizine and desloratadine in the skin,"AIM: Levocetirizine, the active enantiomer of cetirizine, and desloratadine, the active metabolite of loratadine, are two recently introduced anti-H1 agents. We set out to compare their antihistaminic activity in the skin for 24 h in a double-blind, randomized cross-over trial. METHODS: The skin reaction to histamine administered by prick tests (100 mg ml(-1)) was measured by the surface areas of weals and flares for 24 h [before treatment, 0.5, 1, 2, 3, 4, 6, 8, 10, 12 and 24 h after a single dose of levocetirizine (5 mg), desloratadine (5 mg) or placebo] in 18 healthy volunteers (34.8 +/- 9.4 years; 14 women). The areas under the curves (AUC) of the weal and flare areas as a function of time were compared by ANOVA. RESULTS: A highly significant overall treatment effect (P < 0.0001) was observed and both weals and flares were inhibited. The pairwise comparisons showed that the activity of levocetirizine and desloratadine was significantly superior to that of placebo (P < 0.0001), and the activity of levocetirizine was significantly superior to that of desloratadine (P < 0.0001). 'Total' weal inhibition (> or = 95%) occurred only with levocetirizine. Median values of maximal weal inhibition were 44.2% with placebo, 55.0% with desloratadine and 100% with levocetirizine. The time to maximal weal inhibition was 4 h (median value) for all three study drugs, but scattered over a wider range for desloratadine (3-24 h) than levocetirizine (2-4 h). With desloratadine, five of 18 (28%) subjects reached weal inhibition of at least 70% at between 3 and 10 h, whereas with levocetirizine all subjects [18/18 (100%)] reached this level of weal inhibition at between 1 and 3 h. The median duration of 70% weal inhibition was zero with placebo and desloratadine, and was 21.4 h with levocetirizine (P < 0.0001 between the three study drugs, and P < 0.0001 between the two active drugs). No uncommon adverse events were reported, and no subject withdrew from the study due to an adverse event. CONCLUSION: This study shows that the activity of levocetirizine in suppressing skin reactivity to histamine was clearly superior to that of desloratadine for 24 h after a single dose. In addition, its activity was more consistent and lasted longer.",0
W1529060069,Leukotriene C<sub>4</sub> synthase polymorphisms and responsiveness to leukotriene antagonists in asthma,"AIM: Cysteinyl leukotrienes are important pro-inflammatory mediators in the pathogenesis of asthma, while leukotriene C4 synthase is a key enzyme in their biosynthesis. Our aim is to evaluate whether responsiveness to leukotriene receptor antagonists was determined by expression of the variant (C) or wild-type (A) polymorphism of this enzyme. METHODS: We carried out a retrospective analysis of 8 randomised, placebo-controlled trials performed in our department in mild-to-moderate asthmatics. In all trials, effect of leukotriene receptor antagonist was compared to placebo, where the primary outcome was bronchial hyperresponsiveness to adenosine monophosphate or methacholine. Secondary outcomes were forced expiratory volume in 1 second, exhaled nitric oxide and peripheral blood eosinophils. RESULTS: For the primary outcome of attenuation of bronchial hyperresponsiveness by leukotriene receptor antagonist vs placebo, there were significant effects within each genotype on adenosine monophosphate (AMP) (n = 78): 2.21 and 2.07-fold improvements for AA and AC/CC, respectively; while for methacholine (n = 81) there were 1.39 and 1.36-fold improvements, respectively. There were no significant differences between genotypes (i.e. AA vs AC/CC): geometric mean fold-differences of 1.07 (95%CI 0.63-1.81) and 1.02 (95%CI 0.70-1.50) for AMP and methacholine, respectively. There were also no differences between genotypes for all secondary outcomes. CONCLUSION: Polymorphisms of leukotriene C4 synthase did not determine responsiveness, in terms of attenuation of bronchial hyperresponsiveness, to leukotriene receptor antagonists in mild-to-moderate asthmatics. Further prospective large pharmacogenetic studies are required in more severe patients, where there may be greater improvements in pharmacodynamic outcome measures such as bronchial hyperresponsiveness and exhaled nitric oxide.",0
W2423487375,Multicenter double-blind comparative study of terfenadine and cetirizine in hay fever.,"The efficacy and safety of terfenadine in the management of hay fever were compared with those of cetirizine in a multicenter, double-blind, parallel-group study, carried out during the 1990 spring pollen season. The patients were randomly assigned to one of two groups of treatment, 70 patients being given terfenadine 120 mg, and 72 patients cetirizine 10 mg, once daily for 7 days. The severity of the main symptoms was evaluated at baseline and after treatment by a 4-point rating scale. In addition, the overall symptom severity was recorded daily by the patient on a diary card. Both terfenadine and cetirizine produced significant relief of symptoms by the end of treatment, with a decrease in symptom severity ranging from 46 to 69% for terfenadine and from 40 to 55% for cetirizine. Adverse effects experienced by terfenadine- and cetirizine-treated patients were mainly drowsiness, with minor differences between the two groups. The results of this study confirmed previous experiences, showing that both terfenadine and cetirizine once daily should be regarded as effective drugs for the management of hay fever.",0
W2411160605,A comparison of new nonsedating and classical antihistamines in the treatment of primary acquired cold urticaria (ACU).,"The efficacy of the new nonsedating antihistamines loratadine and cetirizine was compared in a randomized, single-blind, crossover, controlled study with that of the classical antihistamines cyproheptadine and ketotifen in seven patients with primary acquired cold urticaria (ACU). The patients received each of the four drugs for 14 consecutive days with a 7-day interval between drugs. We evaluated clinical symptomatology, adverse effects, minimum time of cold contact stimulation required to induce an immediate coalescent wheal (CSTT), and inhibition of histamine-induced wheal response. Both loratadine and cetirizine showed suppression of symptoms with infrequent adverse effects. Important side-effects were observed in patients receiving cyproheptadine. Improvement in CSTT was statistically significant for all drugs compared with baseline values, without differences among them. The histamine-induced skin test was significantly inhibited by all antihistamines. Wheal reductions were 34.6% for loratadine and 50.9% for cetirizine. This study suggests that both loratadine and cetirizine may be effective in the treatment of primary ACU.",0
W2038484883,"Comparison of the effects of desloratadine and levocetirizine on histamine-induced wheal, flare and itch in human skin",,0
W2307331054,Pre and post treatment mucociliary function in allergic rhinitis in three different treatment modalities.,"Allergic rhinitis causes an impairment of the mucociliary function in the nose. It is hoped that treatment of perennial allergic rhinitis would be able to revert mucociliary function to normal. This study aims to compare pre and post treatment mucociliary transport time in 3 different treatment modalities. Ninety-two newly diagnosed patients with allergic rhinitis were randomised into 3 groups and started on different treatment regimes. At the end of 8 weeks, the group treated with only intranasal beclomethasone showed some, though not significant, improvement in the mucociliary function. There were no changes in the mucociliary function in the other two groups treated with beclomethasone and loratidine or loratidine alone.",0
W2394717681,[Acute interstitial nephritis induced by loratadine].,"Loratadine is a second generation histamine H1 receptor antagonist, that has high potency antiallergic properties and is associated with low adverse effects compared with other antihistamines. Acute interstitial nephritis is a cause of acute renal failure that is most often induced by drugs or, less frequently, infection or sarcoidosis. Although the number of drugs associated with acute intersticial nephritis is too large, the antihistaminic loratadine have never been reported before. We report a case of an interstitial nephritis with acute renal failure that suggesting hypersensitivity reaction in a 77 old man who had received loratadine (10 mg/day) during ten days before his assessment to our hospital by disseminated pruritic syndrome. The initial suspect was rapidly progressive glomerulonephitis and renal biopsy was practice and treatment with corticosteroids were initiated (prednisone bolus of 500 mg three days and 1 mg/kg/day/later). The loratadine therapy was cessation. He exhibiting a slow and progressive improvement on renal function and one month later, urea and creatinine levels was normal and hematuria and proteinuria had disappeared. The corticosteroids therapy were progressive decreased until withdrawal. We think that this is an interesting case, basing in its clinical presentation and that it had never been reported before.",0
W2428778268,Changing medication use in managed care: a critical review of the available evidence.,"OBJECTIVE: To review the effectiveness of strategies to improve the quality and efficiency of medication use in managed care organizations (MCOs). STUDY DESIGN: Systematic review of published intervention studies. METHODS: Studies were identified by using computerized and manual literature searches and personal contacts, and were categorized by intervention type and adequacy of research design according to commonly accepted criteria. Reported significance and magnitude of the changes in key outcomes were used to summarize the effects of studies with adequate research designs. RESULTS: The searches identified 105 studies, 70 of which were reported since 1996. Overall, 46% of the studies met the minimum criteria for methodologic adequacy (n = 48). Consistently effective interventions included dissemination of educational materials with drug samples, participatory clinical guideline development, group or one-to-one educational outreach, and enhanced patient-specific feedback. Disease management (primarily for depression and diabetes) showed promise in improving short-term outcomes. Dissemination of educational materials and aggregated feedback alone were ineffective. Interventions in staff-model health maintenance organizations were more effective than those conducted in group-model health maintenance organizations. CONCLUSION: High-quality studies of interventions to improve drug use in MCOs are increasing in frequency. There is evidence for the effectiveness of several strategies to change drug use, but little is known about longer-term clinical outcomes. Few well-designed, published studies have assessed the efficacy or safety of financial incentives for physicians, tiered copayments for patients, or formularies--despite their widespread use.",0
W2417846155,Comparative effects of terfenadine and loratadine in the treatment of hay fever.,"This double-blind, double-dummy, parallel-group study was undertaken in 40 patients with seasonal allergic rhinoconjunctivitis during the 1990 hay fever season. The patients were randomized and treated for seven days with either 120 mg terfenadine or 10 mg loratadine, each drug taken once daily in the morning. The severity of nasal congestion, rhinorrhea, sneezing, nasopharyngeal itching, and itchy, watery, red eyes was evaluated before and at the end of treatment. The global severity of symptoms was ranked daily by the patient on a diary card. Both treatment groups experienced a significant improvement of symptoms after treatment (p < 0.01), without any significant difference between the two study drugs. Terfenadine and loratadine significantly improved symptom severity by 69 and 55% compared with the baseline values, respectively. Headache and fatigue were reported in three loratadine-treated patients, and sedation in one patient. No side effects were observed in patients receiving terfenadine. This study confirmed that terfenadine 120 mg once daily is a safe and effective treatment for hay fever.",0
W2069296060,Loratadine,,0
W2058038307,Urticaria,,0
W2411178023,[The effect of loratadine on skin and bronchial reactivity and histamine liberation from basophils in patients with atopic asthma and allergic rhinitis].,"The effect of the therapy with Loratadine on skin and bronchial reactivity to histamine and on a specific histamine release from isolated basophils of allergic patients was assessed. The studies were carried out on a 34 patients (23 with pollen rhinitis and 11 with a mild bronchial asthma). The effect loratadine versus placebo on the skin reactivity to histamine was measured in patients suffering from pollen rhinitis. Outside the pollen season in 12 patients from the above group a histamine release from isolated basophils was evaluated by Shore method, using a-IgE and pollen allergen as liberators, before and after 4 days therapy with loratadine. In the group of the 11 asthmatic patients the effect of the single dose of 10 mg Loratadine on spirometric parameters and on a bronchial response to histamine was studied. The Bronchial Provocation Test with histamine was performed by the Ryan's method. The results were expressed as PC20 FEV1. It was shown that loratadine statistically significant limited of the skin reactivity to histamine and specific histamine release from basophils. The one tablet of Loratadine have not changed of spirometric parameters in the patients with mild asthma, but statistically significant reduced their bronchial response to histamine.",0
W2438975569,[Efficacy and safety of loratadine vs terfenadine in the treatment of children with perennial allergic rhinitis. Capacity for inhibiting the positive cutaneous response after antihistaminic treatment].,"We studied 104 medical student from the UANL with symptoms of Perennial Allergic Rhinitis, including only 30 patients for this study; seven patients with Loratadine 10 mg, eight with Loratadine 20 mg, and 15 with Terfenadine 120 mg/day/21 days, 20 mg of Loratadine and 120 mg of Terfenadine demonstrated significant decrease of the symptoms (P > 0.005). Two patients had collateral effects with Terfenadine, but Terfenadine were more effective than the Loratadine in the reduction of the skin reactivity.",1
W2401594232,Comparative study of terfenadine and cetirizine in hay fever: assessment of efficacy and central nervous system effects.,"A daily dose of either terfenadine 120 mg or cetirizine 10 mg was compared in two parallel groups of patients suffering from hay fever. According to a double-blind, double-dummy, randomized design, 28 patients were treated with one of the two drugs once daily in the morning for 2 weeks during the 1990 grass pollen season. The severity of nasal congestion, rhinorrhea, sneezing, nasopharyngeal itching and itchy, watery, red eyes was evaluated by the investigator after a 1-week run-in period and at the end of the treatment. The patients made a daily record of the severity of symptoms on a diary card. In addition, drug-related central nervous system (CNS) effects were assessed at baseline and at the end of the treatment by neuropsychological tests aimed at investigating selective and sustained attention, visuomotor abilities and anxiety, and by quantitative, bit-mapped EEG. Both terfenadine and cetirizine produced a significant improvement in symptoms at endpoint without any significant difference between the two drugs. Drowsiness was referred by one patient in each treatment group. No significant impairment of psychomotor performance occurred with either drug. Quantitative EEG showed a significant power increase in the relative (%) delta band in both groups of treated patients. Although the difference was not statistically significant, a tendency towards greater involvement of the CNS was observed with the use of cetirizine. In conclusion, the results of this study confirm that terfenadine and cetirizine are equally effective in the management of hay fever. Some differentiated untoward EEG changes were also observed in relation to the drugs used, without any variation in neuropsychological performance.",0
W2412332694,[Non-sedative antihistaminics in the treatment of chronic urticaria].,"Antihistamines are the drugs of choice in the symptomatic relief of chronic idiopathic urticaria; however, the usefulness of classic antihistamines has been limited by side effects. In the 1980s a new class of antihistamines has been developed that maintains effectiveness and produces less side effects (eg anticholinergic side effects, daytime sedation, etc). This review analyzes each of the new nonsedating antihistamines commercially available in Spain (astemizole, ebastine, cetirizine, loratadine and terfenadine) and evaluates its clinical efficacy and safety in the treatment of chronic idiopathic urticaria.",0
W2056720277,"Effects of loratadine on anti‐IgE‐induced inflammation, histamine release, and leukocyte recruitment in skin of atopics","The aim of this study was to assess the ability of the H 1 ‐receptor antagonist loratadine to modify anti‐IgE‐induced cutaneous wheal‐and‐flare and late‐phase reactions (WFR and LPR), as well as histamine release and leukocyte accumulation in skin chambers. For this purpose, 10 atopics with allergic rhinitis were entered into a double‐blind crossover study in which they received either placebo or loratadine (20 mg/day orally) for 8 days separated by a 7‐day washout period. Blisters were induced on both forearms on day 7 of each treatment period, and were unroofed on day 8 and covered with plastic skin chambers. Chamber fluids were collected during 7 h after 1‐h incubation with anti‐IgE or control IgG. Intradermal challenge with histamine and anti‐IgE was performed at the same occasion. As compared to placebo treatment, loratadine inhibited the immediate WFRs to anti‐IgE by 35% (wheal) and 65% (flare), respectively (P &lt; 0.01), and corresponding reactions to histamine challenge by 50% and 70% (P&lt;0.001), respectively. Moreover, the initial phase (0‐2 h) of the LPR induced by anti‐IgE was attenuated by up to ∼60% (P &lt; 0.001) during loratadine treatment. Thereafter, no inhibition of the LPR was observed. The magnitude and time course of histamine release into skin chambers was virtually the same after loratadine and placebo treatment, with a peak during 0‐1 h and a progressive decline during the following 2 h. Accumulation of α2‐macroglobulin, reflecting extravasation of large plasma proteins, also peaked during the first hour and was unaffected by loratadine during the 8‐h observation period. Moreover, loratadine did not reduce the anti‐IgE‐induced recruitment of eosinophils or other subtypes of leukocytes. Altogether, loratadine inhibited both the WFRs to histamine and anti‐IgE and the initial phase of the IgE‐mediated LPR. However, loratadine did not express anti‐inflammatory activity with respect to mast‐cell mediator release or leukocyte recruitment. The latter findings are in contrast to the action of loratadine in allergic rhinitis and conjunctivitis, suggesting that the actions of loratadine may be organ specific and that the effects of loratadine cannot always be extrapolated from one tissue to another.",0
W193261901,"[Effect of loratadine, selective antagonist of histamine H1 receptors, on histamine-induced bronchoconstriction].",The aim of this study was to assess the duration of Loratadine effect on histamine H1 receptor in the airway. Six patients with mild or moderate asthma were examined. Bronchial reactivity to histamine was measured according to Cockcroft. The significant blockade of histamine H1 receptors in airway was observed from the 2nd day when 10 mg of Lo was given daily. The maximal protection with 10 mg doses was observed after 3-4 days. After another 5-6 days without Loratadine bronchial responsiveness return to the initial values. Single dose of 30 mg Loratadine given better protection against histamine bronchoconstriction than 10 mg given for 5 days. This effect was observed as early as 60 minutes after administration of Loratadine.,0
W2092802517,Comparison of intranasal triamcinolone acetonide with oral loratadine for the treatment of patients with seasonal allergic rhinitis,,0
W2093832304,"Lack of interaction between two antihistamines, mizolastine and cetirizine, and ethanol in psychomotor and driving performance in healthy subjects",,0
W2106549663,PHARMACOLOGIC MODULATION BY CETIRIZINE OF SOME ADHESION MOLECULES EXPRESSION IN PSORIATIC SKIN LESIONS,"BACKGROUND: Adhesion molecules play a major role in the pathogenesis of inflammatory skin diseases by regulating lymphocyte trafficking and homing in an inflamed area. METHODS: The expression of the lymphocyte function-associated antigen-1 (LFA-1) and of its ligand, the intercellular adhesion molecule-1 (ICAM-1) has been studied in psoriatic skin lesions of 10 patients with guttate, nummular, and palmoplantar psoriasis. In addition, the peculiar immunophenotype of infiltrating cells (CD3, CD4, CD8, CD25) and their correlation with HLA-DR expression before and after treatment with oral cetirizine, a highly selective, third generation H1-receptor antagonist has been examined using the labeled avidin biotin (LAB) system. RESULTS: Cetirizine treatment modulated in vivo the expression of adhesion molecules LFA-1/CAM-1 as shown in all cases by decreased levels of their expression on keratinocytes and on dermal endothelial cells (P < 0.001). The expression of HLA-DR on keratinocytes and endothelial cells was also inhibited after treatment. The numbers of infiltrating CD3-, CD4-, CD8-positive cells were reduced, whereas there was no significant modification of CD25-positive cells within the epidermis and the dermis. CONCLUSION: This open clinical trial suggests that cetirizine could be effective in treating psoriasis: (1) for its symptomatic control on itching; (2) for its immunopharmacologic modulation of leukocyte integrins and on the immunophenotype pattern of infiltrating and resident cells, and (3) for contributing to the clearing of the lesions clinically.",0
W1985429539,The influence of betahistine on the dynamics of the cutaneous hypersensitivity reaction in patients with grass pollen allergy,,0
W2131399943,Echographic evaluation of patch test inhibition by oral antihistamine,,0
W2410666546,Efficacy of cetirizine in cholinergic urticaria.,"In order to examine the efficacy of cetirizine in cholinergic urticaria, we studied 24 patients in a double-blind crossover design during 3-week treatment periods, with either 10 or 20 mg/d cetirizine or placebo. The placebo period was always placed in between the two verum treatments to allow for a washout of the drug. Evaluation of the patients' daily symptom scores based on itching, erythema and whealing showed a highly significant improvement (p < 0.01). The percentage of days with mild or no symptoms was also increased significantly with the drug (p < 0.05). Except for whealing (p < 0.05), no significant differences between the two dosages of cetirizine could be determined. Since antihistamines have previously been shown to be frequently unsatisfactory in the treatment of cholinergic urticaria, the present data are encouraging regarding the control of symptoms in this condition.",0
W1990010334,"Cetirizine and astemizole therapy for chronic idiopathic urticaria: A double-blind, placebo-controlled, comparative trial",,1
W1955467713,Astemizole-D Causes Less Sleep Impairment than Loratadine-D,"This randomized, double-blind, double-dummy, parallel-group trial was initiated to evaluate and compare the tolerability of once-daily astemizole-D capsules (10 mg astemizole/240 mg pseudoephedrine) and twice-daily loratadine-D tablets (5 mg loratadine/120 mg pseudoephedrine), with particular reference to the impact of treatment on quality of sleep. A total of 240 healthy volunteers participated in this study with a treatment duration of 3 days. Astemizole-D consistently produced less sleep impairment than loratadine-D with statistically significant differences in favour of astemizole-D reported for night-time waking on days 4 and 5 (P = 0.004 and P = 0.006, respectively), as well as for night-time restlessness on day 4 and the total score for all sleep parameters on day 4 (P < 0.05). Global evaluations of overall sleep quality at the end of the trial also revealed some statistically significant differences in favour of astemizole-D. Both drugs were well tolerated and there were no differences in the incidence and type of adverse events reported in the two treatment groups. Slight changes in heart rate and blood-pressure were observed in both treatment groups, but these were small and were not considered to be of clinical significance. In conclusion, once-daily astemizole-D is well tolerated and appears to cause less sleep impairment than twice-daily loratadine-D.",0
W2166470400,Assessment of the efficacy and safety of three dose levels of cetirizine given once daily in children with perennial allergic rhinitis,"The present study compared the efficacy and safety of three dose levels of cetirizine (2.5, 5, and 10 mg) once a day with placebo over 14 days in 6-12-year-old children with perennial allergic rhinitis. The design was a double-blind, randomized, multicenter, parallel-group study. Five symptoms (sneezing, nasal discharge, nasal obstruction, nasal pruritus, and ocular pruritus) were rated according to severity by investigators at the visits and daily by patients. Eighty-three patients were randomized to placebo, 84 to 2.5 mg cetirizine, 85 to 5 mg cetirizine, and 76 to 10 mg cetirizine. Groups were comparable at inclusion. The primary efficacy variable was the percentage of days with no or only mild symptoms: at all doses, cetirizine appeared to be more effective than placebo, but a significant difference was reached only in the 10-mg group (difference in medians of 22%; P = 0.016). The test of linearity was significant (P = 0.026) for the percentage of asymptomatic days. The investigators' assessments at each visit scored the symptoms in the placebo group higher, i.e., more severe, than in the active groups, the 10-mg dose causing the greatest reduction in symptoms. Adverse events were infrequent and generally mild or moderate in severity. It was concluded that cetirizine at a 10-mg, once daily dose could be used to treat effectively 6-12-year-old children with perennial allergic rhinitis.",0
W2912204796,Topical levocabastine compared with oral loratadine for the treatment of seasonal allergic rhinoconjunctivitis,"This multicenter, double-blind, double-dummy, parallel-group trial was initiated to compare the efficacy and tolerability of two antihistamines, topical levocabastine (eye-drops and nasal spray) and oral loratadine, for the treatment of seasonal allergic rhinoconjunctivitis in the primary care setting. A total of 95 adult patients participated in the study with a treatment duration of 5 weeks. Forty-seven patients were randomized to receive twice daily levocabastine eye-drops and nasal spray plus an oral placebo, and 48 to receive once daily oral loratadine with placebo eye-drops and nasal spray. Naphazoline eye-drops and xylometazoline nasal spray were permitted as rescue medication. No statistically significant intergroup differences in therapeutic efficacy were observed. Symptom severity was comparable in the two treatment groups throughout the trial period. At the end of the study, 86% of levocabastine-treated patients considered global therapeutic efficacy to be excellent or good, as compared with 77% of those who received loratadine. This difference was not statistically significant. There were no significant differences in the use of rescue medication or in the incidence or severity of adverse events in the two treatment groups. In conclusion, levocabastine eye-drops and nasal spray appear to be as effective and well tolerated as oral loratadine for the treatment of seasonal allergic rhinoconjunctivitis.",0
W1997090996,"Dose‐ranging, placebo‐controlled study of cetirizine nasal spray in adults with perennial allergic rhinitis","A total of 360 patients with perennial allergic rhinitis were randomized in a placebo-controlled, dose-finding study comparing three concentrations (0.06%, 0.125%, and 0.25%) of a cetirizine nasal spray, administered three times a day for 2 weeks. The primary criterion of efficacy was the percentage of days with no or only mild symptoms of rhinitis (PDMax1), as evaluated by the patients. The median PDMax1 were 16.7%, 30.8%, 42.9%, and 26.7% for the placebo, 0.06%, 0.125%, and 0.25% groups, respectively. Although the global comparison among the four groups only approached statistical significance (P = 0.076), the difference (26.2%) between the placebo and 0.125% groups was clinically and statistically significant (P = 0.011). For the global evaluation by the investigator, the best results were seen in the 0.125% group (P = 0.03). The occurrence of adverse events did not differ among the four treatment groups and consisted mainly of nasal events, occurring in 22.5%, 17.1%, 12.9%, and 24.4% of the patients for the placebo, 0.06%, 0.125%, and 0.25% groups, respectively (P = 0.184). These results indicate that the 0.125% concentration is significantly better than placebo and offers the best therapeutic ratio.",0
W190062478,The effects of a new generation of H1 antihistamines (cetirizine and loratadine) on histamine release and the bronchial response to histamine in atopic patients.,"The effects of two selective H1 receptor blockers, cetirizine and loratadine, in comparison with placebo, on basophil histamine release and the bronchial response to histamine were assessed. The studies were performed in a group of 18 patients with pollinosis and 22 with atopic asthma. Both tests were performed before and after medication. Histamine release from isolated basophils was evaluated by Shore's method using anti-IgE and pollen antigen as stimulants. The bronchial provocation tests were performed by Ryan's method. The results were expressed as PC20FEV1. It was shown that both drugs significantly inhibited basophil histamine release induced by anti-igE or specific allergen. It was also found that these drugs effectively reduced the bronchial response to histamine challenge. These findings confirm the beneficial clinical effect of a new generation of selective H1 blockers in the treatment of IgE-mediated allergic diseases, and also the possible role of these drugs in the therapy of atopic asthma.",0
W2136506094,"Antihistamine effects on actual driving performance in a standard test: a summary of Dutch experience, 1989‐94","The review summarizes the major results of eight double-blind, placebo-controlled, volunteer studies undertaken by three independent institutions for showing the effects on actual driving performance of ""sedating"" and ""nonsedating"" antihistamines (respectively, triprolidine, diphenhydramine, clemastine and terfenadine, loratadine, cetirizine, acrivastine, mizolastine, and ebastine). A common, standardized test was used that measures driving impairment from vehicular ""weaving"" (i.e., standard deviation of lateral position (SDLP)). Logical relationships were found between impairment and dose, time after dosing, and repeated doses over 4-5 days. The newer drugs were generally less impairing, but differences existed among their effects, and none was unimpairing at doses 1-2x the currently recommended levels. One or possibly two of the newer drugs possessed both performance-enhancing and -impairing properties, depending on dose, suggesting two mechanisms of action.",1
W2156954424,lnterferon-α in combination with corticosteroids improves systemic mast cell disease,"Journal Article lnterferon‐α in combination with corticosteroids improves systemic mast cell disease Get access E. Delaporte, E. Delaporte Department of Dermatology A, HoCpital Cl. Huriez. CHRU. Lille. France Search for other works by this author on: Oxford Academic Google Scholar E. Piérard, E. Piérard Department of Dermatology A, HoCpital Cl. Huriez. CHRU. Lille. France Search for other works by this author on: Oxford Academic Google Scholar B.G. Wolthers, B.G. Wolthers Central Clinical Chemical Laboratory, University Hospital, Groningen, the Netherlands Search for other works by this author on: Oxford Academic Google Scholar P. Desreumaux, P. Desreumaux Department of Hepatogastroenterology. Hôpital Cl. Huriez, CHRU. Lille. France Search for other works by this author on: Oxford Academic Google Scholar A. Janin, A. Janin Department of Pathology C, CHRU, Lille, France. Search for other works by this author on: Oxford Academic Google Scholar A. Cortot, A. Cortot Department of Hepatogastroenterology. Hôpital Cl. Huriez, CHRU. Lille. France Search for other works by this author on: Oxford Academic Google Scholar F. Piette, F. Piette Department of Dermatology A, HoCpital Cl. Huriez. CHRU. Lille. France Search for other works by this author on: Oxford Academic Google Scholar H. Bergoend H. Bergoend Department of Dermatology A, HoCpital Cl. Huriez. CHRU. Lille. France Search for other works by this author on: Oxford Academic Google Scholar British Journal of Dermatology, Volume 132, Issue 3, 1 March 1995, Pages 479–482, https://doi.org/10.1111/j.1365-2133.1995.tb08689.x Published: 01 March 1995",0
W2399879188,[Test for efficacy of cetirizine and loratadine as a treatment for seasonal allergic rhinitis in a 6 week cross-over comparative study].,"Cetirizine and loratadine-two new antihistaminic drugs were evaluated in 56 patients with seasonal rhinitis in cross-over open study. I our study, no difference between loratadine and cetirizine has been seen. Both evaluated drugs significantly inhibited the symptoms of allergic rhinitis and conjunctivitis. Adverse reaction and inhibition of histamine and codeine skin tests were similar.",1
W2046823113,Investigation of the stereoselective metabolism of the chiral H1-antihistaminic drug terfenadine by high-performance liquid chromatography,,0
W2051999542,"The effect of H<sub>1</sub> receptor antagonists on peripheral blood mononuclear cells, adenoid cells and primary cell lines","This study describes the in vitro effect of three H1 receptor antagonists (dexchlorpheniramine, terfenadine and loratadine) on human peripheral blood mononuclear cells (PBMC, n = 30) from allergic patients and healthy individuals. The three H1 receptor antagonists significantly inhibited antigen/mitogen-induced PBMC proliferation in a concentration-dependent manner. Allergen-specific T-cell responses in allergic individuals were similarly inhibited. The effect of the three drugs was also tested in cultures of mononuclear cells derived from adenoid tissue. The growth kinetics were investigated using spontaneously proliferating cell lines to examine whether the inhibition was caused by general toxicity. Three cell lines, HCT 8 (an ileocaecal adenocarcinoma) RPMI 8866 (B-cell line) and 166 A2 (T hybridoma) were tested. Loratadine (< 0.03 microM) and dexchlorpheniramine (< 0.62 microM) altered the kinetics of HCT 8 and RPMI 8866, respectively. When testing RPMI 8866 and 166 A2, the growth-inhibitory effect of terfenadine and loratadine could be neutralized by addition of cell culture filtrate from RPMI 8866 or 166 A2. These culture filtrates are rich in soluble low-affinity IgE receptor (sCD23) and IgE-binding factor (IgEBF), respectively. Our findings show that the antihistamines investigated display some non-convential in vitro anti-allergic properties possibly not related to their interaction with the H1 receptor. In addition, our results suggest: a) The H1 receptor antagonists used differ in their pattern of cell inhibition; b) The inhibitory effect is completely reversible at low drug concentrations.",0
W2460896654,Efficacy and safety of loratadine compared with astemizole in Malaysian patients with allergic rhinitis.,"Nonsedating selective peripheral H1 receptor antagonists are an important advance in antihistaminic therapy in allergic patients. This is a randomised, double-blind parallel group study comparing the use of two such agents viz loratadine 10mg daily and astemizole 10mg daily for two weeks in 39 Malaysian allergic rhinitis patients. At these dosages, both drugs were demonstrated to be efficacious (p < 0.05) for controlling nasal symptoms and safe in terms of short term biochemical and haematological changes and adverse effects noted. Evaluating efficacy criteria utilised in this study loratadine and astemizole were comparable but loratadine was significantly more effective in three areas viz: (i) in diminishing nasal symptoms after 2 weeks of treatment (p = 0.03); (ii) physician's efficacy evaluation after 2 weeks' treatment (p = 0.009); (iii) patient's efficacy evaluation after 2 weeks' treatment (p = 0.019).",0
W2396209723,[Loratadine versus terfenadine in perennial allergic rhinitis: ability to inhibit skin response].,"We studied 104 medical student from the UANL, with symptoms of perenneal allergic rhinitis, including only 30 patients for this study; seven patients with loratadin 10 mg, eight with loratadine 20 mg and 15 with terfenadine 120 mg/day/21 days, 20 mg of loratadine and 120 mg of terfenadine demonstrated significant decrease of the symptoms (P). Two patients had collateral effects with terfenadine, but terfenadine were more effective than the loratadine in the reduction of the skin reactivity.",1
W2402358832,[Results of treatment with loratadine in patients with chronic urticaria].,"This study aimed at evaluating loratadine efficiency versus placebo in the treatment of patients with chronic urticaria. The single blind trial involved 31 patients divided into the group treated with active drug (21 patients), and placebo (10 patients). Loratadine in a daily dose of 10 mg (1 tablet in the evening) was administered for 28 days whereas placebo was given for 14 days. Patients filled so-called self-observation charts in which a severity of disease symptoms and/or adverse reactions were noted every day. Skin test with histamine was performed in the hospital before the trial, after 2 weeks, and in the last day of the treatment. The obtained results showed a marked decrease in erythema, wheals, and prurigo in patients treated with loratadine. No such an improvement was seen in placebo group. Skin reaction to histamine was also markedly reduced in loratadine group. Loratadine proved an efficient agent in the treatment of the chronic urticaria in 71% of patients.",0
W74436779,Nonsedating H1 antihistamines in chronic urticaria.,"Histamine type 1 (H1) receptor antagonists are the principal therapy for chronic urticaria. Their usefulness, however, is sometimes compromised by undesirable central nervous system (CNS) side effects such as daytime sedation and anticholinergic side effects such as dry mouth. Second-generation, nonsedating antihistamines (terfenadine, astemizole, loratadine, and cetirizine hydrochloride) are just as effective as the potent first-generation antihistamines such as hydroxyzine. Yet they do not cause the CNS and anticholinergic side effects seen with the older agents. Cardiovascular side effects, which have been recently reported with terfenadine and astemizole, are dose related and rare, generally occurring in patients who overdose or who take concomitant medications that increase serum antihistamine levels. The second-generation antihistamines also offer twice daily and once daily dosage schedules, which are more convenient than the two- to four-times daily schedules of the older agents. They should therefore be considered first-line agents for the treatment of chronic urticaria. This article is a review of the role of the nonsedating antihistamines in the treatment of chronic urticaria.",0
W2468442557,H1-receptor antagonists: does a dose-response relationship exist?,"Objective dose-response studies of histamine receptor blockade in the skin have been performed using suppression of the histamine-induced wheal and flare. Results with second-generation H1-antagonists indicate a dose-dependent increase in histamine skin test suppression. Few dose-response studies of H1-antagonists in allergic rhinitis or chronic urticaria have been published. The manufacturers' recommend doses for H1-antagonists appear to be optimal with regard to safety and should not be exceeded, as the incidence of adverse effects may increase when higher doses are used. Also, even if higher doses are given, complete symptom relief may not occur in all patients, as total H1-blockade still leaves the effects of other chemical mediators of inflammation unopposed.",0
W2411674683,Initiation of the effects of acrivastine and cetirizine on histamine/induced wheals and itch in human skin.,"The initiation of the antihistamine effect of a single dose of acrivastine (8 mg) or cetirizine (10 mg) on wheals and itch induced by histamine dihydrochloride (10 mg/ml) in the prick test was studied in a randomized cross-over design employing 20 healthy medical students. The prick test was performed before ingestion of the drug and after 15, 20, 25, 30, 60 and 90 min and 2, 3 and 4 h. Local symptoms (itching) were recorded on a visual analogue scale. The inhibitory effect of acrivastine on the histamine wheal was first noticed 20 min (p < 0.01) after ingestion of the drug and that of cetirizine after 60 min (p < 0.001). The maximum effect of cetirizine, at 4 h, was greater than that of acrivastine, at 3 h (p < 0.001). The suppression of itching was first noticed 25 min after ingestion with both drugs.",0
W1901573909,A Comparison of the Efficacy of Azelastine Nasal Spray and Loratidine Tablets in the Treatment of Seasonal Allergic Rhinitis,"A total of 30 patients suffering from seasonal allergic rhinitis were treated in a 6-week randomized, double-blind, double-dummy parallel-group study, comparing azelastine nasal spray (0.14 mg/nostril administered twice daily) and loratidine tablets (10 mg once daily). Symptoms evaluated were sneezing, nose and/or eye itching, lacrimation, rhinorrhoea, photophobia, nasal occlusion, throat irritation, smell loss, nasal mucosa swelling, conjunctivitis, and pharyngeal mucosa reddening. Each symptom was assessed according to severity and given a score on a fourpoint rating scale. Compared with baseline, total symptom scores for both the azelastine and loratidine treatment groups were reduced at each of the assessments during treatment. No significant differences were observed between the two treatment groups. The investigator concluded that azelastine, formulated as a nasal spray, is as effective as loratidine tablets in the relief of the symptoms of seasonal rhinitis and that it has a rapid onset of action. Un gruppo di 30 pazienti affetti da rinite allergica stagionale è stato trattato, in uno studio radomizzato, tra gruppi paralleli, doppio cieco, double dummy della durata di 6 settimane con azelastina spray nasale (0.14 mg/narice 2 volte al giorno) e loratina compresse (10 mg/die). I sintomi controllati sono stati i seguenti: starnuti, prurito nasale e/o oculare, lacrimazione, rinorrea, fotofobia, occlusione nasale, irritazione faringea, perdita dell'olfatto, edema della mucosa nasale, congiuntivite ed arrossamento della mucosa faringea. I sintomi sono stati valutati in base alia loro gravità assegnando un punteggio variabile da 1 a 4. In entrambi i gruppi di trattamento il punteggio totale della sintomatologia è risultato inferiore a quello basale ad ogni controllo nel corso dei trattamenti. Non sono state rilevate differenze significative tra i due trattamenti che si sono dimostrati entrambi efficaci. I ricercatori hanno concluso che azelastina spray nasale ha la stessa efficacia di loratidina compresse nell'alleviare i sintomi della rinite allergica stagionale e possiede una notevole rapidità di azione ed una notevole maneggevolezza clinica.",1
W2075403490,"Assessment of the Wheal Size and Skin Blood Flow of the Erythema Induced by Histamine and Its Modification with Cetirizine and Ebastine: A Crossover, Double-Blind Study","In order to assess the antihistaminic power of cetirizine and ebastine, we designed a randomized, double-blind, crossover study, measuring their capacity to modify skin blood flow induced by a histamine prick test. The vasomotor response was compared using a laser Doppler flowmeter. Two hours after intake of the antihistaminic drug, there were significant differences between both drugs: at 4 h, the antihistaminic effect of cetirizine persists, whereas ebastine only showed moderate activity. The reduction of the cutaneous blood flow values (CBFV) showed good activity in both groups, but cetirizine was more potent and showed faster activity than ebastine.",0
W43693682,Comparative study of SCH 434 and CTM-D in the treatment of seasonal allergic rhinitis.,"The efficacy and safety of an extended-release combination of loratadine plus pseudoephedrine sulfate (SCH 434) was compared with that of a tablet containing chlorpheniramine maleate plus pseudoephedrine sulfate (CTM-D) in 131 patients with symptomatic seasonal allergic rhinitis. Patients were randomly assigned to receive either SCH 434 (loratadine 5 mg and pseudoephedrine sulfate 120 mg) or CTM-D (chlorpheniramine maleate 12 mg and pseudoephedrine sulfate 120 mg) twice daily for 2 weeks. Evaluations were made after 3, 7, and 14 days of treatment. Demographics (age, race, sex, and duration of seasonal allergic rhinitis) and baseline total symptom scores were comparable between groups. Both combination products were effective in relieving the symptoms of allergic rhinitis. Improvement in total symptom scores was 54% on day 3 and 65% on day 14 in the SCH 434 group versus 57% on day 3 and 64% on day 14 in the CTM-D group. Individual symptom scores (nasal discharge, stuffiness, nasal itching, sneezing, and ocular symptoms) responded similarly. A smaller proportion of patients in the SCH 434 group reported side effects, especially dry mouth (7% vs 19%, P = 0.07), fatigue (6% vs 25%, P < 0.01), and sedation (7% vs 22%, P < 0.03). In conclusion, the combination of loratadine plus pseudoephedrine sulfate was equally as effective as a classic antihistamine (chlorpheniramine maleate) plus pseudoephedrine sulfate but had a lower incidence of side effects.",0
W2078775644,H1-Receptor Antagonists,,0
W2015125931,Lectin-induced increase in microvascular permeability to colloidal carbonin vitro may involve protein kinase C activation,,0
W2275834305,Once daily loratadine versus astemizole once daily.,"This study was designed to compare the efficacy and safety of loratadine and astemizole for the treatment of seasonal allergic rhinitis. A total of 167 adult patients with seasonal allergic rhinitis was enrolled in a randomized double-blind, parallel group study. Patients were treated once daily for 2 months during a spring allergy season. Both treatment groups showed significant reduction of symptoms (P < .01) from baseline. The physicians' and patients' evaluations of response to treatment were generally higher for loratadine than astemizole but only reached statistical significance (P < .05) at the 1-week evaluation. Astemizole-treated patients showed statistically significantly more weight gain than did loratadine-treated patients. Loratadine and astemizole were comparable in reducing the signs and symptoms of seasonal allergic rhinitis. Both treatments were well tolerated, although less weight gain was observed in patients treated with loratadine.",1
W197713059,Double-blind study of cetirizine in atopic eczema in children.,"An 8-week, double-blind study of the clinical efficacy of cetirizine was performed in a group of 6 to 12-year-old children suffering from atopic eczema. Patients were enrolled in the study if they presented the diagnostic criteria of atopic dermatitis established by Hanifin and Rajka. Pruritus in the cetirizine-treated group diminished significantly more rapidly than in the control group receiving only placebo. During the 8 weeks of the study, diary card scores showed a statistically significant decrease in erythema and other cutaneous symptoms, such as lichenification, in the cetirizine group. The children's parents did not observe any side effects (somnolence or decreased attention) during the study. The results of this preliminary study suggest that cetirizine can effectively control pruritus and other cutaneous symptoms in children suffering from atopic eczema without noticeable side effects.",0
W1981518468,Evaluation of the Efficacy of H <sub>1</sub> Blockers by Noninvasive Measurement Techniques,"BACKGROUND: Evaluation techniques for determining the strength of action and the onset of activity of H1 receptor blockers have not yet been sufficiently standardized. OBJECTIVE: The clinical efficacy of the H1 receptor blocker loratadine was to be measured upon a wheal response subsequent to an intracutaneous injection of 0.1 ml histamine (0.1%). METHODS: In a pilot study, 10 patients were treated with the H1 receptor blocker loratadine for a period of 7 days. Various noninvasive measurement techniques, i.e. 20-MHz sonography, laser-Doppler flowmetry, chromatometry using the Lab* system and computer-assisted planimetry, were applied to provide a quantitative evaluation of the wheal and the marginal erythema. Using these quantification methods, the development of the urticarial reaction 20 min after injection and its decline were evaluated. RESULTS: The urticarial reaction was reduced substantially under treatment with 10 mg loratadine over a period of 7 days. The methods we used could accurately quantify different aspects of the urticarial reaction noninvasively. CONCLUSIONS: All of the chosen measurement techniques are widely recognized. For objective assessment of the urticarial reaction with high-frequency ultrasound, we recommend the measurement of the distance between skin entrance echo and fascia since the demarcation of the wheal is often impossible by ultrasound. In order to improve comparison of results of various workgroups in the future, we therefore suggest the use of the selected combination of noninvasive procedures as a standard for evaluating the efficacy of H1 receptor blockers.",0
W2406209219,Efficacy of loratadine versus placebo in the prophylactic treatment of seasonal allergic rhinitis.,"The efficacy of loratadine as prophylactic therapy for seasonal allergic rhinitis was evaluated in a randomized, double-blind, parallel group, placebo-controlled study. One hundred eighteen subjects received either loratadine, 10 mg once daily, or placebo for 6 weeks. Treatment was begun prior to the onset of grass pollen seasonal symptoms of allergic rhinitis. Total symptom-free days occurred more frequently in subjects receiving loratadine. More loratadine than placebo subjects (65% versus 49%) had no symptoms or mild rhinitis at the end of the study. In contrast, the differences between loratadine and placebo in symptom scores did not achieve significance. The incidence of sedation and anticholinergic effects were comparable between the groups. Prophylactic loratadine therapy was effective in suppressing symptoms of seasonal allergic rhinitis and providing patients with symptom-free days throughout the pollen season.",0
W2005225107,Acoustic rhinometry compared with posterior rhinomanometry in the measurement of histamine‐ and bradykinin‐induced changes in nasal airway patency.,"1. Acoustic rhinometry is a relatively new method for objectively assessing nasal airway patency. In this paper we compare acoustic rhinometry with active posterior rhinomanometry. 2. Twenty normal healthy volunteers underwent nasal challenge with either histamine or bradykinin, 100 micrograms to 1000 micrograms, and responses were assessed by acoustic rhinometry. A further 20 subjects received identical nasal challenges and responses were assessed by active posterior rhinomanometry. 3. On a subsequent occasion, the subjects challenged previously with histamine, were given the selective H1-receptor antagonist, cetirizine, 10 mg orally, 3 h before repeat nasal challenge with histamine, 100-1000 micrograms. Again, responses were assessed by active posterior rhinomanometry and acoustic rhinometry. 4. The acoustic reflection measurements and the nasal airway resistance measurements showed comparable, significant dose-related changes in nasal patency to both histamine and bradykinin. Pretreatment with cetirizine blocked the histamine-induced change in nasal patency as measured by both methods. 5. We conclude that acoustic rhinometry has a number of advantages over posterior rhinomanometry. It is quick to perform, requires minimal subject co-operation and gives a reliable objective, measurement of dose-related changes in nasal airway patency before and after pharmacological treatment.",0
W1464398408,[Comparative study between 10 and 20 mg of cetirizine in the symptomatic treatment of seasonal allergic rhinoconjunctivitis].,"Our patients with seasonal allergic rhinoconjunctivitis usually present severe clinical symptoms. A single daily dose of cetirizine 10 mg might be insufficient for these patients. To investigate this hypothesis we compared clinical efficacy and adverse side effects between two daily doses of cetirizine, 10 and 20 mg. We designed a comparative open randomized study, including 38 patients, with hay fever sensitized to local pollens (grass, olive, parietaria judaica, chenopodium album, artemisia vulgaris and plantago lanceolata) diagnosed by clinical history and a positive skin prick test (wheal > 3 mm), 20 women and 18 men, aged 17 to 57 years (x: 31.32 +/- 9.73), living in the same geographic area. Randomly, after a week run in period, 21 subjects received a daily dose of cetirizine 10 mg during 2 weeks, and the other 17 received 10 mg twice a day. The symptomatic score used was based on: sneezes number, nasal itching, nasal secretion, nasal congestion, ocular itching, lacrimation, weight gain, sedation and additional methylprednisolone usage. All symptoms were scored on a 0-3 scale (0: absent; 1: mild; 2: moderate; 3: severe). A mean 8 points daily score during the previous week was required for recruitment. Nasal eosinophilia was determined at baseline and at the end of treatment. The study was conducted in may 1992. We did not find significant differences between the two groups, except in sneezes number and sedation. Both groups improved their symptoms, in comparison with the basal week (p < 0.01) and reduced their oral steroid use (p < 0.01).(ABSTRACT TRUNCATED AT 250 WORDS)",0
W2394758902,A Comparison of Azelastine Nasal Spray and Cetirizine Tablets in the Treatment of Allergic Rhinitis,"A total of 40 patients with perennial allergic rhinitis were treated with either azelastine nasal spray 0.14 mg/nostril twice daily (0.56 mg/day) or cetirizine tablets 10 mg once daily. Treatment was for a period of eight weeks. The rhinitis symptoms were evaluated according to a four-point scale (0 = absent, 3 = severe). The Total Rhinitis Symptom Score (TRSS) was derived from the sum of the individual symptom scores. Symptoms were assessed at baseline prior to treatment and at weeks 2, 4 and 8. Compared to baseline, TRSS for both the azelastine and cetirizine groups were less at each assessment during treatment, a slight nonsignificant advantage was seen in the azelastine group. At the end of the study, physicians rated global efficacy as being ‘good’ or ‘excellent’ in 73.7% of azelastine patients and 55.5% of cetirizine patients. Both treatments were well tolerated and no serious adverse events were reported, however, two cetirizine patients withdrew from the study because of somnolence. In conclusion, azelastine has been shown to be at least as effective as cetirizine in the relief of the symptoms of perennial allergic rhinitis. Un campione clinico di 20 + 20 pazienti con rinite allergica è stato trattato con Azelastina spray nasale alla dose di 2 puff da 0.14 mg/narice/die (0.56 mg/die) o con 1 compressa/die di Cetirizina da 10 mg. La durata del trattamento è stata di 8 settimane. I sintomi di rinite sono stati valutati in base ad una scala a 4 punti (in cui 0 = assente o scomparso, 3 = sintomo grave). Il Punteggio Totale dei Sintomi di Rinite (PTSR) è stato ottenuto addizionando i punteggi dei singoli sintomi. I sintomi sono stati rilevati prima dei trattamenti (valore basale) e successivamente ad intervalli di 2, 4 e 8 settimane. Ad ogni rilevamento nel corso del trattamento si è riscontrata una diminuzione del PTSR rispetto al valore basale, in entrambi i gruppi di trattamento. Nel gruppo Azelastina si è manifestata una maggiore diminuzione del punteggio, non statisticamente significativa. Alla conclusione dello studio i ricercatori hanno definita “eccellente” o “buona” l'efficacia nel 73.7% del casi trattati con Azelastina Spray Nasale e nel 55.5% di quelli trattati con Cetirizina. Entrambi i trattamenti sono stati ben tollerati e non si sono rilevati effetti collaterali. In conclusione, Azelastina Spray Nasale, ha dimostrato efficacia comparabile a quella di Cetirizina compresse nell'alleviare i sintomi della rinite allergica.",0
W1980456291,Therapeutic effect of loratadine on pruritus in patients with atopic dermatitis,"The aim of the study was to assess the therapeutic efficacy of loratadine on pruritus in patients with atopic dermatitis, considering the patients' sensation of itch. Sixteen patients, mean age 24.8 years, with moderate or severe atopic dermatitis were included in a double-blind and placebo-controlled study with a six-period, multi-crossover design. The patients were given 10 mg loratadine or placebo every day, alternating between loratadine and placebo every 2 weeks. The degree of pruritus during the day and during the night was recorded by the patients every morning and every evening, respectively, on a 10-cm visual analog scale. The study detected a significant effect of loratadine, as compared with placebo, on pruritus during the day, pruritus during the night, and severity of rash. At least nine of the 16 patients included were classified as responders and only one as a nonresponder to loratadine treatment. It is concluded that loratadine may be tried as an adjuvant therapy in the management of severe and moderate atopic dermatitis, in patients complaining of pruritus.",0
W1995909086,In dermographic urticaria H2 receptor antagonists have a small but therapeutically irrelevant additional effect compared with H1 antagonists alone,"Two studies of the additional effect of an H2 receptor antagonist when given in combination with an H1 antagonist were undertaken in dermographic urticaria. Using a randomized, double-blind, crossover design in 19 patients, a combination of cetirizine (10 mg at night) and ranitidine (150 mg twice daily) was compared with a combination of cetirizine (10 mg at night) and placebo. The addition of ranitidine did not produce any significant difference in linear analogue scores for weal, itch or sleep disturbance. There was a significant depression of the frictional force/wealing response curve with an increase in wealing threshold (P < 0.0001) following the addition of H2 blockade. The wealing threshold was 54.7 +/- 4.4 (mean +/- SEM) g/mm2 for the H1 antagonist alone, and 73.2 +/- 5.7 for the combination of H1 and H2 antagonists. In a second similar study involving nine different patients, comparing terfenadine (120 mg twice daily) with a combination of terfenadine and ranitidine (150 mg twice daily), the weal threshold was 59.8 +/- 6.6 for the H1 antagonist alone, and 73.0 +/- 6.4 for the combination of H1 and H2 antagonists. Thus, in dermographic urticaria, adding an H2 antagonist to treatment with a potent H1 antagonist gives a small, significant reduction in wealing response, but no symptomatic benefit. We conclude that involvement of the H2 receptor in this urticarial disease is minimal, and does not justify the use of H2 receptor antagonists.",0
W2057265160,The effect of cetirizine on symptoms and wealing in dermographic urticaria,"The effect of cetirizine, 10 mg at night, on dermographic urticaria, was studied in 19 patients. The study design was a randomized, double-blind, crossover comparison with placebo, each treatment being given for 7 days. Patients kept a daily diary of itch and weal severity (100-mm linear analogue scale), and recorded sleep disturbance. The dermographic weal response was measured objectively with a spring-loaded stylus, and the weal threshold calculated from the force/response curve. There was a small, insignificant subjective response to placebo, but no objective response. On cetirizine, the subjective assessment of wealing was reduced from 34.3 +/- 6.7 (mean +/- SEM, 0-100 scale) to 16.8 +/- 4.1 (P = 0.02), itch was reduced from 43.2 +/- 6.6 to 19.4 +/- 4.1 (P = 0.001), and nights disturbed from 46.2 to 8.8% (P = 0.03). There was a shift to the right in the position of the force/response curve, and the wealing threshold increased from 24.6 +/- 3.2 to 54.7 +/- 4.4 g/mm2 (P = 0.00001), but there was no correlation between change in itch scores and wealing threshold. Cetirizine 10 mg daily is an effective treatment in dermographic urticaria, and its usefulness will depend on the prevalence of unwanted effects.",0
W81889728,A comparative study of the efficacy and safety of loratadine syrup and terfenadine suspension in the treatment of 3- to 6-year-old children with seasonal allergic rhinitis.,"The efficacy and safety of loratadine and terfenadine in the treatment of 3- to 6-year-old children with seasonal allergic rhinitis were compared in a third-party-blind, randomized, parallel-group study. A total of 96 children were included in the efficacy analysis: 49 children received 5 or 10 mg of loratadine once daily, and 47 received 15 mg of terfenadine twice daily, for 14 days. The mean total score for both nasal and non-nasal symptoms was decreased significantly from baseline at days 3, 7, and 14 in both treatment groups. At endpoint, these scores had improved 73% in each group. There were no statistically significant differences between the two groups in the total symptom scores at any point during the study. Both treatments were effective in relieving individual nasal and nonnasal symptoms. Therapeutic response to treatment was good or excellent in 82% of loratadine-treated children and in 60% of terfenadine-treated children. Few adverse events were reported during the study; all were mild or moderate and were not significantly different between the two treatment groups. There were no reports of sedation or dry mouth in either group. Once-daily treatment with 5 or 10 mg of loratadine was as effective as twice-daily treatment with 15 mg of terfenadine in improving the symptoms of seasonal allergic rhinitis in children 3 to 6 years old. Both treatments were well tolerated.",0
W2409937837,The effect of loratadine on activated cells of the nasal mucosa in patients with allergic rhinitis.,"The effect of loratadine on the numbers of activated cells--cells expressing interleukin-2 receptors(IL-2R), HLA-DR antigens and proliferating cell nuclear antigen (PCNA)--in the nasal mucosa was studied in 48 patients with allergic rhinitis. Patients were treated with either loratadine (10 mg) or placebo for 1 month. At the end of treatment, a significant decrease in the symptom scores was noted in both groups of patients. However, the clinical score was significantly lower in the loratadine group compared to the placebo group. At the end of treatment, the numbers of IL-2R+, HLA-DR+ and PCNA+ cells were significantly decreased only in the group on loratadine. An almost significant correlation was also observed between the numbers of IL-2R+ cells and symptoms in the loratadine group. Our results show that loratadine exerts its beneficial effect possibly by inhibiting both the action of histamine and immune activation.",0
W2418590600,Tolerability of nimesulide in aspirin-sensitive patients.,"In most patients with aspirin and nonsteroidal antiinflammatory drug (NSAID) intolerance, antiinflammatory treatment is a clinical problem. In this study we evaluated the tolerance to a new nonsteroidal antiinflammatory drug, nimesulide (Aulin, Boehringer Mannheim, Italia), in 429 patients presenting with clear histories of intolerance to NSAIDs. Nimesulide has been chosen due to its weak inhibitory action on cyclooxygenase and its peculiar mechanism of action. We carried out a single-blind challenge with cumulative doses of nimesulide administered on three different days, until the therapeutic dose of 200 mg or intolerance symptoms were reached. Nimesulide has been well tolerated in 418 subjects and only 11 patients (3.3%) showed a positive test. Our study demonstrates that nimesulide seems to be a suitable drug in aspirin hypersensitivity.",0
W83582357,Comparative study of the efficacy and safety of loratadine syrup and terfenadine suspension in the treatment of chronic allergic skin diseases in a pediatric population.,"The safety and efficacy of loratadine (Sch 29851, CAS 79794-75-5) syrup (5 or 10 mg QD) was compared to terfenadine (CAS 50679-08-8) suspension (30 mg b.i.d.) in a randomized, third party blind, parallel-group, multicenter trial. Two hundred thirty-six children ages 6-12 years, with chronic allergic skin disorders were treated for 14 days. The predominant skin condition was atrophic dermatitis (88% of the efficacy population). Evaluation of efficacy was based on investigator and patient assessment of symptoms, overall condition of the disease, and therapeutic response to treatment. After 7 and 14 days of treatment, and in the endpoint analysis (last valid study visit for all patients) the decreases from baseline in mean total sign/symptom scores, and all individual symptoms, did not differ significantly (p > 0.05) between treatments. Itching improved 54% in the loratadine group and 58% in the terfenadine group in the endpoint analysis. Forty-five percent of patients treated with loratadine and 46% of terfenadine-treated patients treated had complete or marked relief of their symptoms at endpoint. The efficacy of loratadine increased during the study, suggesting that patients did not develop tolerance to the medication over the 14-day course of therapy. Mild to moderate treatment-related adverse experiences were reported in 7/113 patients (6%) treated with loratadine and 11/119 patients (9%) treated with terfenadine. Single daily doses of 5 mg or 10 mg loratadine syrup were comparable to terfenadine suspension 30 mg twice daily for improving the symptoms of chronic allergic skin disorders in children. Loratadine was safe and well tolerated.",0
W2049963048,Progesterone-induced urticaria: response to buserelin,"We report a 41-year-old Caucasian woman with polycystic liver and kidney disease, and a 9-year history of severe cyclical urticaria related to her menses. The urticaria was not adequately controlled by antihistamines or Prempak-C (conjugated oestrogens and norgestrel). Intradermal testing with progesterone was strongly positive at 30 min and 18 h. Buserelin, administered intranasally at doses of up to 800 micrograms daily, controlled the urticaria within 4 weeks, and she was completely symptom-free thereafter. She had therapy-induced amenorrhoea and occasional hot flushes. Unfortunately, her liver cysts progressively enlarged, and a right hepatectomy was performed in June 1992, but she died after complications 3 weeks later. Prior to this she had been free of urticaria for 6 months after starting buserelin. Buserelin, a gonadotrophin-releasing hormone analogue, may be useful in the management of progesterone-induced urticaria, in patients in whom conjugated oestrogens are contraindicated or unhelpful.",0
W2074957720,Quantifying systemic absorption of topical hydrocortisone in erythroderma,"The systemic absorption of topical hydrocortisone (HC) was quantified in seven patients with erythroderma, using the ratio of the areas under the curves for plasma concentration vs. time, following topical and intravenous administration. Over a period of 24 h, 19-93 mg of HC was absorbed systemically, corresponding to 4-19% of the total topical dose of 500 mg. Thus, topical HC therapy of erythroderma is accompanied by a pharmacologically significant systemic dose.",0
W2412975728,[Comparative assessment of astemizole-pseudoephedrine and loratadine-pseudoephedrine in children with allergic rhinitis].,"The purpose of the study was to evaluate the effectiveness and safety of astemizole-pseudoephedrine solution compared to loratadine-pseudoephedrine syrup in the treatment of allergic rhinitis. Fifty children (34 boys and 16 girls) ages between 2 and 7 years were enrolled and randomly assigned to each group. Patients were evaluated before treatment and on the third and seventh days of therapy. Children treated with astemizole-pseudoephedrine had better results with an average effectiveness of 84% compared to 64% for children treated with loratadine-pseudoephedrine. Differences were significant for eye symptoms by medical evaluation and for blocked nose, sneezing and itchy nose according to the patients diary. Both treatment groups started action within 30 minutes after drug intake. 4 hours later, 38% of the patients in the astemizole-pseudoephedrine group and 16% in the loratadine-pseudoephedrine groups had experienced improvement. One patient in the former and three in the latter showed adverse effects.",0
W2044364569,Evaluation of a composite scoring system in conjunctival challenge with allergen: reproducibility and evolution during loratadine treatment,"The reproducibility of any challenge and its sensitivity to change during therapeutic interventions should always be examined before any drug trial is conducted. Conjunctival challenge has been widely used to assess objectively the efficacy of antiallergic treatments. A double-blind, placebo-controlled, crossover study was carried out in 26 patients allergic to grass pollen to test the reproducibility of a composite symptom score during placebo and control days, and to check the ability of loratadine to increase the provocative dose inducing a positive challenge. Conjunctival challenge was carried out with increasing concentrations of a standardized orchard grass pollen extract until a composite symptom score of 5 was reached. The provocative dose inducing a positive challenge was similar for the baseline (6.94 +/- 8.7 index of reactivity (IR)) and placebo days (20.0 +/- 32.5 IR) and was significantly increased (P < 0.01 and P < 0.001) when patients received loratadine (117.3 +/- 136.8 IR). This study shows that the composite score used was reproducible and sensitive to change, making it possible to use in drug trials.",0
W1981085836,Effects of Loratadine and Terfenadine on the Induced Nasal Allergic Reaction,"OBJECTIVE: To evaluate the effect of terfenadine and loratadine on the early nasal allergic response to challenge and the subsequent cellular influx and hyperresponsiveness. DESIGN: Double-blind, placebo-controlled, triple-crossover study. SUBJECTS: Fourteen, asymptomatic, allergic volunteers. INTERVENTIONS: After an initial challenge with methacholine chloride, subjects received treatment with placebo, loratadine (10 mg by mouth daily), or terfenadine (60 mg by mouth twice daily) for 1 week, followed by a nasal allergen challenge with lavages; 24 hours later, while the subjects were still receiving medication, the quantity of cells in the nasal lavage was determined, and another challenge with methacholine was done. Mediator levels were quantified in the nasal lavages after the allergen c hallenge, and the weight of the methacholine-induced nasal secretions was measured. RESULTS: Both loratadine and terfenadine treatment resulted in significant reductions in allergen-induced sneezing and the levels of histamine, kinins, albumin, and N-alpha-tosyl-L-arginine methyl ester-esterase activity in recovered nasal lavages compared with the reductions that resulted from placebo treatment, with no significant difference among the treatments. Treatment had no effect on the levels of tryptase, prostaglandin D2 or leukotriene C4. A significant eosinophil influx into nasal secretions 24 hours after the allergen challenge in patients who were receiving placebo (P=.006) was not affected by loratidine or terfenadine treatment. Comparing methacholine-induced secretions between screening challenges and challenges with the patients who were being treated with either loratadine or terfenadine, there was a significant decrease in secretions after the use of these antihistamines (P<.05). CONCLUSION: Both loratadine and terfenadine partially inhibit the early nasal response to allergen challenge and the subsequent reactivity to a challenge with methacholine without affecting the influx of eosinophils into nasal secretions.",0
W2017584657,Levocabastine,,0
W2416177088,The activity of recent anti-allergic drugs in the treatment of seasonal allergic rhinitis.,"Two experiments were performed during the pollen season to study the activity of different antiallergic drugs in the treatment of seasonal allergic rhinitis. Nasal allergen challenge (NAC) was performed to mimic an acute attack of allergic rhinitis and to objectively evaluate the effect of the drugs on the early-phase reaction during the season. The first study assessed the effect of H1 (Cetirizine 10 mg a day) and of a combination of H1 (Cetirizine 10 mg) plus H2 (Cimetidine 800 mg a day) antagonists on nasal symptoms, mediator release and eosinophil count in a group of 16 patients with seasonal allergic rhinitis. During the same season a second study compared in a randomized way (2 parallel groups) the effect of Budesonide (Rhinocort Aqua) and Azelastine (Allergodil nasal spray) in a group of 14 patients. Results showed that both antihistamines, applied topically of dosed orally, reduced sneezing even when significant increases of histamine concentration in nasal secretions were evidenced immediately after NAC. When a combination of Cetirizine and Cimetidine was administered, a significant (p < 0.01) reduction of nasal airway resistance and increase of nasal airflow after NAC were demonstrated as well. In addition, topical application of Budesonide showed a strong (p < 0.01) effect on the infiltration and activation of eosinophils during the season, and on tryptase release after NAC. These effects lasted at least for one week after therapy.",0
W2226743529,"Comparative wheal and flare study of mizolastine vs terfenadine, cetirizine, loratadine and placebo in healthy volunteers.","1. Mizolastine, a new benzimidazole derivative with potent selective, non-sedative H1-histamine antagonist activity was compared with terfenadine, cetirizine and loratadine using the histamine-induced wheal and flare model in healthy volunteers. 2. Study design was a five way double-blind crossover design using a single dose of mizolastine 10 mg, terfenadine 120 mg, cetirizine 10 mg, loratadine 10 mg and placebo. 3. Histamine tests were performed on 10 occasions up to +24 h after dosing using an intradermal injection of histamine 2 micrograms with concommittant contralateral injection of a saline control. 4. Mizolastine, terfenadine, cetirizine and loratadine significantly (P < 0.001 vs placebo) inhibited the wheal and flare formation starting 1 to 2 h after dosing up to 24 h after dosing. 5. Mizolastine was significantly more active than loratadine on the wheal (P < 0.01) and flare (P < 0.05) inhibition from 3 up to 6 and 8 h respectively, as active as terfenadine on both parameters and as active as cetirizine on wheal inhibition while less active (P < 0.01) than cetirizine on flare inhibition at 2 and 12 h post-dosing.",0
W1996276635,A multicenter clinical study of the efficacy and tolerability of azelastine nasal spray in the treatment of seasonal allergic rhinitis: a comparison with oral cetirizine,,0
W2007381685,Pachydermatous eosinophilic dermatitis,"We report three South African black teenage girls with extensive pruritic papular lesions arising on a pachydermatous base, resembling severe atopic dermatitis or onchodermatitis. All three had peculiar hypertrophic genital lesions and peripheral blood eosinophilia. Histological studies showed an eosinophil-rich lymphohistiocytic infiltrate and variable fibrosis. Extensive fibrillar extracellular deposition of eosinophil granule major basic protein was demonstrated by an indirect immunofluorescence technique. A beneficial therapeutic effect was obtained using dapsone, prednisolone and cetirizine. The term pachydermatous eosinophilic dermatitis is proposed and its position among other conditions characterized by peripheral blood and skin tissue eosinophilia, is discussed.",0
W2043348199,Cutaneous antihistaminic action of cetirizine and dose-related EEG concomitants of sedation in man,,0
W2416090915,[Bronchial hyperresponsiveness in patients with seasonal allergic rhinitis and the influence of loratadine and beclomethasone on this hyperresponsiveness].,"60 patients aged 16 to 46 years with seasonal allergic rhinitis were selected for study. Daily symptom scores of seasonal allergic rhinitis and nonspecific bronchial hyperresponsiveness to histamine (PC20H in mg/ml) before, during the pollen season and after 3 weeks of treatment with loratadine, beclomethasone dipropionate were evaluated. The control group received oxymetazoline. Nonspecific bronchial hyperresponsiveness for 11 patients (18.3%) before the seasons was observed. At the beginning of the season frequency of nonspecific bronchial hyperresponsiveness increased to 26.3% and to 36.8% after 3-week treatment course. Bronchial hyperresponsiveness was not related to any of the way of treatment. The patients treated with beclomethasone dipropionate and oxymetazoline showed significant relief of nasal symptoms. The patients without bronchial hyperresponsiveness showed lower value of symptom scores.",0
W2116211255,Total skin examination during screening for malignant melanoma does not increase the detection rate,"Total skin examination during public screening for malignant melanoma is often advocated, but the benefit of this approach has not been established properly. We assessed the yield of examination of the entire skin, in addition to examination of intentionally shown skin lesions, in people attending melanoma screening clinics in southern Limburg, the Netherlands, in 1993. Of the 4146 attenders, 2910 (70%) showed a specific skin spot. Additional examination of the entire skin was offered to 1385 people. There were 1221 evaluable cases. Fourteen presumptive diagnoses of malignancies were encountered: seven malignant melanomas, all with low clinical suspicion, and seven basal cell carcinomas. Histology revealed three basal cell carcinomas. No malignant melanomas were confirmed by histology. It is concluded that additional total skin examination during screening for malignant melanoma is not worthwhile, except perhaps for persons presenting lesions that are suspicious of melanoma or dysplastic naevi.",0
W2101836691,"Effect of loratadine, an H1 antihistamine, on induced cough in non-asthmatic patients with chronic cough.","BACKGROUND: H1 antihistamines have been shown to have an antitussive effect in patients with asthma, postnasal drip, and allergic rhinitis. No study has been performed to determine whether orally administered H1 antihistamines can reduce the number of coughs induced by stimulation of cough receptors in non-asthmatic patients with chronic dry cough. METHODS: The effect of loratadine (10 mg) on the number of coughs induced by ultrasonically nebulised distilled water (UNDW) was examined in 10 patients with nasal disease and in seven patients with unexplained chronic cough using a randomised, double blind crossover method. Eleven normal volunteers were also studied. Each subject inhaled UNDW for one minute, and the numbers of coughs during the one minute inhalation and the 30 seconds following it were counted. RESULTS: There was no difference in the results of pulmonary function tests performed before and one minute after UNDW inhalation for either patients or normal subjects. There was also no significant difference between the results of pulmonary function tests before or after oral administration of loratadine. Loratadine significantly reduced the number of coughs in patients with nasal disease and in those with unexplained chronic cough, but not in normal subjects. CONCLUSIONS: The H1 antihistamine loratadine reduces cough induced by UNDW. The release of histamine may contribute to the chronic cough in patients with unexplained chronic cough or nasal disease.",0
W2059078411,Safety of antihistamines in the treatment of allergic rhinitis in elderly patients,"Elderly patients may be more susceptible than younger persons to the sedating and anticholinergic effects of first-generation antihistamines. Second-generation antihistamines, such as loratadine, astemizole, and terfenadine, cause minimal sedation and little if any impairment in cognitive and psychomotor activity in healthy nonelderly patients. Although less extensively studied in elderly patients, it is probable that second-generation antihistamines are also less likely to induce the adverse central nervous system effects in older patients that are characteristic of the first-generation antihistamines. Toxic effects to the cardiovascular system, an issue of greater concern among elderly patients who may have subclinical heart disease, has not been observed with first-generation antihistamines. Among the second-generation antihistamines, however, astemizole and terfenadine, but not loratadine, can cause serious cardiovascular adverse effects, including death, when taken in high doses or coadministered with ketoconazole, itraconazole, or macrolide antibiotics.",0
W2018027481,Comparison of the Efficacy of Ebastine 10mg and 20mg Once Daily with that of Cetirizine 10mg Once Daily in Adults with Seasonal Allergic Rhinitis,,0
W2064277172,The effect of cetirizine on sulfidoleukotriene production by blood leukocytes in children with allergic rhinitis,"Twelve children with allergic rhinitis due to monosensitivity to Dermatophagoides pteronyssinus (Dp) took part in a placebo-controlled, double-blind, crossover study to evaluate the effect of cetirizine, a second-generation, nonsedating H1-blocker-type antihistamine, on sulfidoleukotriene releasability by blood leukocytes and to determine its correlation with clinical findings and nasal challenge scores. Sulfidoleukotriene release by blood leukocytes was determined by the cellular allergen stimulation test (CAST), which measures leukotriene (LT)C4, LTD4, and LTE4, all in one assay. Compared to placebo, cetirizine significantly (P < 0.05) decreased daily symptom scores of nasal discharge, nasal itching, and sneezing, as well as the number of sneezings after nasal challenge with the antigen, without alleviating nasal obstruction (P > 0.05). It also suppressed both early (P < 0.05) and late skin reactions to intradermal tests. Although cetirizine did not influence in vitro sulfidoleukotriene production by blood leukocytes with buffer or anti-IgE (P > 0.05), it substantially reduced the release of these mediators upon challenge with Dp antigen. Furthermore, there was a high correlation between the number of sneezes after challenge and the amount of sulfidoleukotriene released in nine patients (r = 0.78; P < 0.01). It is concluded that the amount of sulfidoleukotrienes produced by blood leukocytes in vitro may reflect the nasal hyperreactivity of the patient, and that cetirizine, which is highly effective in the treatment of allergic rhinitis, owes part of its effect to inhibition of sulfidoleukotriene releasability by blood leukocytes in children.",0
W2048440003,Microinjection technique for pharmacological evaluation of microvascular permeability in human skin,,0
W47909804,Acute urticaria: clinical aspects and therapeutic responsiveness.,"Although acute urticaria is common, its eliciting factors, clinical course and therapeutic responsiveness have not been intensively investigated. We have therefore prospectively studied all patients with acute urticaria attending the department of dermatology (n = 72) and a rural dermatology office (n = 37) during the course of 1 year. After a standardized history and physical examination, patients were randomized into treatment with either loratadine (10 mg/day for 3 days) or prednisolene (50 mg/day for 3 days). All patients were followed up until complete remission. Most patients suffered from moderate (42%) to severe (40%) disease. Possible eliciting factors were identified in less than 50% of the cases. Associated upper respiratory tract infections were found most commonly (39.5%), followed by possibly eliciting drugs, mostly analgesics (9.2%) and suspected food intolerance (0.9%). The course of the disease was self-limited in all cases, the longest episode lasting for 3 weeks. Both treatment regimens were effective in controlling whealing, but in corticosteroid-treated patients, symptoms ceased earlier, with complete remission occurring within 3 days of treatment in 93.8%, compared to 65.9% of patients treated with loratadine (p < 0.001). Acute urticaria is thus frequently idiopathic and only rarely associated with IgE-mediated events. It is, however, largely self-limited, with prompt response to symptomatic treatment.",0
W2149003238,Once‐daily mometasone furoate aqueous nasal spray (Nasonex®) in seasonal allergic rhinitis: an active‐ and placebo‐controlled study,"Mometasone furoate aqueous nasal spray (Nasonex) was compared with beclomethasone dipropionate (BDP) aqueous nasal spray in a double-blind, randomized, placebo-controlled, double-dummy, parallel-group study of adults with moderate to severe seasonal allergic rhinitis. Patients allergic to at least one tree and/or grass aeroallergen received one of the following regimens for up to 4 weeks; mometasone furoate 100 micrograms once daily [OD] (n = 126) or 200 micrograms OD (n = 126), BDP 200 micrograms twice daily (n = 126), or only placebo spray (n = 123). Physician-rated nasal and total symptom scores, and global evaluation of overall condition and therapeutic response by physicians and patients, showed that the three active treatments were equally effective, and all three were significantly superior to placebo at most time points. Overall, mometasone furoate 200 micrograms OD demonstrated somewhat greater numerical, but not statistical, superiority to mometasone furoate 100 micrograms OD at the earliest evaluation time point. At the end of treatment, complete or marked relief was obtained in 77% of patients with mometasone furoate 100 micrograms/day, 79% with mometasone furoate 200 micrograms/day, and 74% with BDP, compared with 54% of placebo vehicle control patients. Mometasone furoate and BDP were equally well tolerated. It was concluded that mometasone furoate adequately controls symptoms of moderate to severe seasonal allergic rhinitis, offers the advantage of OD treatment, and is well tolerated.",0
W1761841685,Cetirizine and pseudoephedrine retard alone and in combination in the treatment of perennial allergic rhinitis: a double-blind multicentre study.,"We compared the efficacy and safety of 5 mg cetirizine (CTZ), 120 mg pseudoephedrine retard (PER) and their combination (COM), given twice daily for three weeks, for the treatment of perennial allergic rhinitis. Two hundred and ten evaluable patients (97 males and 113 females) were included in the study and randomly allocated to one of three treatment groups, each of 70 patients. Nasal obstruction, sneezing, rhinorrhoea, nasal and ocular pruritus were scored each day throughout the study by patients using a symptom scale ranging from 0 (no symptom) to 3 (severe). The mean proportion of days without symptoms was higher in the COM group (11.8%) than in the CTZ (6.8%) and PER (5.1%) groups, but the differences were not statistically significant. The mean percentage of days when symptoms were absent or at most mild was significantly higher in the COM group (64.8%) than in either CTZ (45.5%; p = 0.003) or PER groups (40.6%; p = 0.0001). In addition, evaluation of symptoms by investigators and their global evaluation at the end of treatment showed statistically significant differences in favour of COM compared, to both CTZ and PER. The most frequent adverse events were somnolence in the CTZ and COM groups (8.6% and 12.9%, respectively) while insomnia was most frequent in the PER group. No clinically significant abnormalities were found in haematological or biochemical tests. These results indicate that the combined treatment was more effective than and as well tolerated as treatment with each individual agent.",0
W2442757499,Comparison of mizolastine with loratadine in the treatment of perennial allergic rhinitis.,"Mizolastine is a new, non-sedating antihistamine providing satisfactory symptomatic relief in seasonal allergic rhinitis. The purpose of this study has been to compare mizolastine to loratadine in perennial allergic rhinitis. This multicentre, double-blind study has involved 68 patients, randomly allocated, after a one-week placebo run-in, to 10 mg mizolastine or 10 mg loratadine, both given on a once-daily basis, for four weeks. Comparable symptom relief occurs in both groups resulting, respectively for mizolastine and loratadine, in a 66.6% and a 61.3% decrease in total nasal score, to a 74.8% and a 76.4% decrease in total ocular score, and to a 69.0% and a 64.8% decrease in global total score. Safety is satisfactory in both groups. Mizolastine is at least as effective as loratadine in relieving perennial allergic rhinitis symptoms and its safety profile allows its use in the treatment of this disease.",0
W2405782821,Effects of dimethindene maleate on psychomotor performance in the oculodynamic test compared with placebo and loratadine.,"The effects of dimethindene maleate (CAS 3614-69-5) on the central nervous system-as sustained release pellets (Fenistil OAD; OAD = once a day) and sustained release tablets (Fenistil retard) with an immediate release fraction-were investigated by means of the oculodynamic test (ODT) and visual analogue scales and compared to loratadine (CAS 79794-75-5) and placebo. In the confirmatory part of the study 18 healthy volunteers were included in a single-blind, randomised, 3-way change-over design with Fenistil OAD, loratadine, and placebo. An additional, fourth exploratory arm with Fenistil retard was run in 6 (out of the 18) subjects after completing the main part of the study. The ODT includes electro-oculography, choice reaction task, and cardiologic parameters under workload. Visual analogue scales were used for subjective ratings on well-being and drug effects concerning wakefulness (sedation), excitation, dizziness, performance, effort, and dry mouth. The results show no relevant differences between either of the active drugs and placebo. Therefore it can be stated that after a single dose there is no sedating effect of dimethindene maleate compared to loratadine or placebo.",0
W1972647098,"Sodium Cromoglycate and Nedocromil Sodium in the Therapy of Asthma, a Critical Comparison",,0
W2516576314,[Multicenter study on the efficacy of Zyrtec (Cetirizine) in the treatment of perennial allergic rhinitis in 875 adolescents].,"875 adolescents of both sexes, aged between 12 and 15 years, who had presented with a perennial allergic rhinitis, were included in an open study that was conducted by pediatricians and allergologists on the efficacy of ZYRTEC (CETIRIZINE). There were four evaluations in the study, at Day-10, D 0, D15 and D30 and it was conducted according to the following plan: A first period (D-10 to D 0) to establish the eligibility of the subjects to be tested, and to establish the clinical allergic history, before definitive inclusion at D 0. A second period, of therapy, of 30 days, during which the subjects took a 10 mg tablet of ZYRTEC as a daily dose. Efficacy was evaluated at each visit by scores of intensity of major symptoms (sneezing, nasal discharge, nasal obstruction, nasal pruritus) and secondary symptoms (ocular score ... ) of rhinitis, as well as anterior rhinoscopy. The patients made an auto-evaluation of symptoms at different times. Analysis of the different parameters showed a real efficacy of ZYRTEC, for 30 days of treatment, in young patients. Furthermore, the tolerance of the product is excellent. This study has shown an overall improvement in the symptoms of perennial allergic rhinitis in patients who were treated with ZYRTEC in conditions similar to those of usual medical practice by pediatricians and allergologists.",0
W2085208776,The contribution of histamine to the action of bradykinin in the human nasal airway,,0
W2097050108,Treating Allergic Rhinitis with Second‐Generation Antihistamines,"Allergic rhinitis afflicts close to 40% of the nation's population and costs more than $1.8 billion a year. The toll exacted by this disorder has been greatly alleviated by nonsedating second-generation antihistamines loratadine, terfenadine, and astemizole. The three agents effectively reduce symptoms without the sometimes intolerable adverse effects of older drugs, but they are not completely equivalent. For example, terfenadine requires twice/day dosing, whereas the others can be given once/day. Astemizole has a slow onset and extremely prolonged duration of action. Both terfenadine and astemizole may have cardiotoxic effects (e.g., torsades de pointes) when serum concentrations rise due to overdosing or drug interactions. Cetirizine, a recently approved second-generation antihistamine, has sedative and anticholinergic effects, although to a lesser degree than the first-generation antihistamines.",0
W2148502135,SINUSITIS IN CHILDREN AND ADOLESCENTS,,0
W1995908171,The effect of cetirizine and loratadine on codeine-induced histamine release in human skin in vivo assessed by cutaneous microdialysis,,0
W2129862555,Cetirizine versus Hydroxyzine and Placebo in Chronic Idiopathic Urticaria,"OBJECTIVE: To compare the safety and efficacy of cetirizine with that of hydroxyzine and placebo in the treatment of chronic idiopathic urticaria. DESIGN: A 4-week multicenter, randomized, double-blind, double-dummy, placebo-controlled safety and efficacy study. SETTING: Patients were treated in a variety of allergy practice settings. PATIENTS: The study population consisted of 188 patients who were at least 12 years of age, with symptomatic chronic idiopathic urticaria that had occurred episodically for at least 6 weeks. INTERVENTIONS: Patients were given either cetirizine 10 mg once daily, hydroxyzine 25 mg tid, or placebo for 4 weeks. MAIN OUTCOME MEASURES: Patients and investigators used a 4-point scale to evaluate symptoms of urticaria and adverse effects of treatment. Ratings were compared among those taking cetirizine, hydroxyzine, or placebo. RESULTS: After 1 day of treatment, patients randomized to receive cetirizine 10 mg/d exhibited a reduction in the number of episodes of urticaria (and a reduction in pruritus) compared with patients who received hydroxyzine 25 mg tid and patients who received placebo (p = 0.002). The number of urticarial episodes in patients treated with hydroxyzine did not reach significance until day 2 (p = 0.001). Compared with patients who received placebo, patients who received cetirizine and those who received hydroxyzine showed reductions during weeks 1, 2, and 3 and at end-point analysis in the number and size of lesions and in the severity of pruritus (p < 0.04). Patient and physician evaluations at the end of week 4 revealed an improvement in urticarial symptoms for the hydroxyzine and cetirizine groups compared with the placebo group (p < 0.001). Four patients in the hydroxyzine group, 1 patient in the cetirizine group, and 1 patient in the placebo group discontinued the study because of sedation. No patient withdrew because of lack of efficacy. CONCLUSIONS: Cetirizine 10 mg once daily was equivalent to hydroxyzine 25 mg tid in controlling the symptoms of patients with chronic urticaria, as assessed by patient and investigator evaluations.",1
W1999850578,Influence of Food on the Oral Bioavailability of Loratadine and Pseudoephedrine from Extended‐Release Tablets in Healthy Volunteers,"The effect of a high-fat breakfast on the bioavailability of the components of an extended-release tablet containing 10 mg loratadine in the immediate-release coating and 240 mg pseudoephedrine sulfate in the extended-release core was studied in 24 healthy male volunteers in a single-dose, two-way crossover study. The drug was administered after a 10-hour overnight fast or within 5 minutes of consuming a standardized high-fat breakfast. Serial blood samples were collected over a 48-hour period, and plasma was analyzed for loratadine and its active metabolite descarboethoxyloratadine (DCL), and pseudoephedrine. For pseudoephedrine, maximum concentration (Cmax) and area under the concentration-time curve extrapolated to infinity (AUCzero-infinity) were similar after both treatments, indicating no relevant food effect on the bioavailability of pseudoephedrine. Also, the absorption profiles of pseudoephedrine (from Wagner-Nelson analysis) were similar for the fed and fasted treatments, indicating no apparent differences in absorption. Plasma concentration-time profiles and values for Cmax and AUCzero-infinity of DCL were similar for the two treatments, indicating no relevant food effect on the pharmacokinetics of DCL. In contrast, for loratadine, administration with food resulted in a significantly increased mean Cmax (53%) and AUC from time zero to the final quantifiable sample (AUCif) (76%). However, the resultant Cmax and AUC of loratadine under fed conditions were well below those previously obtained at steady-state after multiple-dose administration of loratadine (40 mg/day) that were shown to be safe and well-tolerated in several clinical studies. The effect of food on the bioavailability and pharmacokinetic profiles of the components of a combination loratadine/pseudoephedrine extended-release tablet is not likely to be clinically significant.",0
W1972611570,Inhibition of Histamine‐Induced Skin Wheal and Flare after 5 days of Mizolastine,"Mizolastine is a new, nonsedating antihistamine providing satisfactory symptomatic relief in allergic rhinitis and urticaria. The purpose of this study was to use inhibition of wheal and flare formation after 2-mu g intradermal histamine injections as a measure of the antihistamine effect of repeated doses of mizolastine. Eight volunteers were enrolled in this four-arm, double-blind, cross-over, randomized study. Three dose levels of once-daily mizolastine (5 mg, 10 mg, and 15 mg) were compared with placebo during 5-day dose periods. Histamine tests were performed before drug intake on days 1 and 5, and then 2, 3, 4, 6, 8, 10, 12, 14, and 24 hours after drug intake on day 5. All 3 doses of mizolastine were more effective than placebo in suppressing wheal and flare reactions, and the antihistamine activity was highest at both the 10- and 15-mg dose levels. The effect on the flare reaction appeared within 1 hour, reached a maximum effect 4 hours after administration, and persisted for as long as 24 hours. The relative changes in wheal and flare areas were correlated with mizolastine trough plasma levels on day 5. Safety was satisfactory in all groups. This study confirms that mizolastine is a rapid and potent antihistamine; and its long-lasting effectiveness indicates that a once-daily regimen is acceptable for clinical use.",0
W2418578073,"Efficacy and tolerability of astemizole-D and Loratadine-D during prolonged, controlled allergen challenge in the Vienna Challenge Chamber.","This randomized, double-blind, single-dummy, cross-over trial was initiated to compare the efficacy and tolerability of once-daily astemizole-D (CAS 141623-30-5; 10 mg astemizole/240 mg pseudoephedrine) with twice-daily loratadine D (CAS 132316-36-0; 5 mg loratadine/120 mg pseudoephedrine) during prolonged, controlled allergen challenge in the Vienna Challenge Chamber. Twelve atopic patients participated in this study with a treatment duration of 3 days. Pollen challenges were made on days 1 and 3: the first to assess onset of drug action; the second to determine duration of drug effect. Drug efficacy was assessed using a number of standard objective and subjective measures. Onset of action was found to be generally comparable in both treatment groups for all parameters tested with a mean overall onset of action of 65 min during treatment with astemizole-D compared with 70 min on loratadine-D. As expected, astemizole-D tended to have a longer duration of action, with symptom severity lower with this agent than with loratadine-D during the second challenge session despite the differences in dosing schedule. However, inter-group differences did not attain statistical significance. Patient evaluations of therapeutic efficacy confirm these findings. Both drugs were well-tolerated, although a non-significant trend towards greater sleep impairment was seen during treatment with loratadine-D. In conclusion, astemizole-D was shown to be at least as effective and well tolerated as loratadine-D for the treatment of allergen-induced rhinoconjunctivitis during prolonged, controlled allergen challenge.",0
W2023246062,Double-Blind Crossover Study of High-Dose Cetirizine in Cholinergic Urticaria,"BACKGROUND: Cholinergic urticaria does not respond well to treatment with conventional antihistamines and is difficult to study because of its highly variable clinical expression which depends on the presence of eliciting factors. OBJECTIVE: We have therefore designed a double-blind, crossover, placebo-controlled trial, with a 3-week treatment period using either 20 mg/day of cetirizine or placebo. METHODS AND RESULTS: Presence of eliciting factors and symptoms were scored daily on a diary card by the patient, with a scale from 0 to 3 for erythema, wheals and pruritus. Statistical analysis was done on 11 evaluable patients during the last 2 weeks of each treatment period (to allow for 1 week of washout) and only for days when eliciting factors were present. Compared to placebo, cetirizine caused a statistically significant reduction of wheals (p = 0.015), erythema (p = 0.033), pruritus (p = 0.006) and all symptoms (p = 0.013). No adverse events were observed. CONCLUSION: These data show a high efficacy of cetirizine at twice its normally recommended dose which may be related to the specific antiallergic effects of this newer-generation antihistamine.",0
W2105243276,Sedation in allergic rhinitis is caused by the condition and not by antihistamine treatment,"Sedation is regarded as a common side-effect of most H1-antihistamines. This view must be accepted, yet can hardly be assessed under treatment of allergic disorders. Since central sedative potency is hard to evaluate, different methods of measurement have been introduced in the four phases of clinical investigation. While tests of high complexity in early trials can detect true central effects, they seem to have the disadvantage of not taking into consideration the important interactions of drugs with the disorder. Therefore, we used a visual analog scale (VAS) as an instrument to demonstrate sedative effects in five clinical studies carried out between 1989 and 1994 with a total number of 1070 patients. Thereby, we could assess the result of the different components of the central interaction. In 1989, in a double-blind, placebo-controlled trial, we could show that the vigilance of patients suffering from seasonal allergic rhinitis increased significantly more under treatment with an antihistamine (mizolastine) than under placebo. From 1992 until 1994, we compared azelastine nasal spray either by the double-dummy technique with oral antihistamines (cetirizine, loratadine, and astemizole) or by the double-dummy or placebo-controlled design with monotherapy or combined therapy with azelastine tablets. A marked or statistically significant improvement of vigilance was found for all compounds (loratadine: P < 0.0001; cetirizine: P < 0.0254; and azelastine nasal spray: P < 0.1409 to P < 0.0001). Even when taking azelastine as oral application, patients, in spite of the warning, reported a similar increase in vigilance (P < 0.2628 to P < 0.0001). Finally, we assessed the range of physiologic vigilance using the same VAS in healthy volunteers. In conclusion, we could prove that in all trials the baseline values of vigilance of untreated symptomatic patients were far below physiologic condition and improved under treatment to the upper range of healthy persons. Therefore, any sedative properties of modern H1-antihistamines should not limit their therapeutic use, since the truly threatening sedation results from the disorder itself.",0
W2106373634,Effects of a Single Dose of Loratadine on Flying Ability under Conditions of Simulated Cabin Pressure,"Pilots with allergic diseases, who need antihistaminic drug therapy, have to be grounded temporarily because this therapy is considered to interfere with flight safety due to its sedative effects. There is evidence that loratadine is practically void of these sedative effects, and therefore might be prescribed to pilots. A study was conducted to determine the effects of loratadine on performance and alertness. In a randomized, double-blind, within subjects design, 18 male subjects were studied, employing loratadine 10 mg, triprolidine hydrochloride 5 mg, and placebo. Objective (vigilance, complex tasks) and subjective tests, tailored to the specific tasks of aircrew, were applied under hypobaric conditions that prevail in an intact cockpit. With respect to alertness and performance, the results of this study showed no significant differences between loratadine and placebo during a period of 1 to 6 hours after drug ingestion. Triprolidine, used as a positive control, showed significant detrimental effects on both subjective and objective measures. It is anticipated that a single dose of loratadine 10 mg will not affect flying performance. This finding might also have implications for the treatment of allergic disorders of personnel involved in other highly skilled jobs.",0
W2400085342,[Can one adjust the distribution of a drug in an organism to its target sites? The example of antihistaminics (anti-H1) and cetirizine].,"When comparing the fate of a drug in the body with the location of its receptors, it appears that a large amount of the administered dosage will never reach these receptors. Thus this large amount is useless in terms of drug efficacy whereas it may generate side of toxic effects in other tissues. An attempt to optimize drug distribution is to limit or even to suppress its useless localisations. This is possible with H1 antagonists as these drugs develop benefic effects in organs which are distinct from those where toxic effects may occur. Cetirizine is an example of choice of this strategy. It is poorly distributed into tissues, especially in heart and liver which favors preferential binding at its target H1 selected receptors.",0
W2075007635,Onset of action in the nasal antihistaminic effect of cetirizine and loratadine in patients with allergic rhinitis,"Several studies have compared the cutaneous efficacy of cetirizine and loratadine and their onset of action. We assessed the nasal effect of these two antihistamines in a randomized, double-blind, crossover, placebo-controlled trial in order to compare objectively their efficacy and onset of action in the noses of patients with allergic rhinitis. Nasal challenge was performed by nebulization of increasing doubling doses of histamine (0, 0.04-1.28 mg/nostril) in 12 patients (eight men, four women, aged 22-39 years). Nasal airway resistance (NAR) was measured by posterior rhinomanometry either 1.5 h or 4 h after intake of cetirizine (10 mg), loratadine (10 mg), or placebo. Baseline NAR was identical between all study days (2.60-2.88 cmH2O.l-1.s). One and a half hours after intake, the increase in NAR induced by histamine was significantly reduced by both cetirizine and loratadine in contrast to placebo. However, with cetirizine the nasal obstruction was significantly lower than with loratadine (P < 0.05). Four hours after intake, a similar inhibition of the nasal obstruction caused by histamine was observed with both cetirizine and loratadine (P < 0.05). In conclusion, this study found cetirizine and loratadine to have similar nasal efficacy at therapeutic dosage 4 h after intake, whereas cetirizine was more effective than loratadine 1.5 h after intake. In agreement with the results observed in the skin, our study suggests a more rapid onset of action of cetirizine in the nose in allergic rhinitis.",0
W2111322036,"Once-Daily Cetirizine Effective in the Treatment of Seasonal Allergic Rhinitis in Children Aged 6 to 1 Years: A Randomized, Double-Blind, Placebo-Controlled Study","Cetirizine (once daily), a highly selective H1-antagonist, is efficacious for treating seasonal allergic rhinitis (SAR), perennial allergic rhinitis, and chronic idiopathic urticaria. A 4-week, randomized, double-blind, placebo-controlled trial investigated the safety and efficacy of cetirizine syrup (5 or 10 mg daily) in 209 children ages 6 to 11 years with SAR. Parents assisted patients in recording symptom severity (sneezing, nasal discharge, itchy eyes, itchy nose or mouth, conjunctivitis, nasal congestion) daily. A total symptom severity (TSS) score was derived from all symptoms, excluding nasal congestion. At baseline, TSS was comparable for all groups (range 6.8-7.0). Cetirizine 10 mg produced a significantly greater mean TSS reduction (3.2) than placebo (P < 0.05) over the treatment period. Cetirizine 5 mg once daily produced mean reductions in weekly symptom scores of 2.4; this did not differ statistically from placebo. Furthermore, cetirizine 10 mg significantly improved symptoms of itchy eyes, nose, or mouth. The most commonly reported adverse reactions to both cetirizine and placebo were headache, pharyngitis, and abdominal pain, which did not occur with an incidence statistically different from that of placebo. Once-daily cetirizine is safe for treating SAR in children ages 6-11 years. Once-daily cetirizine 10 mg provides effective improvement in symptoms and is well tolerated.",0
W2008408264,Clarithromycin,,0
W2033723182,Can an antihistamine delay appearance of hay fever symptoms when given prior to pollen season?,"Mizolastine is a new, nonsedating antihistamine providing satisfactory symptom relief in allergic conditions. The purpose of this study was to determine whether the onset of hay fever symptoms could be delayed in patients known to suffer seasonal allergic rhinoconjunctivitis symptoms if mizolastine was given before the pollen season. This double-blind study involved 342 patients, randomly allocated to once-daily 10 mg mizolastine (n = 115), once-daily 120 mg terfenadine (n = 116), or placebo (n = 111) groups. All patients started treatment on 1 May, before the onset of the grass pollen season. The prophylactic effect of test drugs was assessed on their ability to delay the time to the first hay fever crisis of the season, which was defined by the occurrence of one of the following events: use of rescue medication, study withdrawal because of treatment failure, or total diary symptom score over 18. Active treatments prolonged the time to the first crisis by approximately 1 week (mizolastine 55 days, terfenadine 57 days) in comparison with placebo (50 days) (survival curve analysis: Logrank test, P = 0.01; Wilcoxon test, P = 0.03). Tolerability was satisfactory and comparable between groups. Thus, mizolastine can be safely used to delay and to treat symptoms of seasonal allergic rhinitis.",0
W2154797656,Fluticasone propionate aqueous nasal spray compared with oral loratadine in patients with seasonal allergic rhinitis*,"The effectiveness and safety of fluticasone propionate aqueous nasal spray (200 micrograms once daily for 4 weeks) were compared with those of loratadine (10 mg once daily for 4 weeks) in 114 adults and adolescents with seasonal allergic rhinitis in this multicenter, double-blind, double-dummy, randomized, parallel-group study. Patients recorded their nasal symptoms (nighttime and daytime obstruction, sneezing, itching, rhinorrhea, and overall discomfort) using a 4-point scale (0 = no symptoms, 3 = very frequent symptoms) in daily diaries. Clinicians assessed patients' nasal symptoms (nighttime and daytime obstruction, sneezing, itching, and rhinorrhea) using a 4-point scale at every scheduled visit. Clinicians and patients assessed the overall effectiveness of treatment at the end of the study. Fluticasone propionate improved clinician-rated total nasal symptom scores (defined as the sum of five nasal symptoms) more than loratadine at the 2-week and 4-week assessments (P < or = 0.008). Clinicians give fluticasone propionate better global ratings than loratadine (P = 0.04). After 4 weeks of treatment, between-group differences in clinician-rated individual nasal symptoms favored fluticasone propionate (P < 0.05), with the exception of nasal itching (P = 0.11). These findings were confirmed by between-group differences in the percentages of symptom-free days calculated from patient-recorded daily diary-card data. Both treatments were well tolerated. The incidence of adverse events between groups was similar. Fluticasone propionate aqueous nasal spray 200 micrograms administered once daily in the morning was more effective than loratadine 10 mg administered once daily for the treatment of seasonal allergic rhinitis.",0
W1991204401,Antihistamines in the treatment of asthma,"Antihistamines were investigated for use in asthma shortly after discovery over fifty years ago. Earlier compounds proved ineffective because of side effects: this class of drugs was not thought useful for asthma, and were actually considered contraindicated. More recent drugs have greater potency, fewer side-effects, and no evidence of adverse effects in asthma. There are some studies showing second generation antihistamines, especially cetirizine, improve certain parameters of asthma.",0
W150539101,Drug interactions with the nonsedating antihistamines.,"The nonsedating antihistamines are frequently prescribed agents. Well-documented drug-drug interactions with two of these agents, terfenadine and astemizole, may result in serious adverse effects, including death, when they are prescribed along with macrolide antibiotics and/or the antifungal agents itraconazole or ketoconazole. Fexofenadine and loratadine appear to be the least likely nonsedating antihistamines to interact with other medications and to result in a life-threatening interaction. This article reviews the known drug-drug interactions involving nonsedating antihistamines and provides a basis from which the clinician can predict potential interactions.",0
W2094562227,Adjunct effect of loratadine in the treatment of acute sinusitis in patients with allergic rhinitis,"H1-blockers are often added to the standard treatment of acute sinusitis, but this is not supported by a controlled study. A multicentric, randomized, double-blind, placebo-controlled, parallel-group study was done in 139 allergic patients (15-65 years) to assess the adjunct efficacy of loratadine in acute exacerbation of rhinosinusitis. Sinusitis was diagnosed by symptoms and confirmed by rhinoscopy and sinus radiograph. Allergy was characterized by skin tests, RAST, and history. Patients were treated with antibiotics (14 days), oral corticosteroids (10 days), and loratadine (10 mg OD) or placebo (28 days). Treatment efficacy was assessed over 28 days by symptom scores quoted daily by patients. Physicians also rated total symptom scores at entry and at day 28. At entry, both groups had similar symptoms. Placebo-treated patients improved significantly, but patients who received loratadine had a significantly greater improvement in sneezing (P = 0.003) after 14 days, and in nasal obstruction (P = 0.002) after 28 days. Physicians found that patients receiving loratadine were significantly improved compared to placebo patients (P = 0.0125). Loratadine in addition to standard therapy was found to improve the control of some symptoms of sinusitis.",0
W1954950316,Effect of ebastine on mosquito bites.,"Mosquito bites usually cause wealing and delayed bite papules. Cetirizine decreases wealing, bite papules and pruritus but the effect of other antihistamines on mosquito bites is unknown. We studied the effect of ebastine in 30 mosquito bite-sensitive adult subjects. Ebastine 10 mg or 20 mg and placebo were given for 4 days in a cross-over fashion. Aedes aegypti bites were given on forearms. The size of the bite lesions and pruritus (visual analogue score) were measured at 15 min, 2, 6, and 24 h after the bites. Twenty-five subjects were evaluable in the study. At 15 min ebastine decreased significantly the size of the bite lesion (p = 0.0017) and pruritus (p<0.0001). The effects of 10 mg and 20 mg of ebastine were similar. No significant effect was found at 2, 6 or 24 h, but when the measurements at all four time points were compiled the size of the bite lesion and pruritus score decreased significantly. Sedation occurred during ebastine treatment in 6 (21%) and during placebo treatment in 2 (7%) subjects. The present results show that prophylactically given ebastine is effective against immediate mosquito bite symptoms.",0
W2020271081,Pregnancy Outcome Following First Trimester Exposure to Antihistamines: Meta-Analysis,"To determine the relative risk for major malformations associated with antihistamine (H1 blockers) exposure in the first trimester of pregnancy, a literature search of all studies examining the association between antihistamines and major malformations for the period 1960 to 1991 was conducted, followed by meta-analysis. Odds ratio was calculated using the Mantel-Haenszel method. Twenty-four controlled studies met the inclusion criteria with more than 200,000 participating women. The summary odds ratio of major malformations associated with antihistamines taken during the first trimester was 0.76 (95% CI: 0.60-0.94). This analysis indicates that H1 blockers used mainly for morning sickness during the first trimester do not increase the teratogenic risk in humans and may, in fact, be associated with a protective effect. More study is needed to verify the possibility that by preventing vomiting, antihistamines may ensure better metabolic conditions to the fetus and thus may reduce some birth defects. Alternatively, it is possible that pregnancies characterized by vomiting are associated with better outcome due to other reasons, such as hormonal status or placental function. Women suffering from morning sickness which is not controlled by nonpharmacological methods can safely use antihistamines.",0
W2059466947,Cetirizine treatment of allergic cough in children with pollen allergy,"Cetirizine, an antihistamine widely used in the treatment of allergic rhinoconjunctivitis, also has antiallergic activity. The present study aimed to evaluate cetirizine as a treatment for children with allergic cough due to pollen allergy. This was a parallel-group, double-blind, placebo-controlled, randomized study. Twenty children with pollinosis were enrolled: they were subdivided into two groups receiving a 1-month treatment during the pollen season. The following variables were monitored: 1) clinical symptoms and respiratory data (spirometry and PEF) evaluated at baseline and at the end of the study by allergists and by a daily diary card, and 2) pollen count. This study shows that cetirizine treatment reduces cough intensity (P < 0.05) and frequency (P < 0.01). In conclusion, cetirizine does clinically improve cough due to pollen allergy.",0
W2148235165,Enantioselective pharmacokinetics of mefloquine during long‐term intake of the prophylactic dose,"AIMS: To investigate the kinetics of the (+)RS- and (-)SR-enantiomers and the carboxylic acid metabolite (MMQ) of the antimalarial drug mefloquine (MQ) in healthy volunteers. METHODS: Ten subjects of which three were poor metabolizers of debrisoquine received racemic MQ 250 mg once weekly for 16 weeks. The kinetics were followed in plasma and urine and evaluated by individual kinetic modelling as well as by a nonparametric population kinetic method. RESULTS: A two-compartment model adequately described the disposition of (+)RS-MQ. CL/F was 6.5 +/- 1.8 l h(-1), V(ss)/F 815 +/- 165 l, and k 0.0081 +/- 0.0023 h(-1). The kinetics of (-)SR-MQ were time- and/or concentration dependent with a lower oral clearance (0.92 +/- 0.25 vs 2.14 +/- 0.63 l h(-1), 95% CI for the difference 0.86-1.60 l h(-1)) and a longer half-life (345 vs 185 h, 95% CI for the difference 47-291 h) after the last dose compared with the first dose. Clearance of (+)RS-MQ and (-)SR-MQ was significantly correlated within subjects (r = 0.69, P < 0.05). Urinary recovery of unchanged substance was 8.7% for (+)RS-MQ and 12.3% for (-)SR-MQ. The elimination of MMQ was disposition rate-limited and not determined by its rate of formation. Poor metabolizers of debrisoquine did not differ from extensive metabolizers in the kinetics of any compound. CONCLUSIONS: The MQ enantiomers differ extensively in their disposition both with regard to parameter values and the kinetic stability over time during repeated dosing with racemic MQ. Kinetic modelling of racemic MQ is therefore inadequate.",0
W1900924418,A Parallel-Group Comparison of Astemizole and Loratadine for the Treatment of Perennial Allergic Rhinitis,"The efficacy and safety of the two antihistamines, astemizole and loratadine, were compared in a double-blind study of 84 patients with perennial allergic rhinitis. Patients were randomized to receive orally either astemizole 10 mg once daily (n = 40) or loratadine 10 mg once daily (n = 44) for 1 week. No other antirhinitis medication was allowed during the study. By day 7 the mean daily symptom scores, recorded on diary cards, were lower in patients receiving astemizole than in those receiving loratadine for runny nose, itchy nose and sneezing, although not for blocked nose, and treatment differences only reached statistical significance for runny nose. After 7 days, 53.75% of patients on astemizole and 38.6% on loratadine were free of symptoms, and 87% of patients on astemizole described the treatment as good or excellent compared with 62% on loratadine. The present results suggest that astemizole may be more effective than loratadine in controlling symptoms of perennial allergic rhinitis.",1
W1827644950,Corticosteroids significantly delay the onset of docetaxel-induced fluid retention: final results of a randomized study of the European Organization for Research and Treatment of Cancer Investigational Drug Branch for Breast Cancer.,"PURPOSE: To confirm the efficacy of docetaxel in patients with breast cancer previously treated with one chemotherapy regimen for advanced or metastatic disease and to compare the incidence of fluid retention (FR) and skin toxicity when docetaxel is administered with and without prophylactic corticosteroids. PATIENTS AND METHODS: Eighty-three patients, pretreated with one chemotherapy regimen for metastatic breast cancer (MBC) with bidimensionally measurable and progressive disease, were eligible for this randomized trial. Docetaxel with prophylactic oral antihistamine was administered at a dose of 50 mg/m2 as a 1-hour infusion on days 1 and 8 every 21 days and patients were randomized to receive methylprednisolone (40 mg days -1, 0, 1, 7, 8, and 9 of each cycle) (arm A) or no methylprednisolone (arm B). RESULTS: Twenty-eight patients (34%, 95% confidence interval [CI], 23% to 45%) achieved on objective response. The median time to disease progression and median overall survival time were 5 and 13.5 months, respectively. In total, 415 cycles of docetaxel were administered (arm A: N = 219, median = six; arm B: N = 196, median = five). The most common toxicity observed was grade 3 or 4 neutropenia, which occurred in 79% of patients. Clinically significant nonhematologic side effects included skin reactions and asthenia. In an intent-to-treat analysis, patients who received methylprednisolone premedication had a delayed onset of FR (median time to onset of FR: arm A, 84 days; arm B, 62 days; P = .01) and received a higher median cumulative dose of docetaxel before the onset of FR (arm A, 333 mg/m2; arm B, 215 mg/m2; P = .001). There was no statistically significant difference in the incidence of skin toxicity between the two arms. CONCLUSION: Docetaxel, at this dose and schedule, has definite antitumor activity in pretreated MBC patients. Moreover, this is the first randomized trial to show that corticosteroids have a favorable impact on docetaxel-induced FR.",0
W2187064552,"Cetirizine and pseudoephedrine retard, given alone or in combination, in patients with seasonal allergic rhinitis.","We compared the efficacy and safety of cetirizine (5 mg), pseudoephedrine retard (120 mg), and the combination of cetirizine (5 mg) with pseudoephedrine retard (120 mg), each given twice daily for two weeks to subjects with pollen-associated allergic rhinitis. The study was multicentre and of randomized, double-blind, parallel-group design. Five rhinitis symptoms were rated according to severity on a scale of 0 - 3, daily by patients and at each clinic visit by investigators. A total of 687 patients, aged 9 - 66 years (mean: 32 years) was randomised to treatment (cetirizine: 231; pseudoephedrine: 226; combination: 230). On entry, the three groups were comparable in relevant respects. The primary outcome measure was based on the five symptoms assessed by the patients over the 2-week treatment period. The combination was more effective, providing at least 20% more ""comfortable days"" (symptoms absent or at most mild) than cetirizine or pseudoephedrine given alone (median values: 53.3%, 30.8%, and 33.3%, respectively; p < 0.001). For nasal obstruction, the combination (mean score: 1.19) was more effective than cetirizine (mean score: 1.43; p = 0.0005), but there was little difference between the combination and pseudoephedrine (mean score: 1.22; not significant). Sneezing, rhinorrhoea, nasal and ocular pruritus were better controlled by combination (mean 4-symptom score: 0.77) than by pseudoephedrine alone (mean 4-symptom score: 1.12; p < 0.001) and also better than by cetirizine alone (mean 4-symptom score: 0.93; p < 0.001). No unexpected adverse reactions were observed. A combination of cetirizine and pseudoephedrine retard is well tolerated and superior to each given alone for moderate to severe allergic seasonal rhinitis, especially when nasal obstruction is a predominant symptom.",0
W2020307057,Effect of food on the bioavailability of fexofenadine hydrochloride (MDL 16 455A),,0
W1974802420,Flare responses of atopic eczema patients analysed with true colour images,,0
W2011671679,Reduction of soluble ICAM‐1 levels in nasal secretion by H<sub>1</sub>‐blockers in seasonal allergic rhinitis,"ICAM-1, a transmembrane glycoprotein promoting adhesion in immunologic and inflammatory reactions, was found to be increased on nasal epithelial cells of patients with allergic rhinitis. Loratadine, an H1-blocker, was found to reduce in vitro the expression of ICAM-1 on nasal epithelial cells. A double-blind, parallel-group study was carried out during the pollen season to compare the effect of two H1-blockers, cetirizine (10 mg OD) and loratadine (10 mg OD), on the release of soluble ICAM-1 in nasal secretions. A group of untreated patients was used as a control group. sICAM-1 was measured by enzyme immunoassay before and after 2 weeks of treatment. Symptoms were significantly decreased in the actively treated groups. sICAM-1 levels were unchanged in the control group but were significantly reduced in the two treated groups (P < 0.015, Wilcoxon's W test). This study shows that two H1-blockers, loratadine and cetirizine, have a similar effect on sICAM-1 released in nasal secretions during the pollen season.",0
W2073348153,"Initial and Steady-State Effects of Diphenhydramine and Loratadine on Sedation, Cognition, Mood, and Psychomotor Performance","BACKGROUND: The classic, first-generation histamine1-receptor antagonists used to treat allergic disorders frequently cause sedation. In contrast, sedation is reduced or absent after administration of recommended doses of second-generation histamine1-receptor antagonists. We measured the initial and steady-state effects of diphenhydramine, a first-generation antihistamine, and loratadine, a second-generation antihistamine, by means of a comprehensive battery of psychometric tests that mirror real-world tasks. METHODS: Healthy volunteers (N = 98) were randomly assigned in a double-blind fashion to receive loratadine (n = 33), diphenhydramine (n = 32), or placebo (n = 33). A computerized test battery was administered at baseline, on day 1 after administration of the initial dose, and on days 3 and 5. RESULTS: After the initial dose, subjects taking diphenhydramine demonstrated poorer cognitive performance than subjects taking loratadine or placebo on tasks of divided attention, working memory, speed, and vigilance. Subjects taking diphenhydramine also reported greater fatigue and sleepiness and lower levels of motivation, and rated the quality of their performance as lower than subjects taking loratadine or placebo. On day 3, subjects taking diphenhydramine continued to show more fatigue and lower motivation, and rated the quality of their test performance as poorer than subjects taking loratadine or placebo. There were no differences between loratadine and placebo after the initial dose or steady-state (day 5) dosing for any measure of cognitive or psychomotor test performance, mood, or sedation. CONCLUSIONS: Patients taking diphenhydramine may be at risk of lapses and significant errors that may lead to potential hazards and decreased work productivity.",0
W1997026852,Can a serotonin type 3 (5-HT3) receptor antagonist reduce experimentally-induced itch?,,0
W1970068461,Pharmacokinetics of loratadine and pseudoephedrine following single and multiple doses of once- versus twice-daily combination tablet formulations in healthy adult males,,0
W2114259968,Effects of antihistamines in adult asthma: a meta-analysis of clinical trials,"A meta-analysis of clinical trials of antihistamines was performed to assess the risk-benefit ratio of this therapeutic class in asthma. Double-blind randomized placebo-controlled trials assessing lung function changes under repeated use of antihistamine in adult asthma were selected, and the quality of studies was scored. Morning peak expiratory flow rate (PEFR) was the primary outcome: an effect size was computed for each study, with a 95% confidence interval (95% CI), and a mean effect size was computed, combining all studies. Effect sizes were also determined for secondary outcomes: evening PEFR, forced expiratory volume in one second (FEV1) and daily use of inhaled beta-agonists. Nineteen studies were included in the meta-analysis. Mean quality score of studies was 59.4%; asthma was generally uncontrolled at study inclusion. Altogether, 582 antihistamine-treated and 557 placebo-treated asthma patients were evaluable. Antihistamines had little effect on airway calibre (mean increase in morning PEFR: 13 L x min(-1); 95 CI: 8-18 L x min(-1)) and on use of inhaled beta-agonists (mean reduction in daily use: 0.4 doses; 95% CI: 0-0.8 doses). Sedation occurred more often with antihistamines than with placebo (p<0.001); additional side-effects were mentioned, including weight gain, altered taste, headache and dry mouth. Respiratory and systemic effects observed after repeated use of antihistamines do not support the use of these medications in the treatment of asthma; better designed studies could affect this appraisal.",0
W1975324279,Paroxetine Does Not Affect the Cardiac Safety and Pharmacokinetics of Terfenadine in Healthy Adult Men,"Potent CYP3A4 inhibitors such as ketoconazole can cause dangerous increases in plasma concentrations of the H-1 antagonist terfenadine. In light of recent reports that the selective serotonin reuptake inhibitor antidepressants may be weak CYP3A4 inhibitors, this study was designed to investigate the effects of paroxetine on the pharmacodynamic and pharmacokinetic profile of terfenadine. Twelve healthy male volunteers participated in a randomized open-label, two-period, steady-state crossover study. Terfenadine (60 mg twice daily for 8 days) was administered alone and with paroxetine at steady state (20 mg once daily for 15 days, with terfenadine on days 8 through 15). Extensive electrocardiogram monitoring was conducted throughout, and terfenadine and carboxyterfenadine pharmacokinetics were assessed at the end of each treatment period. One subject withdrew because of adverse experiences related to paroxetine, but the other 11 subjects completed the study uneventfully. On the final day of coadministration, the rate-corrected QT interval (QTc) was unaltered compared with terfenadine dosed alone; maximum QTc values (mean [SEM]) were 404 (4) and 405 (5) msec, respectively. Terfenadine pharmacokinetics were also unchanged; geometric mean steady-state area under the curve (AUC)tau values were 30.0 ng.hr/mL during coadministration compared with 30.8 ng.hr/mL when dosed alone (p > 0.05). The corresponding Cmax values were 3.68 and 3.64 ng/mL (p > 0.05). There was, however, a small (on average 17-20%), unexplained reduction in the steadystate Cmax and AUCtau of carboxyterfenadine during coadministration with paroxetine. In conclusion, paroxetine does not affect the pharmacokinetics or cardiovascular effects of terfenadine. The small reduction in carboxyterfenadine plasma concentrations is unlikely to be important clinically.",0
W2044246480,Opiate and H1 antagonist effects on histamine induced pruritus and alloknesis,"Itching is a well known side-effect of opiate therapy. To gain insight into the possible contribution of opiate receptors to itching we compared the antipruritic effect of naltrexone (Nemexin), an opiate antagonist, to an H1-receptor antagonist and to placebo. In a double blind cross-over study on 15 healthy volunteers, 25 mg naltrexone or placebo was orally given 60 min prior to a histamine stimulus. In a second, otherwise identical experiment, 10 mg cetirizine, an H1 blocker, or placebo was orally given 12 h before the experiment to the same group of volunteers. Histamine was applied iontophoretically to the forearm skin and the following parameters were assessed thereafter: weal and flare size, itch intensity and the extension of the area of alloknesis ('itchy skin') around the application site. Naltrexone had no effect on the vascular histamine reactions 'weal' and 'flare', whereas cetirizine abolished the weal reactions and greatly diminished the flare reactions. Both naltrexone and cetirizine significantly diminished histamine induced itching. In contrast to placebo and cetirizine, naltrexone abolished alloknesis completely in four of 15 volunteers and in the others alloknesis was greatly reduced after naltrexone. Since vascular reactions to histamine are of peripheral origin, whereas alloknesis depends on central nervous mechanisms, our findings suggest a pronounced centrally mediated action of naltrexone on histamine induced pruritus.",0
W1729509841,Early treatment of the atopic child: First results of the clinical trial,,0
W2033460861,Effect of continuous allergen challenge on clinical symptoms and mediator release in dust‐mite‐allergic patients,"This study investigated the early, prolonged immediate, and late-phase reactions of dust-mite-sensitive subjects undergoing long-term challenge in the Vienna challenge chamber (VCC) in terms of clinical symptoms and inflammatory mediator level patterns in nasal lavage fluids. A concentration of 70 ng Der p 1/m3 of air (feces of Dermatophagoides) was maintained over 8 h in the VCC. To show the clinical impact of this challenge model, the effect of a histamine H1-receptor antagonist that also has some antiallergic properties (loratadine) was also investigated. The study followed a double-blind, placebo-controlled, crossover design. Medication was given orally over 7 days before the provocation at a dose of 10 mg once daily. All 12 patients, whose dust-mite sensitivity was confirmed by disease history, skin prick test, and RAST, completed the challenge session. The documentation of the chosen parameters was performed every 30 min. Subjective nasal and ocular symptoms were assessed via a visual analog scale of 100 mm, nasal flow was recorded by active anterior rhinomanometry, and mediator release was evaluated with nasal lavages. Clinical aspect: the whole sample population showed a rise of nasal and ocular symptom severity and a nasal flow reduction, which were perceptibly, but not significantly attenuated by active drug treatment. Mediator pattern: in each patient, prostaglandin (PG)D2 and leukotriene (LT)C4 levels peaked within the first 2 h of provocation, PGD2 then moving toward baseline levels, and LTC4 then again rising continuously. Eosinophil cationic protein (ECP) exhibited a constant level increase over the whole provocation period, and tryptase levels did not change significantly. Whereas the area under the curve values of tryptase and ECP were higher in drug-treated patients than the placebo group, the early PGD2 peak occurring during the first two challenge hours seemed to be mitigated by loratadine. These results reveal that there is no link between the clinical symptoms, the drug efficacy, and the released mediators (LTC4, PGD2, ECP, and tryptase).",0
W2161475323,"Loratadine‐pseudoephedrine in children with allergic rhinitis, a controlled double‐blind trial","AIMS: To conduct a randomized placebo controlled double-blind crossover trial in order to evaluate a loratadine-pseudoephedrine combination (L + PS) in children with seasonal allergic rhinitis. METHODS: Forty children (15 males; 25 females), aged 3-15 years, were included in this study. They were randomized to receive L + PS (0.2 mg kg[-1] body weight-2.4 mg kg[-1] body weight respectively) or placebo (PLA) for 14 days. After 7 days of washout, patients were shifted to the other treatment for a further 14 days. Nasal symptoms (sneezing/itching, congestion, nasal dripping) and signs (turbinal swelling, retronasal drainage), rated on a scale ranging from: 1. absent to 5. very intense, and their sum or mean total symptom score (MTSS) were used as efficacy measurement. RESULTS: Significant relief was observed; post-treatment MTSS difference and its percent change were respectively; L + PS = -4.29; 95% CI: -3.64 and -4.94 (27.8%), and PLA = -1.63; 95% CI: -0.95 and -2.31 (10.7%) (P < 0.001 baseline vs endpoint and between treatments). Furthermore, L + PS and PLA significantly modified symptoms, but only L + PS significantly modified signs. No clinical changes were observed during the trial; only one patient showed slight transient insomnia when receiving L + PS. CONCLUSIONS: It is concluded that L + PS is useful and well tolerated in children with seasonal allergic rhinitis. However, elements such as placebo effect must be taken into account for planning future trials.",0
W4237719897,Fexofenadine,,0
W2163007960,Troglitazone: Review and Assessment of Its Role in the Treatment of Patients with Impaired Glucose Tolerance and Diabetes Mellitus,"OBJECTIVE: To introduce troglitazone (CS-045, Rezulin), a new oral antidiabetic agent and discuss its pharmacology, therapeutics, pharmacokinetics, dosing guidelines, adverse effects, drug interactions, and clinical efficacy. DATA SOURCES: A MEDLINE database search was completed to identify relevant articles including reviews, recent studies and abstracts, and data from Parke-Davis. STUDY SELECTION: Due to the small number of published human studies available, some data are derived from animal studies and abstracts of human studies. Studies and abstracts chosen summarize the clinical action of troglitazone in healthy volunteers, in subjects with impaired glucose tolerance, and in patients with diabetes mellitus. Three of the six published human studies used subjects in a placebo-controlled, multicenter, randomized environment (type 2 diabetic patients or obese subjects with insulin resistance). DATA EXTRACTION: All clinical trials available, including unpublished reports, were reviewed. DATA SYNTHESIS: Troglitazone is the first member of a new class of medications, the thiazolidinediones, to be approved for clinical use. Troglitazone increases insulin sensitivity in skeletal muscle and in hepatic and adipose tissue. It has been shown to decrease hepatic glucose output while having no effect on stimulating insulin secretion from the pancreatic β-cells. Its metabolic effects decrease fasting and postprandial hyperglycemia, insulin concentrations, and triglyceride concentrations, while increasing high-density lipoprotein concentrations. There is some evidence, based on short-term trials, that troglitazone causes only minimal decreases in glycosylated hemoglobin A 1C (HbA 1C ) concentrations. Data suggest that troglitazone decreases impaired glucose tolerance in nondiabetic obese subjects and leads to a reduction in both systolic and diastolic blood pressure in hypertensive type 2 diabetes mellitus patients. Troglitazone has a mild adverse effect profile, with rare instances of abnormal liver function tests. CONCLUSIONS: Troglitazone appears to be a safe, effective, and useful new agent in the treatment of insulin-requiring type 2 diabetes mellitus patients, although its HbA 1C -lowering effects have been minimal in short-term trials, and its insulin dosage-reduction activity remains unclear. The Food and Drug Administration has also approved its use as monotherapy and in combination with sulfonylureas for patients with type 2 diabetes. It may have use in the treatment of patients with impaired glucose tolerance, but more clinical experience is needed before definitive conclusions can be made. The role of troglitazone therapy in diabetes mellitus and impaired glucose intolerance will continue to evolve as the results of studies and our clinical experience with this agent become available. OBJETIVO: Introducir un nuevo agente antidiabético llamado troglitazona (CS-045 o Rezulín) y discutir su farmacología, uso terapéutico, farmacocinética, dosificación, reacciónes adversas, interacción con otras drogas, y eficacia clínica. FUENTES DE INFORMACIÓN: Se realizó una busqueda a través del banco de datos de MEDLINE con el propósito de identificar artículos relevantes como repasos, estudios recientes, extractos, y datos obtenidos de la compañía Parke-Davis. SELECCIÓN DE ESTUDIOS: Dada al pequeño número de estudios disponibles en humanos, algunos datos fueron derivados de estudios en animales y extractos de estudios en humanos. Los estudios y extractos seleccionados resumen la actividad clínica de troglitazona en voluntarios saludables, sujetos con intolerancia a glucosa y pacientes con diabetes. Tres de los seis estudios publicados en humanos fueron conducidos de una manera aleatoria, multicentro, y controlados con placebo (pacientes con diabetes tipo 2 y en personas obesas con resistencia a la insulina). MÉTODO DE EXTRACCIÓN DE INFORMACIÓN: Se revisaron todos los estudios clínicos disponibles, incluyendo reportes no publicados. SÍNTESIS: Troglitazona es el primer miembro de una nueva clase de medicamentos llamados tiazolidindiones que fue aprobado para uso clínico. Troglitazona aumenta la sensitividad de insulina en el músculo esquelético y en el tejido hepático y adiposo. Se ha demostrado que este medicamento dismunuye el gasto hepático de glucosa mientras que no produce efecto estimulativo en la secreción de insulina de las células pancreáticas beta. Sus efectos metabólicos producen una disminución en las concentraciones de glucosa en ayuna postprandial y en los niveles de insulina y triglicéridos, mientras que aumenta los niveles de lipoproteína de altadensidad. Evidencia de estudios de corta duración indican que troglitazona causa solamente una mínima disminución en los niveles de hemoglobina glucosilada A 1C (HbA 1C ). Información adicional sugiere que troglitazona disminuye la intolerancia a glucosa en sujetos obesos no-diabéticos y reduce la presión sistólica y diastólica en pacientes hipertensos con diabetes tipo 2. Troglitazona tiene un perfil moderado en sus reacciónes adversas y produce raras occurencias de anormalidades en las pruebas de función hepática. CONCLUSIONES: Troglitazona parece ser un nuevo agente seguro, efficaz y útil en el tratamiento de pacientes con diabetes de tipo 2 que requieren insulina pero su actividad en reducir los niveles de HbA 1C reportados en estudios de corta duración es mínimo y su capacidad en reducir las dosis de insulina necesitan ser aclaradas. La Administración de Alimentos y Drogas también aprobó su uso como monoterapia y en combinación con sulfonilureas para pacientes con diabetes tipo 2. Podrá ser usado en pacientes con intolerancia a glucosa pero se necesita más experiencia clínica antes que se pueda hacer conclusiones definitivas. El papel de troglitazona en el tratamiento de la diabetes y la intolerancia a glucosa continuará desarrollando cuando los resultados de estudios y nuestra experiencia clínica con éste agente se hagan disponibles. OBJECTIF: Présenter le troglitazone (CS-045 or Rezulin), un nouvel hypoglycémiant oral et discuter de sa pharmacologie, de sa thérapeutique, de sa pharmacocinétique, de ses recommandations de dosages, des ses effets indésirables, de ses interactions médicamenteuses, et de son efficacité clinique. REVUE DE LITTÉRATURE: Une recherche informatisée de type MEDLINE fut effectuée pour localiser des articles pertinents incluant des articles de révision, des études récentes, et des données provenant de chez la compagnie Parke-Davis. SÉLECTION DES ÉTUDES: À cause du petit nombre d'études humaines publiées disponibles, certaines données sont obtenues à partir d'études animales ou de résumés d'études humaines. Les études et les résumés sélectionnés tracent un sommaire des propriétés cliniques du troglitazone chez le volontaire sain, chez le volontaire avec intolérance au glucose, et chez le volontaire avec un diabète mellitus. Trois des six études humaines publiées à date sont des études contrôlées avec placebo, multicontriques, randomisées avec des patients diabétiques de type II ou des patients obèses avec une résistance à l'insuline. SÉLECTION DE L'INFORMATION: Toutes les études cliniques disponibles compris les études non publiées",0
W2013309108,Differential effects of new‐generation H<sub>1</sub>‐receptor antagonists in pruritic dermatoses,"In search of an improved treatment of pruritic dermatoses, we have studied azelastine, a novel H1-receptor antagonist, during a 2-week treatment period, using a double-blind, placebo-controlled design. The potent H1-antagonist cetirizine was used for comparison. Symptoms were recorded daily by the patients on a diary card, using a 4-point scale. The same parameters and adverse events were evaluated at weekly intervals, and global improvement was evaluated at the end of treatment. In all 230 evaluable patients with moderate to severe itching, azelastine caused an overall significant improvement in comparison to placebo (P = 0.02), with significance also for pruritus (P = 0.01 after 1 week and P = 0.02 after 2 weeks). Both drugs reduced itching more effectively in urticaria than in atopic eczema. Azelastine was superior to cetirizine in reducing pruritus, whereas cetirizine caused a more marked reduction of whealing. Both drugs rarely caused fatigue and dry mouth, but taste perversion occurred only in azelastine-treated patients (9.7%) and headaches only with cetirizine (10.4%). Therefore, the two H1-blockers exert differential effects on pruritus verses whealing and a distinctive adverse events pattern. The data also underline the low efficacy of antihistamines in atopic eczema, compared to urticaria.",1
W124692042,Cetirizine reduces conjunctival nonspecific hyperreactivity in children with mite allergy.,"As mite allergy is characterized by a continuous allergen exposure, persistent inflammation is always detectable even during symptomless periods. It has been reported that mite allergic patients present a nonspecific hyperreactivity to different stimuli, including hyperosmolar solution. Since it has been reported previously that cetirizine is able to reduce minimal persistent inflammation due to mite allergy, the aim of the study was to investigate the effect of cetirizine on nonspecific conjunctival hyperreactivity. Twenty children with mite allergy were studied; two hyperosmolar conjunctival challenges were performed before and after cetirizine or placebo treatment, lasting one week. Patients treated with cetirizine showed a significant reduction in nonspecific conjunctival hyperreactivity compared to the placebo group (p < 0.05). In conclusion, cetirizine was able to reduce nonspecific hyperreactivity related to allergic inflammation.",0
W2419362321,[From atopic dermatitis to asthma].,"Atopic dermatitis (AD) is the most common chronic skin disorder in infancy and childhood and is the main hallmark of atopic constitution. The disease is multifactorial, and although genetic predisposition is certainly a prerequisite, a number of environmental factors modulate the phenotypic expression of AD. The majority of affected children shows IgE sensitisation towards a large variety of foods and aeroallergens. Since at least 1600, it has been recognized that patients with AD have a high predisposition to develop asthma. Recent epidemiological studies show that AD is commonly seen in individuals from families with a history of asthma. In addition, in population where asthma is uncommon, AD is also uncommon. The sex distribution of AD and asthma is the same, with boys affected significantly more often by these two atopic diseases and in similar proportions. The ETAC project (Early Treatment of the Atopic Child) is a large multicenter, multi-national, double blind, placebo controlled, randomised trial. The main objective of the study is to stop the progression from AD to asthma in young children with AD using early therapeutic intervention with Cetirizine and the second objective is to investigate the main risk factors for the onset of asthma. The results of this study indicate that exposure to potent allergens such as cat or mite significantly increased the risk of sensitisation to these allergens. Prolonged breast feeding was associated with a lowest sensitisation rate to cow milk proteins and to egg. Therefore environmental factors seem to play a crucial role in IgE sensitisation in children with AD.",0
W2136199788,"Brompheniramine, Loratadine, and Placebo in Allergic Rhinitis: A Placebo‐Controlled Comparative Clinical Trial","A double-blind, randomized, placebo-controlled, parallel-group, multicenter study was conducted to compare the effectiveness of an extended-release formulation of a classical antihistamine, brompheniramine, and a second-generation compound, loratadine, in the treatment of allergic rhinitis. Subjects with symptoms of allergic rhinitis received brompheniramine 12 mg twice daily (n = 112), loratadine 10 mg once daily (n = 112), or placebo twice daily (n = 114) for 7 days. Study medications were blinded using a double-dummy technique. Subjects completed an overall evaluation of symptom relief on a daily basis and returned on treatment days 3 and 7, at which times the investigator assessed symptom severity. The investigator and subject each completed a global efficacy evaluation, and subjects were interviewed regarding adverse experiences. The primary efficacy variable was the physicians' global efficacy evaluation on day 3. Symptoms also were analyzed as summed severity scores for all symptoms and for the nasal symptom cluster of rhinorrhea, sneezing, and nasal blockage. At all post-baseline evaluations (days 3, 7, and averaged over the two days), brompheniramine was significantly better than loratadine and placebo for both sets of summed symptom scores and all three global assessments. Loratadine was significantly better than placebo for physician ratings of total symptom severity averaged over the two days and for the physician and subject ratings of the nasal cluster on day 3. Central nervous system-related symptoms were the most frequently reported adverse experiences; somnolence was reported most frequently by patients taking brompheniramine, and its occurrence was less frequent as treatment continued. A nonprescription, extended-release formulation of brompheniramine 12 mg twice daily provided significantly better relief of symptomatic allergic rhinitis than loratadine 10 mg once daily.",0
W2399484723,Clinical reports: Antiinflammatory properties of cetirizine in a human contact dermatitis model: Clinical evaluation of patch tests is not hampered by antihistamines,"The aim of this double-blind, placebo-controlled, randomized, cross-over pilot study was to assess the antiinflammatory properties of cetirizine. A group of 27 patients with a positive patch test to an allergen consecutively received cetirizine 10 mg o.d. or placebo during a 14-day period, respectively. At day 11 of each period, patch testing was performed with the allergen. The image analysis showed a skin reaction significantly reduced under cetirizine (p = 0.03), but the clinical recording and the standardized chromatometry did not show any difference between groups. In the cross-over analysis the results of image analysis were influenced by the period, but this effect disappeared after adjustment of the ambient temperature during the 3 days of the test. These results demonstrate that cetirizine has an impact on the inflammatory process in a clinical model of cell-mediated allergic reaction, although this effect is only detected with a very sensitive technique. They also show that it is useless to stop antihistamines before patch testing, since clinical evaluation of tests is not hampered by a potent antihistamine. Additionally this study suggests that ambient temperature has an influence on the results of tests.",0
W2049260786,Determinants of Interindividual Variability and Extent of CYP2D6 and CYP1A2 Inhibition by Paroxetine and Fluvoxamine In Vivo,"Major depression may require antidepressant treatment for several years. This necessitates consideration of the long-term effects of antidepressants on multiple clinical endpoints. The antidepressants paroxetine and fluvoxamine are potent in vitro inhibitors of CYP2D6 and CYP1A2 isozymes, respectively. CYP2D6 and CYP1A2 are important for the clearance of 30 or more frequently used medications. Moreover, CYP1A2 also contributes to metabolism of 17beta-estradiol and metabolic activation of environmental procarcinogens (e.g., arylamines in cigarette smoke). The aim of this study was to assess the determinants of interindividual variability and extent of CYP2D6 and CYP1A2 inhibition during paroxetine and fluvoxamine treatment. Healthy volunteers and patients received caffeine (100 mg) and dextromethorphan (30 mg) at baseline and at steady state of paroxetine (10-20 mg/day, 5-74 days, N = 13) or fluvoxamine (50-100 mg/day, 5-43 days, N = 8). The caffeine metabolic ratio (CMR) and the log O-demethylation ratio (ODMR) of dextromethorphan in overnight urine were used as in vivo indices of the CYP1A2 and CYP2D6 isozyme activities, respectively. All subjects had an extensive metabolizer phenotype for CYP2D6. After fluvoxamine treatment, baseline CMR 5.1 +/- 1.4 (mean +/- SD) decreased to 2.7 +/- 1.1 (p < 0.01). Paroxetine did not have a significant effect on CMR (p > 0.05). In seven of eight subjects in the fluvoxamine group, posttreatment CMR was comparable with the minimum CMR value (2.0) attainable in nonsmoking healthy volunteers. After paroxetine treatment, log ODMR changed from a baseline value of -2.28 +/- 0.37 to -1.13 +/- 0.44, indicating significant inhibition of CYP2D6 (p < 0.001). Subjects' CYP2D6 phenotype did not change after paroxetine treatment. Fluvoxamine had no significant effect on log ODMR (p > 0.05). The extent of inhibition of CYP2D6 and CYP1A2 by paroxetine and fluvoxamine, respectively, displayed a positive correlation with baseline enzyme activity (p < 0.05). In addition, a negative association was found between the plasma paroxetine concentration and the CYP2D6 activity after paroxetine treatment (r = -0.47, p < 0.05). These data indicate that paroxetine and fluvoxamine treatment with minimum clinically effective doses significantly inhibit CYP2D6 and CYP1A2, respectively. The extent of inhibition of CYP2D6 by paroxetine and of CYP1A2 by fluvoxamine is dependent in part on the baseline enzyme activity. The interindividual variability in CYP2D6 inhibition by paroxetine can also be explained by variability in plasma paroxetine concentration. Most patients treated with fluvoxamine (50-100 mg/day) will reach population minimums for CYP1A2 activity. These results have potential implications for interindividual variability in the risk for drug-drug interactions mediated by CYP2D6 and CYP1A2 as well as for the disposition of 17beta-estradiol and environmental procarcinogens.",0
W1752789387,Troglitazone in Type II Diabetes Mellitus,"Troglitazone, a new antihyperglycemic agent, is approved for use alone, with oral sulfonylureas, or with insulin in the treatment of type II diabetes mellitus. Rather than stimulating insulin secretion, it enhances insulin sensitivity. Potential advantages of troglitazone over oral sulfonylureas include decreased endogenous insulin concentrations, decreased exogenous insulin requirements, reduced hypoglycemic risk, and convenient once/day administration. The effect on morbidity and mortality from lowering endogenous and exogenous insulin concentrations remains to be determined. Troglitazone also has potential disadvantages. It induces cytochrome P450 isoenzyme 3A4, although few drug interactions have been identified to date. Serum transaminases must be monitored routinely because of rarely reported cases of idiosyncratic hepatocellular injury. In addition, the cost of troglitazone is much higher than that of other oral antihyperglycemic agents or insulin. Given the available information, troglitazone has limited benefit over oral sulfonylureas or metformin as monotherapy or in combination with oral sulfonylureas. Until additional combination and comparative studies have been done, the agent should be reserved for patients with poor glycemic control receiving high daily doses of insulin.",0
W1990451108,"Clinical efficacy of sublingual‐swallow immunotherapy: a double‐blind, olacebo‐controlled trial of a standardized five‐grass‐pollen extract in rhinitis","Sublingual-swallow immunotherapy (SLIT) using high doses of standardized allergen extracts has been found to be effective in reducing allergic symptoms and medication needs. A double-blind, placebo-controlled study was carried out in a large number of patients to determine whether medication needs can be reduced by SLIT. Some 136 patients with grass-pollen rhinitis with or without mild asthma were studied. Patients received either placebo or SLIT with a standardized grass-pollen extract administered daily with increasing doses up to 300 IR (index of reactivity) from January to the end of July 1994. During the grass-pollen season, patients were instructed to use medications as required and to visit their doctors in case of asthma. Symptom-medications scores were assessed during the pollen season, and serum-specific IgG4 was measured before and at the end of SLIT. In the SLIT group, drug consumption dropped significantly throughout the pollen season (P < 0.02). Moreover, at the peak of the pollen season, betamethasone consumption was significantly reduced in the SLIT group (P < 0.02). Only one patient in the SLIT group had an asthma attack compared to eight patients in the placebo group (P < 0.02). IgG4 levels increased significantly in the SLIT group (P < 0.001) but without correlation with symptoms. Side-effects were comparable in both groups. This study indicates that SLIT in grass-pollen rhinitis is well tolerated, improves overall clinical symptoms, and reduces drug consumption and the need for oral corticosteroids.",0
W1972699361,Loratadine reduces the expression of ICAM‐1,,0
W2073936913,"Effects of Methysergide and Loratadine on Food Intake, Mood, and Performance of Humans Living in a Residential Laboratory","The effects of loratadine, a peripherally acting histamine (H1) antagonist, and methysergide, a serotonin (5-HT) antagonist, were evaluated in seven normal-weight, male research volunteers, participating in a placebo-controlled, double-blind, 17-day residential study. Participants received oral loratadine (10 or 20 mg), methysergide (4 or 8 mg), or placebo at 1000 and 1700 hours daily. Active drug was administered on Days 4, 5, 7, 8, 11, 12, 15, and 16; placebo was administered on all other days. Drug and dose order were counterbalanced across participants. Food intake, performance, and subjective ratings were measured repeatedly throughout the day. Loratadine had no effect on food intake, performance, or subjective ratings. In contrast, total caloric intake significantly decreased from approximately 3500 kcal during placebo administration to 3065 kcal on the first but not the second day of methysergide administration. Consumption of carbohydrate (p < 0.055), protein, and fat decreased on the first day of methysergide administration. This decrease in food intake was due to a decrease in meal size; the number of meals consumed was not affected. The proportion of calories derived from carbohydrates significantly increased on the first day of methysergide administration. Methysergide also significantly impaired performance of a psychomotor task on the first day of high-dose administration and increased ratings of several subjective measures, including ""Vomiting,"" ""Stomach Pain,"" and ""Miserable."" These results suggest that the anorectic effect occurred as a result of the somatic and mood changes produced by methysergide. In addition, the inability of loratadine to affect food intake indicates that antagonism of central histamine receptors may be responsible for the increases in food intake produced by other antihistamines (e.g., diphenhydramine).",0
W2151482480,Effects of H<sub>1</sub>antagonists on the cutaneous vascular response to histamine and bradykinin: a study using scanning laser Doppler imaging,"Histamine plays an important part in the cutaneous weal and flare response which underlies many allergic skin conditions. It has a direct effect on the local vasculature to promote vasodilatation and increase microvascular permeability and may also initiate the more widely spread neurogenic flare. Quantification of these responses and studies of the mediator mechanisms underlying them have been limited by the lack of appropriate techniques to investigate them. To address this we have used two relatively new techniques, scanning laser Doppler imaging (LDI) and dermal microdialysis to measure changes in skin blood flow and the release of histamine within the weal and flare, following intradermal injection of histamine or bradykinin. These measurements have been made both in the absence and presence of the H1 receptor blockers cetirizine and loratadine. Scanning LDI of the inflammatory response revealed marked differences in both the development and steady state responses to the intradermal injection of histamine (1-3 mumol/L) and bradykinin (1 mumol/L). The development of the flare and the weal response to both histamine and bradykinin was significantly reduced by cetirizine but not by loratadine. The histamine-induced flare area fell by 57 +/- 4% (mean +/- SEM, n = 10, P < 0.001) after cetirizine and the area of the weal fell by 73 +/- 11% (P < 0.009). Bradykinin-induced inflammatory responses were similarly reduced by cetirizine, the weal by 60 +/- 16% (P < 0.02) and the flare by 61 +/- 4% (P < 0.005). Measurement of histamine concentration in skin using microdialysis, in six subjects, confirmed that histamine levels rose in the dialysate collected from the weal to 310 +/- 16 nmol/L following injection of histamine. Histamine levels also rose following bradykinin injection in some subjects (mean 147 +/- 46 nmol/L, range 18-336). Little increase in histamine concentration was seen in the dialysate from the flare following injection of either histamine or bradykinin. The histamine concentration in dialysate from unprovoked skin was 4.19 +/- 0.75 nmol/L. These data reveal differences in the dermal responses to different mediators when assessed using scanning LDI. They confirm that histamine is released within the weal but not the flare response to the intradermal injection of both histamine and bradykinin and that its effects on the local vasculature to cause the oedematous weal and the axon reflex-mediated flare are significantly attenuated by the H1 antagonist cetirizine and to a lesser extent by the H1 antagonist loratadine.",0
W2090322217,Changes in skin‐test reactivity do not correlate with clinical efficacy of H<sub>1</sub>‐blockers in seasonal allergic rhinitis,"New-generation H1-blockers may possess antiallergic properties, and their effect may differ, depending on the target organ. A double-blind, placebo-controlled, parallel-group study was carried out during the pollen season to compare the clinical effect on nasal and conjunctival symptoms of astemizole (10 mg o.d.) and loratadine (10 mg o.d.) with their effect on skin-test reactivity to allergen and histamine. Thirty-eight patients (12-56 years of age) were studied. Nasal and ocular symptoms were recorded daily from days 4 to 7. Skin prick tests with serial concentrations of allergens and one concentration of histamine were carried out before and at the end of the 7-day treatment period. Parallel-line bioassay, analysis of variance, and covariance were used to analyze skin test data. Loratadine and astemizole significantly decreased symptoms from baseline (P < 0.004 and P < 0.006). Skin-test reactivity to allergen and histamine was more profoundly decreased by astemizole than loratadine. The histamine covariant was more important in the allergen effect of astemizole than in that of loratadine. Two H1-blockers having the same clinical effect on nasal and ocular symptoms during the pollen season have totally different effects on skin-test reactivity. Skin-test reactivity to allergen or histamine is not predictive of the clinical efficacy of H1-blockers during seasonal allergic rhinitis.",0
W2157172133,"Double‐blind, placebo‐controlled evaluation of sublingual immunotherapy with standardized olive pollen extract in pediatric patients with allergic rhinoconjunctivitis and mild asthma due to olive pollen sensitization","For evaluation of the efficacy and the safety of specific sublingual immunotherapy with high allergen dose, 66 children with seasonal asthma, rhinitis, and conjunctivitis due to sensitization to olive pollen were enrolled in a double-blind, randomized, placebo-controlled study between October 1994 and October 1996 in Greece. Thirty-four patients were randomly allocated to the active group, and 32 received placebo. Immunotherapy consisted of olive-allergen extracts (Stallergènes SA) administered sublingually pre- and coseasonally from January to July for 2 consecutive years. Serial concentrations from 1 to 300 IR. were used up to the maintenance dose of 20 drops of 300 IR daily. The cumulative dose for each patient was 300 times higher than in parenteral immunotherapy, and the cumulative dose of the major allergen Ole e 1 was 8.1 mg/2 years. The patients were assessed by clinical parameters (symptom and medication scores from patients' daily diaries) and immunologic measurements (specific IgE, IgG4, eosinophil cationic protein [ECP]) were performed. The actively treated patients had a significantly lower score for dyspnea (P<0.04 during the first season; P<0.03 during the second season). At the pollinic peak during the second year, a lower score of conjunctivitis was recorded (P<0.05) in the actively treated patients. The analysis of intragroup evolution showed that the total score of rhinitis increased significantly during the pollinic peak in the group under placebo, whereas there was no symptomatic peak for the same period in the group under active treatment. However, the difference between the groups was not significant. The medication score did not differ significantly between the groups. Oral steroids were the only variables with a P value near the significance level (P=0.06) in favor of the actively treated group. A significant decrease in skin reactivity was recorded in the active group after 2 years of treatment. No significant variation in specific IgE and IgG4 was detected. A significantly lower level of serum ECP was observed at the pollinic peak in the actively treated patients during the first pollen season (P=0.01), but this was not confirmed the second year when the ECP levels doubled in both groups without correlation to the clinical findings. Tolerance was excellent with only a few minor side-effects reported. In conclusion, high-dose specific sublingual immunotherapy appears to be safe and effective in improving mild seasonal asthma and conjunctivitis linked to olive-pollen sensitization.",0
W2184815900,[Levocabastine versus cetirizine for perennial allergic rhinitis in children].,"OBJECTIVE: To compare the efficacy and safety of levocabastine nasal spray asid cetirizine oral for the treatment of perennial allergic rhinitis in children. MATERIAL AND METHODS: In this randomized, prospective experimental, open clinical trial. We studied 30 children with ages between 6 and 16 years with perennial allergic rhinitis. Group 1, 17 subjects (7 female, 10 male) received cetirizine once daily, 5 mg children weientig less dian 30 k asid 10 mg in children weighing more trw' 30 k during 15 days. Group 2, 13 subjects (7 male, 6 female) received levocabastine 2 puffs BID on each nostril during tbe same time. A nasal symptoms score, nasal peal: flow vid eosinophils in a nasal smear were performed before and after treatment. RESULTS: There were no statistical differences in age, weight, height and arid duration of symptoms. Both groups showed improvement of symptoms via nasal peak flow with no differences between them (intergroup); nasal eosinophils remained unchanged. We for third statistical differences pre vid postreatment in each group (intragroup): Group 1, nasal congestion p = 0.002, ocular itch p = 0.01, sneezing p = 0.007, nasal secretion p = 0.01, nasal itch O = 0.009, total points O = 0.0005. Group 2, nasal congestion O = 0.02, ocular itch p = 0.05, sneezing p = 0.01, nasal secretion p = 0.01, nasal itch p = 0.04, total points p = 0.005. Significant differences were found in nasal peal' flow in Group 1 (p = 0.01) but no differences in eosinophils between file two groups. Side effects: 3 subjects in Group 1 (drowsiness, 1 appetite increase said 1 rhinorrea with epistaxis) vide 1 in Group 2 sensation of facial edema. CONCLUSION: Bofil drugs are effective the clinical relief of symptoms of perennial allergic rhinitis in children vied levocabastine has less side effects.",0
W1593743641,"A comparison of the efficacy of fluticasone propionate aqueous nasal spray and loratadine, alone and in combination, for the treatment of seasonal allergic rhinitis.","BACKGROUND: Intranasal corticosteroids and oral antihistamines are both effective in the treatment of seasonal allergic rhinitis, although the therapeutic value of administering the two types of agents concurrently has rarely been evaluated. This study was designed to compared the efficacy, safety, and impact on quality of life of fluticasone propionate aqueous nasal spray (FP ANS), loratadine, FP ANS plus loratadine, and placebo (an aqueous nasal spray plus tablet) in the treatment of seasonal allergic rhinitis during the mountain cedar allergy season in south central Texas. METHODS: Six hundred patients with seasonal allergic rhinitis were treated for 2 weeks with either FP ANS 200 microgram once daily, loratadine 10 mg once daily, the FP ANS and loratadine regimens combined, or placebo in a multicenter, randomized, double-blind, double-dummy, parallel-group study. RESULTS: Clinician- and patient-rated total and individual nasal symptom scores after 7 and 14 days of therapy and overall evaluations were significantly lower (P < .001) in the FP ANS and FP ANS plus loratadine groups compared with the loratadine only and placebo groups. Loratadine was not statistically different from placebo in clinician and patient symptom score ratings nor in overall clinician and patient evaluations. FP ANS plus loratadine and FP ANS monotherapy were comparable in efficacy in almost all evaluations; for some patient-rated symptoms the combination was found superior. Mean score changes in the Rhinoconjunctivitis Quality of Life Questionnaire from baseline to day 14 showed significantly greater improvement (P < .001) in quality of life in the FP ANS group than in the group of patients receiving loratadine only or placebo and no significant benefit was demonstrated in the FP ANS plus loratadine group over the FP ANS monotherapy group. No serious or unusual drug-related adverse events were reported. Combining loratadine with FP ANS did not alter the adverse events profile or frequency.",0
W2171902613,Atorvastatin does not Produce a Clinically Significant Effect on the Pharmacokinetics of Terfenadine,"The effect of atorvastatin, a CYP3A4 substrate, on the pharmacokinetics of terfenadine and its carboxylic acid metabolite, fexofenadine, were evaluated. Single 120-mg doses of terfenadine were given 2 weeks apart to healthy volunteers with 80-mg daily doses of atorvastatin administered from 7 days before through 2 days after the second terfenadine dose. Concentrations of terfenadine and fexofenadine were measured for 72 hours after each terfenadine dose. Administration of terfenadine alone or in combination with atorvastatin produced no alterations in the QTc interval. For terfenadine, atorvastatin coadministration produced an 8% decrease in maximum concentration (Cmax), a 35% increase in area under the concentration-time curve extrapolated to infinity (AUC0-infinity), and a 2% decrease in elimination half-life (t1/2). For fexofenadine, atorvastatin coadministration produced a 16% decrease in Cmax, a 2% decrease in AUC0-infinity and a 51 % increase in t1/2. None of these changes achieved statistical significance. Coadministration of atorvastatin with terfenadine does not result in a clinically significant drug interaction. Because 80 mg is the highest atorvastatin dose used clinically, drug interactions mediated by CYP3A4 inhibition are unlikely in clinical practice.",0
W2023849602,Comparison of the Effects of Cetirizine and Ebastine on the Skin Response to Histamine Iontophoresis Monitored with Laser Doppler Flowmetry,"BACKGROUND: The administration of histamine with iontophoresis is an alternative method to skin prick tests or intradermal injections. Skin reactions obtained with this method can be recorded with laser Doppler flowmetry (LDF) and previous studies with this method have shown histamine-induced laser Doppler changes in the wheal area. OBJECTIVE: In order to compare the influence of two H1 receptor antagonists (cetirizine 10 mg vs. ebastine 10 mg) on the skin vascular responses to histamine introduced by iontophoresis, we designed a double-blind, randomized, two-period crossover trial in which 18 volunteers were randomized. METHODS: Before and 2, 5 and 7 h after drug administration, iontophoresis (30 s, 1.4 mA/cm2) of histamine 10% was performed and followed by (1) monitoring of skin vascular responses with LDF at the administration site and at 1 cm from it, and (2) wheal and flare area measurements. RESULTS: 2, 5 and 7 h after intake of the antihistaminic drug, there were significant differences between both drugs. Concerning LDF recordings, we noted at the histamine administration site an increase in perfusion unit (PU) values which is an effect known to be in proportion to the degree of inhibition of wheal reaction, and at 1 cm distal to the histamine administration site, there was a decrease in PU values. These changes were more marked under cetirizine. A greater suppressive effect of cetirizine on the wheal and flare reaction was consistently observed at all time points during the study, demonstrating its superior efficacy. CONCLUSION: We conclude that (1) cetirizine demonstrated a stronger antihistaminic effect compared to ebastine at all time points; (2) iontophoresis appears to be an appropriate method to study specific microvascular changes at the delivery site of histamine and hence to detect the earliest changes occurring at the site of agonist-antagonist competition in the skin.",0
W1506237988,Prescription‐event monitoring—recent progress and future horizons,"Post-marketing surveillance (PMS) is essential because the safety database on newly licensed drugs is limited by both the number and characteristics of the patients involved. In the UK, for example, successful applications for product licences for medicines containing new active substances include, as a safety database, information on a median number of 1480 (range 129–9400) patients [1]. Most of these patients will have been carefully chosen to have only one disease being treated with one drug. Few, if any of them, will be typical of the patients likely to receive the drug once it has been marketed. The identification of uncommon, even if serious or lethal, adverse reactions from such a small number of highly selected patients is unlikely. This led the Committee on Safety of Drugs (the forerunner of today's Committee on Safety of Medicines) to conclude that ‘It is well recognised that no drug which is pharmacologically effective is without hazard. Furthermore not all hazards can be known before a drug is marketed: neither tests in animals nor clinical trials in patients will always reveal all the possible side effects of a drug. These may only be known when the drug has been administered to large numbers of patients over considerable periods of time’. The Committee on Safety of Drugs Annual Report [2] which contained these remarkable conclusions was for 1969/1970. Thus, for almost 30 years it has been recognised that drug safety in clinical practice cannot depend solely upon pre-marketing data. The backbone of the post-marketing techniques that have been developed to survey the use of newly marketed drugs in large populations is provided by the hypothesis-generating methods, including spontaneous adverse drug reaction (ADR) reporting and prescription-event monitoring (PEM). The findings of such studies can be confirmed or refuted by hypothesis-testing techniques, such as case-control or cohort studies or randomised controlled clinical trials. Computerised clinical data are currently available from completed PEM studies of 58 newly marketed medicines and, as shown in Table 1, these studies have an average cohort size of 10 624 (median 11 081; range 1371–17 329) patients. Thus, PEM frequently enlarges the available safety database on newly marketed medicines. It also provides information on the ‘real-world’ use of these medicines: the data show the age, sex and geographical distribution that typifies the everyday clinical use of these drugs in general medical practice. This paper briefly reviews the methodology of PEM and the current and planned activities that relate to this technique. PEM is a non-interventional, observational cohort form of pharmacovigilance. It is non-interventional in the sense that nothing happens to interfere with the doctor's decision regarding which drug to prescribe for each individual patient. If ‘real-world’ data are required then this is essential. In the UK virtually all persons are registered with a general practitioner (GP) who provides primary health care and issues prescriptions (FP10s) for the medicines considered medically necessary. The patient takes the prescription to a pharmacist who dispenses the medication and then sends the FP10 to a central Prescription Pricing Authority (PPA) which arranges the reimbursement of the pharmacist. The Drug Safety Research Unit (DSRU) is, under long-standing and confidential arrangements, provided with electronic copies of all those prescriptions issued throughout England for the drugs being monitored by PEM. These arrangements continue for a collection period adequate to allow exposure data (FP10s) to be collected for twenty to thirty thousand patients. For each of these patients the DSRU prepares a longitudinal record comprising, in date order, all prescriptions for the monitored drug. Thus, in PEM, the exposure data are national in scope throughout the collection period and unaffected by the kind of selection and exclusion criteria that characterise clinical trials data. The exposure data are of drugs dispensed and provided to the patient but there is no method of measuring compliance or the use of non-prescription medication. After an interval of 3 to 12 (usually 6) months from the first prescription for each patient the DSRU sends to the prescriber a ‘green form’ questionnaire seeking information on any ‘events’ which may have occurred since the drug was first prescribed. This takes place on an individual patient basis but no more than four green forms are sent to each doctor in any 1 month. The green form is illustrated in Figure 1 which includes the definition of an event and shows the other information requested of the GP. The ‘Green Form’ questionnaire. The doctor is not paid to provide this information which is given in the interests of drug safety. The arrangements allow good contact between the doctor and the DSRU and this facilitates the collection of any follow-up data that may be considered necessary by the research physicians monitoring each study and working within the DSRU. All pregnancies during treatment or within 3 months of stopping the drug being monitored, and any deaths for which the cause is not known or which may be related to the medication, are followed up by contact with the GP, the Office for National Statistics or the authorities of the National Health Service. Over the 58 studies listed in Table 1 an average of 58.2% of the green forms have been returned by the GPs to the DSRU. The cohort sizes, as given in Table 1, are derived from the mean 52.0% of returned green forms which provide clinically useful data. It should be noted that PEM collects event data and does not ask the doctor to determine if any particular event is due to an adverse drug reaction (ADR). If, however, the doctor does consider the event to be an ADR or he has completed a yellow card (a spontaneous adverse drug reaction report) regarding the event, then he is asked to indicate this on the green form. Each PEM study starts as soon as possible after the new drug has been marketed in England. Each study aims to collect clinically useful data on a minimum of 10 000 patients. The drugs to be included in the system are (as recommended by the 2nd Grahame-Smith Working Party Report [3]) those intended for wide-spread, general practitioner use. The exposure data are derived from the prescriptions written by GPs attending the patients; the outcome data are derived from the green forms completed by these same GPs. Each green form is seen by a medical or scientific member of the DSRU staff on the day of receipt so that important events can be investigated straight away. All data are computerised in the DSRU and important events, pregnancies and deaths are further investigated by the DSRU Research Fellows who can, with the permission of the GP, access the patient's life-time medical records, death certificate etc. Interim analyses are prepared to summarise the data on each study every 2500 patients. These analyses include a listing, by month since the beginning of treatment, of all events reported. They are, if possible, discussed with the Product Licence holder so that reporting obligations to the regulatory bodies can be fulfilled. PEM is undertaken in a collaborative but never commissioned relationship with the drug originator. The DSRU is an independent registered medical charity (No.327206) but is extensively supported by donations from the pharmaceutical industry. The methodology of PEM is summarised in Figure 2 and further details including the methods of data coding, computerisation and analysis, have been provided in recent publications [4-6]. Prescription-event monitoring (PEM) method. PEM provides a numerator (the number of reports) and a denominator (the number of patient-weeks or months of exposure), both collected within a known time frame (the difference, for each patient, between the start and stop dates of the drug being monitored). The IDs are then ranked to give estimates of the frequency of reported events. An example, for lamotrigine, is given in Tables 2a and 2b. These tables show the IDs of the five most commonly reported events with this anti-epileptic agent. Extensive additional examples, giving the ranked IDs for 40 drugs examined by PEM, have recently been provided in a separate publication [4]. The green form asks the doctor to specify the ‘Reason for stopping’ the drug being monitored if, in fact, treatment was stopped. The DSRU has collected this information since 1987 and has computerised the results since 1991. For 21 long-term use drugs, the ‘Reasons for stopping’ (in terms of the number of reports of each event) have been compared with the IDs for the first month of therapy in each individual patient (ID1 ). As an example, data for the proton-pump inhibitor, lansoprazole, are given in Table 3. A number of other examples have been recently published [5, 6]. The top ten reasons for stopping have been compared with the top ten ID1 values for the 21 drugs. Sixteen (76%) of the 21 drugs had seven or more events common to both lists. For these 21 drugs it is possible to quantify the degree of correlation between ‘Reason for stopping’ and ID1 and work continues on studying this correlation and its clinical significance. All pregnancies reported during PEM studies are followed up by the medical and scientific staff of the DSRU in order to determine the outcome in those babies exposed in utero to the drugs being monitored. A recent report [7] has shown that 2508 pregnancies have been followed up in 34 PEM studies. The study drug was known to have been dispensed during 904 of these pregnancies (839 during the first trimester and 65 during the second/third trimesters). The first trimester pregnancies produced 553 live births among which 20 (3.6%) abnormalities were reported. These data will soon be published in final and amended form because they add substantially to those currently available. This work is of interest as these observational data may be of especial value to those who need to advise on the care and continuation of pregnancies exposed to newly marketed medicines. Signals can be generated by an event having an unusually high ID or high ranking in the ‘Reasons for stopping’ medication. Alternatively, it may be noticed that the pattern of the number of reports from week to week or month to month may suggest a relationship to exposure to the drug being monitored. Such a signal can be strengthened by comparing the age and sex adjusted relative risks of the drug being monitored with these values for comparable drugs already studied by PEM. Such comparisons can be stratified by time period and are facilitated by the existing size of the PEM database. They are at their best when the comparator drugs and the monitored drug have the same indication for clinical use. Nested case-control studies can also be undertaken when necessary. Statistically confirmed signals can be validated by medical follow-up of each report for the event concerned so that the nature of an apparent association (chance, bias, confounding, channelling or causality etc.) can be explored. The most recently published confirmed and validated signal was gynaecomastia with finasteride [8]. This side effect was detected prior to the relevant specific warning being included in the data sheet for the drug. We have also reported on visual field defects in patients taking vigabatrin [9], the incidence of hallucinations associated with tramadol [10], gastrointestinal intolerance due to acarbose [11] and oesophageal reactions associated with alendronate [12]. Delayed reactions can be detected by sending out further questionnaires relating to those patients shown in the initial PEM survey to be receiving long-term medication. One such study has provided reassuring data on the safety of long-term lamotrigine in epilepsy [13] and a similar study is planned to explore further the problem of visual field defects in patients taking vigabatrin [9, 14]. Whenever delayed or long latency reactions are suspected or need to be excluded the incidence densities for each month of the study can be tested for trend effects and repeat surveillance with a second set of green forms or questionnaires can be sent out, as with lamotrigine [13]. The PEM database provides a valuable opportunity to study diseases as well as drugs. It has been noticed that the incidence density of upper respiratory tract infections in the first month of exposure to long-term medications (ID1 ) varies only slightly from that in the second to sixth months of therapy (ID2 ). This is perhaps to be expected for such infections occurring during the use of newly marketed drugs of the types studied are unrelated to either the drug or the disease being treated. A report [15] on this study is in press and further studies of diseases are in progress. Spontaneous reporting schemes such as that in the UK are concerned only with suspected ADRs. They depend on the suspicion of the reporter that the reaction may be due to a drug. They rely on the clinician taking the initiative to report. PEM, by contrast, is concerned with all events: it does not require the clinician to make a judgement regarding causality, and it prompts the making of a report by issuance of the green form. PEM is best regarded as a hypothesis-generating method of pharmacovigilance. Hypothesis testing methods include case-control studies, comparative cohort studies and randomised controlled clinical trials. As an example of these methods, the protocol for a retrospective nation-wide study of myocardial infarction and oral contraceptives [16] has been published by the DSRU and the study is in progress. The advantages of PEM are that it is non-interventional (and thereby minimises the biases that occur when the study design interferes with the doctor's choice of drug for the individual patient), that it is national in scale (so that the cohort comprises all patients in England given the drug immediately after its launch into general practice) and that the system prompts all prescribers who automatically receive a green form for each patient prescribed the drug being monitored. These features ensure that the studies are population based and that they disclose the real-life clinical experience with the drug: there are no exclusions and all patients prescribed the drug are monitored even if they are very old, very young, or receiving several drugs concurrently for multiple illnesses. Because the data are concerned with events the system could theoretically detect side-effects which none of the doctors has suspected to be due to the drug. Additionally, the technique allows direct contact between the doctors working in the DSRU so that follow-up surveillance of individual cases, deaths or pregnancies can be undertaken. PEM can also explore the possibility of long-latency adverse reactions. Additional advantages accrue from the size of the PEM database which has been built up since 1984 using essentially unchanged methods of data gathering and computerisation. This database contains information on 58 drugs and over 600 000 patients. As time passes and more studies are completed (20 are currently in progress) the value of the database as a research tool increases progressively. The disadvantages and limitations of PEM are, however, real. Over the 58 separate studies listed in Table 1 an average of 58.2 (range 39.6 to 74.1) per cent of the green forms sent out have been returned. This represents riches compared with the reporting rate in spontaneous ADR reporting schemes but could conceal biases as we have not yet demonstrated whether the patients whose doctors do return the green forms are in any way different from those whose doctors fail to complete and return the questionnaire. Since 1984 the mean response rate has fallen only very slowly (at a rate of 1% per 2 years 10 months). PEM does not yet extend into hospital monitoring although pilot studies are underway. Thus, for drugs started in hospital it is important to follow-up reports of interest in order to identify the first prescriptions. Even so, a ‘survivor bias’ seems likely to operate because patients who both started and stopped a drug in hospital may never receive a GP prescription and may, therefore, be undetected by PEM in its present form. None of the current methods of pharmacovigilance is ideal in respect of this problem—hence the importance of extending PEM into hospital practice. An additional limitation is that there is no measure of compliance (although data are gathered on dispensed prescriptions only). As with other hypothesis-generating methods of pharmacovigilance the data may include unidentified confounders and this possibility limits the usefulness of the findings and may necessitate further studies using hypothesis-testing methods, such as randomised controlled clinical trials. Illegible prescriptions are not a problem in PEM as they are sorted out by the PPA. There is a possible bias introduced into the data if the patients of the doctors who do not return the green form differ from those of the responding doctors. We already know that these two groups of GPs differ very little in the distribution of ages in which they became principals or in their geographical distribution [17] but studies of this possible bias continue. A final problem is the operational difficulties concerned with collecting the outcome data by paper-based questionnaire. These practical problems will not disappear until fully computerised general practice is established throughout England. Future plans concern hospital monitoring, establishing a registry of iatrogenic diseases, monitoring by community pharmacists, pan-European monitoring by networking with other suitable units and the establishment of an investigational unit in which the mechanisms of some uncommon ADRs identified by PEM can be explored. Prescription-Event Monitoring is a valuable and well-established method of hypothesis-generating pharmacovigilance. Its use since 1984 has produced a substantial database which itself forms an important research tool. The future developments of this technique and of the other methods of pharmacoepidemiology associated with it have been outlined. I wish to thank the vast number of general practitioners who have taken part in these studies. I am also most grateful for the cooperation of the Prescription Pricing Authority and the NHS authorities. My colleagues and collaborators in these studies have been Dr Lynda Wilton, Dr Nick Dunn, Dr Fiona Mackay, Dr Richard Martin, Mrs Gill Pearce and Mr Shayne Freemantle. I also wish to thank Mrs Georgina Spragg for administrative assistance.",0
W1480524736,[Accidental cetirizine poisoning in a four-year-old boy].,"Cetirizine is a commonly used non-sedating antihistamine for the symptomatic relief of allergic reactions. Few reports exist on the result of overdose in children. We would like to report the result of a 12 fold overdose of cetirizine in a four-year-old-boy (weight 20 kg) who accidentally ingested 60 mg. Vomiting was induced 1 1/2 hour after ingestion in the out-patient clinic at the local hospital because of severe drowsiness. Due to continued lethargy he was transferred to the referral paediatric department for further observation. He was fully recovered after five to six hours without any treatment. Electrocardiographic monitoring was normal. Five incidents of cetirizine overdose in children have been reported previously. Drowsiness and sedation were observed, but no other side effects. The risk of cardiac events related to an overdose of cetirizine is extremely small. A certain degree of sedation is to be expected.",0
W2031199458,Efficacy and safety relative to placebo of an oral formulation of cetirizine and sustained‐release pseudoephedrine in the management of nasal congestion,"BACKGROUND: The aim of this study was to assess the clinical efficacy of an oral formulation of cetirizine 5 mg with sustained-release pseudoephedrine (PSE) 120 mg relative to placebo in patients with nasal congestion. METHODS: Twenty-four patients with perennial rhinitis due to house-dust-mite (HDM) allergy were recruited in this crossover study. A treatment period of 1 week, in which cetirizine/PSE was administered twice daily, was followed by a washout period of at least 2 weeks and a further period of 1 week in which the alternative treatment was given to each patient. Immediately after the first dose of each medication (day 1), nasal congestion and related symptoms were assessed during a 7-h challenge with HDM feces, with the Vienna Challenge Chamber (VCC), to investigate onset of action of the preparation. A second challenge of 3-h duration, carried out at least 12 h after the final dose, was undertaken after 1 week (mean) of twice-daily treatment to assess residual effects of the formulation after achievement of steady state. RESULTS: The oral formulation of cetirizine/PSE was significantly (P<0.001) superior to placebo in improving nasal obstruction during both challenges. The improvement in nasal airflow and nasal patency was significantly greater with cetirizine/PSE than with placebo (P<0.02). In addition, subjective assessment of nasal symptoms showed that cetirizine/PSE was significantly superior to placebo in both challenges for the sum of nasal obstruction scores (P<0.01). Both medications were well tolerated, and no serious adverse events occurred during the study. CONCLUSIONS: In this study, cetirizine/PSE relieved nasal congestion and other objective and subjective symptoms to a significantly greater extent than placebo. No serious adverse events occurred, and both regimens were equally well tolerated.",0
W2031292854,Mometasone Furoate,,0
W2070243063,Dose proportionality and comparison of single and multiple dose pharmacokinetics of fexofenadine (MDL 16 455) and its enantiomers in healthy male volunteers,"The pharmacokinetics and dose proportionality of fexofenadine, a new non-sedating antihistamine, and its enantiomers were characterized after single and multiple-dose administration of its hydrochloride salt. A total of 24 healthy male volunteers (31 +/- 8 years) received oral doses of 20, 60, 120 and 240 mg fexofenadine HCl in a randomized, complete four-period cross-over design. Subjects received a single oral dose on day 1, and multiple oral doses every 12 h on day 3 through the morning on day 7. Treatments were separated by a 14-day washout period. Serial blood and urine samples were collected for up to 48 h following the first and last doses of fexofenadine HCl. Fexofenadine and its R(+) and S(-) enantiomers were analysed in plasma and urine by validated HPLC methods. Fexofenadine pharmacokinetics were linear across the 20-120 mg dose range, but a small disproportionate increase in area under the plasma concentration-time curve (AUC) (< 25%) was observed following the 240 mg dose. Single-dose pharmacokinetics of fexofenadine were predictive of steady-state pharmacokinetics. Urinary elimination of fexofenadine played a minor role (10%) in the disposition of this drug. A 63:37 steady-state ratio of R(+) and S(-) fexofenadine was observed in plasma. This ratio was essentially constant across time and dose. R(+) and S(-) fexofenadine were eliminated into urine in equal rates and quantities. All doses of fexofenadine HCl were well tolerated after single and multiple-dose administration.",0
W2027789378,In vivo and ex vivo inhibitory effects of loratadine on histamine release in patients with allergic rhinitis,"BACKGROUND: The aim of this study was to evaluate the in vivo and ex vivo effects of the H1-antagonist loratadine on histamine release. METHODS: The study was designed as a double-blind, crossover trial. Ten patients with allergic rhinitis due to Dermatophagoides pteronyssinus were treated with loratadine (10 mg daily p.o.) and with placebo for 1 week, with a 2-week interval between the two treatments. Nasal lavages with saline solution were done before and after challenge with the relevant allergen at the end of treatments with loratadine and placebo. Venous blood was taken after treatments, and basophil histamine release induced by anti-IgE (10 microg/ml), N-formyl-methionyl-leucyl-phenylalanine (fMLP, 1 microM), and Ca2+ ionophore A23187 (1 microM) was evaluated by an automated fluorometric method. RESULTS: Treatment with loratadine attenuated early antigen-induced nasal obstruction, rhinorrhea, and itching. Nasal symptoms were accompanied by a significant histamine release in the nasal lavages collected 5 min after stimulation when the patients received placebo (median 4 ng/ml, range 1-28; P < 0.05). After treatment with loratadine, histamine release in the 5-min postchallenge lavages was almost abrogated (median 0.5 ng/ml, range 0-3; P < 0.01 vs placebo). Median anti-IgE-induced histamine release from basophils was 41.9% (range 27.8-79.2) after placebo and 30.0% (range 1.7-73.3, P < 0.05) after loratadine. Active treatment exerted an inhibitory effect also on basophil histamine release induced by fMLP and Ca2+ ionophore A23187. CONCLUSIONS: Treatment for 1 week with loratadine reduces allergen-induced nasal symptoms and inhibits in vivo and ex vivo histamine release in patients with allergic rhinitis.",0
W2347756509,Comparative study between fluticasone propionate and cetirizine in the treatment of allergic rhinitis.,"Among the most frequently used drugs in the treatment of allergic rhinitis we have to mention topical nasal corticosteroids and H1 antihistamines used both systemically and topically. The present study focused the effectiveness and tolerability of cetirizine and fluticasone propionate in seasonal allergic rhinitis. 54 patients, divided into three homogeneous groups, underwent the following different treatments: Group 1: Placebo of fluticasone (2 puff per nostril once daily by aerosol) + cetirizine (10 mg/die per os) for 60 days. Group 2: Fluticasone (100 mg per nostril once daily by aerosol) + placebo of cetirizine (per os) for 60 days. Group 3: Cetirizine (10 mg/die per os) for 60 days + fluticasone (100 mg per nostril once daily by aerosol) for 20 days. The patients reported nasal symptoms (sneezing, obstruction, itching, rhinorrea) on a clinical diary. ECP levels in nasal secretions were investigated in all patients to determine the anti-inflammatory activity of both treatments. Cetirizine resulted very effective in the treatment of sneezing, itching and acqueous rhinorrea whereas not much effective on nasal obstruction. On the contrary, fluticasone, which acted effectively on nasal obstruction, resulted inefficacious on the other symptoms. The third group of patients achieved the best results on all four symptoms, including obstruction, which continued even after interrupting the treatment with fluticasone. The ECP levels were significantly reduced by both treatments. The side effects in all 3 groups were rare and not serious. From these results we can assert that the synergic action of the two drugs, achieves the best effectiveness, that the fluticasone treatment can be limited to 20 days cycles and finally that both molecules are well tolerated.",0
W47817786,Second-Generation Antihistamines,,0
