id,title,abstract,label
W2089044765,Migraine: A “Woman's Disease?”,"Migraine, a chronic disorder characterized by episodes of headache, has a profound effect on the well-being and general functioning of its victims, not only during the acute attacks, but also in terms of impairment of school achievement, work performance, and family/social relationships. Despite staggering social and economic costs, it remains under-diagnosed and under-treated worldwide. Migraine has been labeled a ""woman's disease"" because it is three times more common in women than men, the attacks tend to be more severe and disabling among women and, in some women, they seem to be modulated by such hormonal ""milestones"" as menarche, menstruation, pregnancy and menopause. After a brief review of the diagnosis of migraine, this article will examine the nuances responsible for that label and their implications for treatment.",0
W2016747127,Sumatriptan is Effective in the Treatment of Menstrual Migraine: A Review of Prospective Studies and Retrospective Analyses,"Menstrual migraine may be debilitating, long-lasting, and refractory to treatment. Because the efficacy and tolerability of abortive and prophylactic treatment options for menstrual migraine have generally not been evaluated in controlled clinical trials, treatment choices are often made on the basis of personal experience and anecdotal reports. This article reviews evidence from retrospective analyses and prospective studies showing that sumatriptan injection and tablets are effective and well tolerated in menstrual migraine. (1) Sumatriptan injection 6 mg was as effective in the treatment of menstrual migraine attacks as it was for nonmenstrual attacks in a retrospective analysis of data from two randomized, double-blind, placebo-controlled, parallel-group trials (n = 1104). In the menstrual migraine group, 80% of women treated with sumatriptan injection 6 mg compared with 19% of placebo-treated patients reported headache relief 1 h postdose (p < 0.001). (2) Sumatriptan injection 6 mg was effective in the acute treatment of menstrual migraine attacks in a prospective, double-blind, placebo-controlled, parallel-group, two-attack study (n = 226). Across the two attacks, 70-71% of patients treating menstrual migraine attacks with sumatriptan injection 6 mg compared with 22-24% of placebo-treated patients reported headache relief 1 h postdose (p < 0.001). (3) Sumatriptan tablets 100 mg were effective in the acute treatment of menstrual migraine attacks in a prospective, double-blind, placebo-controlled, crossover study in women diagnosed with menstrual migraine (n = 115). For menstrual migraine attacks, headache relief 4 h postdose was reported by 67% of sumatriptan-treated patients compared with 33% of placebo-treated patients. Sumatriptan injection and tablets were generally well tolerated in these studies, in which adverse events were characteristic of those typically observed in sumatriptan acute migraine clinical trials. These data demonstrate that sumatriptan injection and tablets are effective and well tolerated in the treatment of menstrual migraine.",0
W2029302633,Comparing Dihydroergotamine Mesylate and Sumatriptan in the Management of Acute Migraine,,0
W2058559902,The Impact of Drug Therapy on Quality of Life in Headache and Migraine,,0
W2015529499,Sumatriptan,,0
W2119748128,A Multinational Investigation of the Impact of Subcutaneous Sumatriptan,,0
W2008672565,A Multinational Investigation of the Impact of Subcutaneous Sumatriptan,,0
W2595063819,A Multinational Investigation of the Impact of Subcutaneous Sumatriptan,,0
W2029906072,A Multinational Investigation of the Impact of Subcutaneous Sumatriptan,,0
W2414295096,Cost-effectiveness of sumatriptan in a managed care population.,"We conducted an open-labeled study to determine whether sumatriptan is more cost-effective than other therapies used to treat migraine headache. We contacted by phone 220 sumatriptan users enrolled in QualMed, a health maintenance organization (HMO) in Spokane, Washington. Of these, 203 met the inclusion criteria and 164 (81%) completed our telephone survey. The main outcome measures were healthcare costs to the HMO and number of days free of migraine-related disability before and after sumatriptan treatment. Before sumatriptan treatment, 89% of patients reported severe migraine, compared with 63% after sumatriptan treatment. The number of monthly migraine disability days decreased from 6.5 days per month before sumatriptan to 3.9 days per month after sumatriptan. Healthcare utilization rates (ie, number of hospitalizations, emergency department visits) and costs were lower after the patients began taking sumatriptan. The number of different over-the-counter medicines and prescription medications (other than sumatriptan) taken for migraine disabilities decreased. Although total drug expenditures per month increased, the total migraine healthcare expenditure was 41% lower after sumatriptan was initiated. The cost-effectiveness ratio was 47% more favorable after patients started taking sumatriptan. Overall, patients reported fewer migraine-related disabilities, had lower migraine severity scores, and used fewer healthcare resources when taking sumatriptan. These changes resulted in a better cost-effectiveness ratio for migraine treatment.",0
W2002101128,MSQ: Migraine-Specific Quality-of-Life Questionnaire,,0
W1607713413,The haemodynamic effect of the 5HT<sub>1</sub> agonist BMS‐180048: a class effect of triptans?,"AIMS: To investigate the effects of an intravenous infusion of BMS-180048, a novel 5HT1-like agonist, on the systemic, pulmonary and coronary circulations in patients undergoing diagnostic cardiac catheterisation. METHODS: Ten patients (mean age 55 years (range 41-65)) were studied during diagnostic cardiac catheterisation. The haemodynamic response to an intravenous (i.v.) infusion for 30 min of BMS-180048 (0.56 mg kg(-1) h(-1) for 10 min and 0.39 mg kg(-1) h(-1) for 20 min) was assessed via a 7F Swan Ganz catheter and thermodilution cardiac output system. Quantitative coronary angiography was performed at 10 min intervals. RESULTS: BMS-180048 caused a significant increase in systemic arterial systolic blood pressure (rise of 32.5 mmHg, 95% CI 24,44.5) P=0.009), pulmonary artery systolic (12.2 mmHg, 95% CI 6.8,18.5; P=0.009) and diastolic pressures (8.5 mmHg, 95% CI 5.0,13.8; P=0.009), right atrial pressure (4 mmHg, 95% CI 1.5,5.2; P=0.013) and pulmonary capillary wedge pressure (9.5 mmHg 95% CI 5.2,14.0; P=0.09). There was no significant change in cardiac output (0.1 l min(-1), 95% CI -0.17,0.57, P>0.05). Mean coronary artery diameter in the proximal coronary segments decreased by 0.73 mm (95% CI -1.22,-0.15; P=0.03) at 35 min. The corresponding reduction in middle segments was 0.26 mm (95% CI -0.395,-0.08; P=0.02). There was a non-significant trend to constriction in the most distal segments of 0.28 mm (95% CI -0.68,0.015); P=0.06). One patient experienced chest pain with ECG changes suggestive of ischaemia. CONCLUSIONS: BMS-180048 displayed a cardiovascular profile similar to that previously reported for sumatriptan. These changes appear to reflect a class effect of these agents.",0
W2019660771,Sumatriptan nasal spray: a dose‐ranging study in the acute treatment of migraine,"This multicentre, randomized, double-blind, placebo-controlled, parallel group dose-ranging study compared the efficacy and tolerability of four doses of sumatriptan nasal spray (2.5, 5, 10 and 20 mg) with a placebo, in the acute treatment of a single migraine attack. In total, 544 patients received the study medication as a single spray in one nostril, to treat a single migraine attack in the clinic. Efficacy assessments included the measurement of headache severity, clinical disability, and the presence/absence of associated symptoms. The incidence of headache recurrence was also assessed. The three highest doses of sumatriptan (5 mg 49%, 10 mg 46%, 20 mg 64%) were significantly better than the placebo (25%) at providing headache relief (moderate or severe headache improving to mild or none) 120 min after treatment (P </= 0. 01). Also, the 20 mg dose was significantly superior to both the 10 and 5 mg doses at this time point (P < 0.05). The proportion of patients who were headache-free 120 min after treatment, was also higher following 20 mg (42%) rather than following any other sumatriptan dose (14-24%, P < 0.005 20 vs 10 mg) or placebo (11%). Headache recurrence in patients who had responded to initial treatment was reported by 30-41% of patients who received sumatriptan, compared with 33% of patients in the placebo group. Sumatriptan nasal spray was well tolerated, the incidence of adverse events with each dose of sumatriptan being similar to the placebo (20-27 and 23%, respectively). Apart from bad/bitter taste, the events were comparable with those reported following sumatriptan treatment by other routes of administration.",0
W2051929877,"A Double-Blind, Randomized, Crossover Assessment of Blood Pressure Following Administration of Avitriptan, Sumatriptan, Or Placebo To Patients with Mild To Moderate Hypertension","We examined the effects of avitriptan, a 5-hydroxytryptamine 1-like (5HT1) receptor agonist for the treatment of migraine, in patients with medicated, controlled, mild to moderate hypertension relative to placebo and sumatriptan. The study was randomized, double-blinded, placebo-controlled, and 4-way crossover in design. Twenty patients (12M, 8F) participated. As required by protocol, all were stable on medications for mild to moderate hypertension, with a supine diastolic blood pressure of < 95 mmHg. Qualified subjects were randomized to receive oral administration of either 75 or 150 mg of avitriptan, 100 mg sumatriptan or placebo during the four treatment visits. Supine blood pressure and pulse rates were recorded up to 24 h after drug administration. Avitriptan 150 mg significantly increased peak diastolic and systolic blood pressure, and mean arterial pressure compared to placebo and sumatriptan 100 mg (p < 0.05). Only those hypertensive patients receiving medication for hypertension should receive anti-migraine medications, such as avitriptan, which are 5HT1-like receptor agonists.",0
W2048267141,Effects of Zolmitriptan (Zomig<sup>TM</sup>) on Central Serotonergic Neurotransmission as Assessed by Active Oddball Auditory Event-Related Potentials in Volunteers without Migraine,"In this randomized, double-blind, three-period crossover trial, 24 healthy volunteers without migraine received zolmitriptan 5 mg, dexfenfluramine 15 mg or placebo orally. At 2, 6, and 24 h postdose, auditory stimuli of 1000 Hz (nontarget tone) and 2000 Hz (target tone) were randomly and binaurally presented in an active oddball paradigm (4:1 ratio). Cortical auditory evoked responses were recorded for 500 msec poststimulus. Plasma concentrations of zolmitriptan and a 17-lead quantitative EEG were assessed at the same timepoints. Relative to placebo, zolmitriptan reduced the maximum absolute amplitude, amplitude difference (from nontarget tone noise) and area under the curve of the cortical auditory target tone event-related potential (P300 ERP). The most dramatic effect of zolmitriptan was to diminish the point estimate of noise during the 200-400 msec poststimulus epoch. The effect of zolmitriptan appeared concentration dependent. The latency of the P300 ERP was unaffected by zolmitriptan and there was no clinically significant effect on the EEG. Modification by zolmitriptan of the cortical electrical activity evoked by auditory stimuli confirms a central action of this drug in humans, which appears to affect cortical information processing without global alteration of the quantitative EEG.",0
W2034759674,Naratriptan is effective and well tolerated in the acute treatment of migraine,"To the Editor:

The publication on the efficacy of the new second-generation 5-hydroxytryptamine (5HT)1B/1D agonist naratriptan in the acute treatment of migraine is remarkable for the data that are not presented. In our view there are fundamental problems, not in the design of the trial, but in the data presentation and the discussion in relation to the other 5HT1B/1D agonists. Headache severity was rated 0.5, 1, 1.5, 2, 3, 4, 8, 12, and 24 hours after the initial dose of study medication. However, headache relief, a decrease in headache from severe or moderate to none or mild, is only reported at 4, 8, 12, and 24 hours. Readers are told that from 60 minutes both the 1-mg and 2.5-mg dose of naratriptan are significantly better than placebo ( p < 0.001) but no substantiating data are presented. Given what seems to be a trial of very high power, with 586 to 602 patients per group receiving three doses of naratriptan and placebo in a crossover design,10 why are data for the very important early time points not presented when we know that patients value speed of onset?11 Some early time points were presented at the American Academy of Neurology meeting (Boston, 1997), and we ask that the authors provide …",0
W1982886878,Changes in Resource Use and Outcomes for Patients With Migraine Treated With Sumatriptan,"BACKGROUND: Migraine headaches result in significant patient suffering and high costs to managed care organizations and employers. Studies that evaluate patient outcomes and the financial consequences of migraine treatment are important from a clinical and an economic perspective. METHODS: This prospective, observational study assessed the outcomes of migraineurs in a mixed model staff/ independent practice association managed care organization for patients previously diagnosed as having migraine who received their first prescription for sumatriptan. Data collected included medical as well as pharmacy claims and patient surveys to measure changes in satisfaction, health-related quality of life, workplace productivity, and nonworkplace activity after sumatriptan therapy was initiated. RESULTS: A total of 178 patients completed the study. Results showed significant decreases in the mean number of migraine-related physician office visits, emergency department visits, and medical procedures in the 6 months after sumatriptan therapy compared with the 6 months before sumatriptan was used (P<.05). Four of the health-related quality-of-life dimensions and the physical component summary score measured by the SF-36 (which is a valid, reliable general health status instrument) showed significant improvements at 6 months compared with patients' scores before use of sumatriptan (P<.05). Health-related quality of life measured by the disease-specific instrument MSQ (Migraine-Specific Quality of Life Questionnaire-Version 1.0, 1992 Glaxo Wellcome Inc, Research Triangle Park, NC) showed significant improvement at 3 and at 6 months compared with baseline scores (P<.05). There were also improvements in patient satisfaction and significant reductions in time lost from workplace productivity and nonworkplace activity. CONCLUSION: In the 6 months after sumatriptan therapy was initiated, health care resource use and time lost from workplace productivity and nonworkplace activity were reduced, while health-related quality of life and patient satisfaction scores improved for the managed care migraineurs enrolled in this study.",0
W2119689333,"Migraine headaches: nutritional, botanical and other alternative approaches.","Migraine headaches are an increasingly common health problem with a wide range of potential etiological factors. Stress, food allergies, neuroendocrine imbalances and nutritional deficiencies all may contribute to migraine attacks. Many nutritional and botanical therapies aim to reduce migraine incidence by decreasing platelet aggregation and preventing the release of vasoactive neurotransmitters, and avoiding triggering foods. This article reviews much of the research on nutritional, botanical, dietary, and other alternative approaches to the treatment and prevention of migraines.",0
W1821924814,Pharmacokinetics and tolerability of oral rizatriptan in healthy male and female volunteers,"AIMS: The pharmacokinetics and dose proportionality of rizatriptan single oral doses from 2.5 to 15 mg administered as solutions to healthy volunteers were studied. METHODS: In a randomized, crossover study with four periods, twenty-four healthy volunteers (12 males and 12 females) took single oral doses of 2.5, 5, 10, and 15 mg rizatriptan in Periods 1-4. In a fifth period, subjects received 4 mg intravenous (i.v.) rizatriptan as a reference. Plasma and urine rizatriptan concentrations were determined at several timepoints/intervals for 12 and 24 h, respectively. RESULTS: The arithmetic mean AUC values following single oral doses of 2.5, 5, 10, and 15-mg rizatriptan were 16, 33, 72, and 127 ng ml-1 h, respectively, in males; and 19, 42, 97, and 161 ng ml-1 h, respectively, in females. The overall bioavailability (F ) of rizatriptan was approximately 40% in males. Following the 4 mg reference i.v. dose, the apparent plasma clearance (CL) and renal clearance (CLr ) were 1042 and 225 ml min-1, respectively, in males; and 821 and 174 ml min-1, respectively, in females. CONCLUSIONS: The disposition kinetics of oral rizatriptan were linear for doses of 2. 5-10 mg in males, and for doses of 2.5-5 mg in females. However, the degree of nonlinearity for higher doses was minor for both genders. The plasma concentrations of rizatriptan were slightly greater in women compared to men but the difference was not considered to be clinically meaningful. Also, the clearance of rizatriptan appeared to be mainly nonrenal.",0
W2025763259,Systematic Review and Guide to Selection of Selective Serotonin Reuptake Inhibitors,,0
W2064939810,Intracranial Vessels in Trigeminal Transmitted Pain: A PET Study,,0
W2400029285,Maintenance drug therapy of chronic obstructive pulmonary disease.,,0
W2323044310,Focus on Primary Care,"Women experience unique changes in headache pattern related to changes in their reproductive cycles.Changes predictably occur in association with menarche, menstrual cycling, the use of oral contraceptives, pregnancy, and menopause. These predictable headache changes are linked to changing levels of sex hormones. This article describes important relationships between estradiol and neurotransmitters involved in the pathogenesis of headache, such as serotonin. Treatment of headache in women includes the use of acute care and preventive treatments. The effectiveness of both medication and nonmedication treatments is reviewed. Also, unique aspects of treating headache with menstruation, pregnancy, and menopause are described. Target Audience Obstetricians & Gynecologists, Family Physicians Learning Objectives After completion of this article, the reader will be able to understand the incidence and prevalence of headaches in women, the different types of headaches and how they differ from each other, and be aware of the various treatment strategies for each of the various types of headaches.",0
W2062115942,"Acupuncture for migraine and headache in primary care: a protocol for a pragmatic, randomized trial",,0
W2010852238,Issues relating to the assessment of migraine recurrence following triptan therapy,,0
W2006969654,Prospective Large-Scale Study of the Tolerability of Subcutaneous Sumatriptan Injection for Acute Treatment of Migraine,"To investigate prospectively serious adverse events associated with sumatriptan injection, we studied 12,339 typical migraineurs for up to 12 months each. This study imitated the ordinary clinical use of sumatriptan injection except that: (a) a short, written informed consent was required, (b) there was a centralized, automated dispensing service that audited each patient's product use, (c) patients were sometimes reviewed by telephone, and (d) drug supply and medical consultation were without charge. All adverse events were recorded regardless of etiology. There were 25 fatalities during the study, none being attributable to sumatriptan injection. Of six strokes in the study, two occurred soon after treatment of a migraine attack with sumatriptan injection; whether these were migraine-related or drug-related is discussed. None of the three myocardial infarctions was due to sumatriptan injection use. We conclude that sumatriptan injection is well tolerated when used in accordance with labeling.",0
W1994412588,"Acute Treatment of Migraine Attacks: Efficacy and Safety of A Nonsteroidal Anti-Inflammatory Drug, Diclofenac-Potassium, in Comparison To Oral Sumatriptan and Placebo","BACKGROUND: Migraine attacks are often treated with simple analgesics or with ergotamine-containing preparations alone or in combination with anti-emetics. Although also sometimes used to treat migraine, nonsteroidal anti-inflammatory drugs (NSAIDs) have not been systematically evaluated in controlled clinical trials, particularly in comparison with the newer drug sumatriptan. Sumatriptan is a specific migraine treatment which has recently become among the most widely prescribed acute migraine therapies. However, while effective, it has low oral bioavailability and some problematic adverse effects. Diclofenac-potassium is a potent NSAID available as a fast-acting oral tablet, which has been shown to be safe and effective in several other acute pain indications. In the clinical trial reported here, the efficacy and safety of diclofenac-potassium in the acute treatment of migraine attacks has been tested in comparison with oral sumatriptan and placebo. METHODS: Single oral doses of 50 mg and 100 mg diclofenac-potassium were compared to a single oral dose of 100 mg sumatriptan and placebo in a double-blind randomized crossover trial in 156 adult patients suffering from migraine attacks, with or without aura, selected according to the International Headache Society diagnostic criteria. The primary efficacy criterion was migraine headache pain recorded on a visual analog scale at 2 h after dosing. Secondary endpoints included pain at other time points up to 8 h and the presence of accompanying symptoms (nausea, vomiting, photophobia, phonophobia). FINDINGS: Diclofenac-potassium was more effective than placebo in reducing migraine headache pain at 2 h after dosing, which was the primary endpoint. Secondary analyses showed that diclofenac-potassium provided significant pain relief from 60 min after dosing and for all remaining endpoints in the 8-h observation period. Both 50 and 100 mg doses of diclofenac-potassium were similarly effective. A similar effect was shown with sumatriptan; however, significant superiority to placebo was seen only from the 90-min time point. Diclofenac-potassium was generally superior to placebo or sumatriptan in reducing accompanying symptoms, particularly nausea. Diclofenac-potassium seemed to be as well tolerated as placebo, with fewer adverse events reported than after sumatriptan treatment and with more patients assessing the overall tolerability of diclofenac-potassium better than that of sumatriptan. INTERPRETATION: Compared with placebo and the reference therapy sumatriptan, diclofenac-potassium is an effective, fast-acting, and well-tolerated acute oral therapy for migraine attacks, with advantages over oral sumatriptan in terms of onset of analgesic effect, reduction of accompanying symptoms, and tolerability profile. It may therefore be useful as an alternative oral therapy for migraine attacks.",0
W2136167205,Efficacy Definitions for Migraine Studies,,0
W2077734687,"Altered oesophageal motility following the administration of the 5‐HT<sub>1</sub> agonist, sumatriptan","BACKGROUND: The 5-HT1 agonist sumatriptan, used in the treatment of migraine, can cause chest pain. AIM: To investigate the effect of a therapeutic dose of sumatriptan (6 mg s.c.) on oesophageal motility. METHODS: In 16 normal healthy subjects aged 19-32 years (9 males), the manometric response of the lower oesophageal sphincter (sleeve sensor), oesophageal body (four sites), stomach and pharynx (to register swallows) to 5 mL water swallows was assessed before and after a subcutaneous injection of either sumatriptan (6 mg) or saline control. Symptoms and ECGs were also monitored. RESULTS: Sumatriptan 6 mg s.c. altered oesophageal motility in all subjects. This was reflected by a significant increase in the amplitude of oesophageal body contractions (change from pre- to 1 h post-injection: sumatriptan 9.9 (2.8, 17.1) mmHg vs. placebo -0.8 (-4.2, 2.6) mmHg, difference 10.8 (4.4, 17.1) mmHg; P=0.003) and a transient increase in lower oesophageal sphincter pressure (change from pre- to 5 min post-injection: sumatriptan 10.9 (5.2, 16.6) mmHg vs. placebo 5.1 (1.8, 8.4) mmHg, difference 5.8 (-0.7, 12.3) mmHg; P=0.08). Sumatriptan had no effect on the velocity of propagation of oesophageal contractions (change from pre- to 1 h post-injection: sumatriptan -0.1 (-0.3, 0.1) cm/s vs. placebo -0.1 (-0.3, 0.0) cm/s, difference 0.1 (-0.1, 0.2) cm/s; P = 0.40). One subject experienced chest symptoms following sumatriptan and, although motility was altered, this did not reach pathological levels. No ECG abnormalities were observed. CONCLUSION: Sumatriptan (6 mg s.c.) significantly alters oesophageal motor function without affecting the ECG. It is therefore possible that sumatriptan-induced chest symptoms may have an oesophageal origin. The evaluation of similar therapeutic agents for migraine on oesophageal function may be justified.",0
W2040279643,Diclofenac-Potassium in Migraine,,0
W2087332758,Validation of a Migraine Work and Productivity Loss Questionnaire for use in Migraine Studies,"Migraine symptoms and therapy side effects cause significant functional disability that can result in work and productivity losses. Effective, well-tolerated migraine therapy with rapid onset of relief could decrease work and productivity losses. The Migraine Work and Productivity Loss Questionnaire (MWPLQ) evaluates the impact of migraine and migraine therapy on paid work. Data from a randomized, open-label extension study were collected over 3 months. Migraineurs were randomized to either rizatriptan (5HT1B/1D receptor agonist) or their usual migraine therapy. Data were analyzed from 164 patients who experienced at least one work-related migraine. Internal consistency (Cronbach's alpha) for the work difficulty domains ranged from 0.80 to 0.95. Work loss and work difficulty were moderately correlated (r = 0.39-0.58) with migraine severity and functional ability. Differences were found favoring rizatriptan for absenteeism (1.3 vs 2.4 h), effectiveness at work (62% vs 49%), and difficulty with work-related tasks (p < 0.01). The MWPLQ demonstrated favorable measurement characteristics in this study and could be an important research tool for future evaluations of migraine-related work disability.",0
W2045162596,Efficacy and Safety of Rizatriptan Wafer for the Acute Treatment of Migraine,"Rizatriptan is a potent, highly selective 5HT1B/1D agonist with rapid onset of action for acute treatment of migraine. Rizatriptan wafer is a novel, freeze-dried dosage formulation of rizatriptan which rapidly disintegrates on the tongue, is swallowed with saliva, and may be taken without liquids. The efficacy and tolerability of rizatriptan wafer were examined in a placebo-controlled, double-blind, outpatient study in 555 migraineurs. The primary efficacy endpoint was pain relief at 2 h. From 30 min onwards, significantly more patients experienced pain relief and became pain-free after rizatriptan 10-mg wafer compared to placebo. At 2 h, the percentage of patients with pain relief was significantly higher after rizatriptan 10-mg wafer (74%), 5-mg wafer (59%) compared with placebo (28%). Rizatriptan 10-mg wafer was superior to rizatriptan 5-mg wafer on pain relief at 1.5 and 2 h (p < 0.05). Significantly more patients were pain-free at 2 h after rizatriptan 10-mg wafer (42%), 5-mg wafer (35%) compared with placebo (10%). Both doses of rizatriptan wafer were well tolerated. Rizatriptan wafer is a convenient, highly effective new formulation for acute treatment of migraine.",0
W2025849837,Treatment of Migraine Headaches,,0
W2105032993,Naratriptan: An Alternative for Migraine,"OBJECTIVE: To critically evaluate the literature regarding naratriptan's clinical pharmacology, efficacy, safety, and indications. DATA SOURCE: A MEDLINE search was conducted for the period from January 1990 to June 1998. Key words used included naratriptan, triptan, serotonin agonists, migraine, and migraine therapy. In addition, pertinent references cited in articles obtained from MEDLINE and product information for triptans were reviewed. STUDY SELECTION AND DATA EXTRACTION: All original and review articles and abstracts pertaining to naratriptan were reviewed, as were product information extracts. Clinical trials of naratriptan were critically reviewed and compared with pertinent clinical trials of other oral triptans. DATA SYNTHESIS: The treatment of migraine has been dramatically improved with the use of sumatriptan, other triptans, and serotonin-receptor subtype 1B and 1D agonists. Drawbacks to these medications, however, have included poorly tolerated adverse effects and the recurrence of the migraine. Naratriptan has been recently approved for acute oral migraine therapy. In two Phase III trials of naratriptan compared with placebo, relief at four hours was obtained in 60% and 68% of patients using the 2.5-mg dose, with recurrence of headache in 24 hours in 27% and 28% of patients. The data on migraine recurrence were similar to those of other oral triptans; the efficacy of naratriptan at two hours was not specifically analyzed. Adverse effects of naratriptan were similar to placebo, and its tolerability seemed superior compared with studies of other oral triptans. CONCLUSIONS: Naratriptan is a promising new oral therapy for acute migraine; it may successfully treat patients who poorly tolerate other triptan therapies or have longer duration migraine headaches.",0
W2327810990,Effects of Subcutaneous Naratriptan on Systemic and Pulmonary Haemodynamics and Coronary Artery Diameter in Humans,"Naratriptan, an effective antimigraine agent, is a selective 5-hydroxytryptamine (5-HT1 )-receptor agonist with a pharmacologic profile similar to that of sumatriptan. The object of this study was to assess the haemodynamic effects of naratriptan in a clinical model previously applied to sumatriptan. Cardiac haemodynamics and coronary artery diameter were measured at baseline and after subcutaneous injections of placebo and naratriptan (1.5 mg, s.c.) in 10 patients undergoing diagnostic cardiac catheterisation. No statistically significant change in mean coronary artery diameter was observed after naratriptan [95% confidence interval (CI), -0.27-0.11 mm: p = 0.37]. Naratriptan injection was associated with statistically significant increases in systolic arterial pressure (95% CI, 7.6-22.0 mm Hg; p = 0.0015), total systemic vascular resistance (95% CI, 74-253 dyn/s/cc; p = 0.003), pulmonary artery systolic pressure (95% CI, 2.0-6.9 mm Hg; p = 0.003), pulmonary vascular resistance (95% CI, 3-34 dyn/s/cc; p = 0.025), and pulmonary artery wedge pressure (95% CI, 1.9-2.4 mm Hg; p = 0.009). Naratriptan, a selective 5-HT1-receptor agonist, caused a vasopressor response in the systemic and pulmonary arterial circulations but was not associated with coronary artery vasoconstriction.",0
W1597331979,The effects of moclobemide on the pharmacokinetics of the 5‐HT<sub>1B/1D</sub> agonist rizatriptan in healthy volunteers,"AIMS: The new 5-HT1B/1D agonist rizatriptan (MK-0462) has recently been registered for the treatment of migraine. Its primary route of metabolism is via monoamine oxidase-A (MAO-A). Antidepressants such as the MAO-A inhibitor moclobemide may be used in patients with chronic headache syndromes. Hence, this study aimed to investigate the interactions between rizatriptan and moclobemide. METHODS: In a double-blind, randomized, placebo-controlled, two-period cross-over study 12 healthy, young volunteers (six males, six females) were treated with moclobemide (150 mg twice daily) or placebo for 4 days. On the fourth day, a single dose of rizatriptan (10 mg) was administered, and subsequently blood and urine samples were collected for assay of rizatripan and N-monodesmethyl rizatriptan. Plasma concentrates of 3,4-dihydroxyphenylglycol (DHPG), a marker of MAO-A inhibition, were also assessed. Supine and standing blood pressure were measured regularly. RESULTS: Both treatments were well tolerated. During moclobemide, the increase in supine diastolic blood pressure following rizatriptan administration was augmented. Inhibition of MAO by moclobemide was inferred from a persistent decrease in DHPG level (43% on average). When rizatriptan was coadministered with moclobemide, the area under the plasma drug concentration-time profiles for rizatriptan and its N-monodesmethyl metabolite increased 2.2-fold (90% CI, 1.93-2.47) and 5.3-fold (90% CI, 4.81-5.91), respectively, when compared with placebo. Peak plasma drug concentrations for rizatriptan and its n-monodesmethyl metabolite increased 1.4-fold (90% CI, 1.11-1.80) and 2.6-fold (90% CI, 2.23-3.14), respectively, and half-lives of both were prolonged. CONCLUSIONS: Moclobemide inhibited the metabolism of rizatriptan and its active N-monodesmethyl metabolite through inhibition of MAO-A. Thus, moclobemide may considerably potentiate rizatriptan action. Concurrent administration of moclobemide and rizatriptan is not recommended.",0
W2397018685,Profiles of 5-HT 1B/1D agonists in acute migraine with special reference to second generation agents.,"The efficacy of 5-hydroxytryptamine 1B/1D (5-HT 1B/1D) agonists is related to their inhibitory effects on neurogenic inflammation, mediated through serotoninergic control mechanisms. Recently, a series of oral second generation 5-HT 1B/1D agonists (eletriptan, naratriptan, rizatriptan and zolmitriptan) have been developed and are reviewed in this paper. Their in vitro and in vivo pharmacological properties, clinical efficacy, drug interactions, and adverse effects are evaluated and compared to the gold standard in the treatment of acute migraine, sumatriptan.",0
W2418742769,Sumatriptan and ergotamine overuse and drug-induced headache: a clinicoepidemiologic study.,"Drug-induced headache, particularly ergotamine-induced headache, is a common problem in migraine treatment. Some case reports suggest that even the new serotonergic antimigraine drugs such as sumatriptan can lead to overuse and subsequent drug-induced headache. We performed a controlled study to identify the rate of sumatriptan overuse and sumatriptan-induced headache and compared it to the rate of ergotamine overuse and ergotamine-induced headache. Two thousand sixty-five consecutive heachache patients, all experienced in intake of sumatriptan (n = 631) or ergotamine (n = 620), were enrolled over a three-year study period. The rates of overuse and drug-induced headache and the clinical features of the subgroups were compared. Risk factors for sumatriptan overuse were identified. The rates of ergotamine and sumatriptan overuse were 14.2% and 3.5%, respectively (p < 0.001). Drug-induced headache could be found more frequently in cases of ergotamine overuse than in cases of sumatriptan overuse (68% versus 32%; p < 0.01). Development of sumatriptan overuse was most common in patients with previous drug-induced headache (68%), combined headache as the primary headache type (45%), and subcutaneous application of sumatriptan (45%). We conclude that sumatriptan intake can lead to overuse and subsequent drug-induced headache. The risk for overuse and drug-induced headache is significantly lower than in patients with ergotamine intake. This might be caused in part by the relatively short period of sumatriptan availability on the market. The new generation of serotonin-1B/D-receptor agonists in the treatment of headache should have a potential for overuse similar to that of traditional headache drugs.",0
W2031997750,"Efficacy and Safety of Intravenous Acetylsalicylic Acid Lysinate Compared To Subcutaneous Sumatriptan and Parenteral Placebo in the Acute Treatment of Migraine. A Double-Blind, Double-Dummy, Randomized, Multicenter, Parallel Group Study","Two-hundred-and-seventy-eight patients with acute migraine attacks with or without aura were treated in 17 centers with 1.8 g lysine acetylsalicylate i.v. (Aspisol; = 1 g acetylsalicylic acid), 6 mg sumatriptan s.c. or placebo using a double-blind, double-dummy, randomized, multicenter parallel group study design. Two-hundred-and-seventy-five of them fulfilled the criteria for efficacy analysis, corresponding to 119 patients treated with lysine acetylsalicylate (L-ASA), 114 with sumatriptan and 42 with placebo injections. Both treatments were highly effective compared to placebo (p < 0.0001) in decreasing headache from severe or moderate to mild or none (verbal rating scale, VRS, placebo = 23.8%). Sumatriptan showed a significantly (p = 0.001) better response (91.2%) compared to L-ASA (response 73.9%). Of the patients in the L-ASA-group, 43.7% were pain-free after 2 h; 76.3% after sumatriptan and 14.3% after placebo. It took patients on average 12.6 (L-ASA), 8.2 (sumatriptan), and 19.4 h (placebo) to be able to work again. There was no significant difference between treatment groups in recurrence of headache in responders within 24 h (18.2% L-ASA, 23.1% sumatriptan, 20% placebo). Accompanying symptoms (nausea, vomiting; photophobia, phonophobia, and visual disturbances) improved with both verum treatments to a similar extent. L-ASA was significantly better tolerated than sumatriptan (adverse events L-ASA 7.6%, sumatriptan 37.8%). In conclusion, subcutaneous sumatriptan and lysine acetylsalicylate i.v. are effective treatments for patients suffering from migraine attacks. Sumatriptan is more effective, but resulted in more adverse events.",0
W2016988616,Migraine: A Comprehensive Review of New Treatment Options,"Headaches are among the most common complaints reported to health care professionals and are classified by the International Headache Society as migraine, tension-type, or cluster, with additional subtypes. Classification and etiology of headache should be determined after thorough review of the patient's history. Once diagnosed, migraine can be treated by preventive or abortive measures. Recent developments add new options, including availability of drugs for intranasal administration (sumatriptan, dihydroergotamine) and 5-HT1B/1D agonists (rizatriptan, zolmitriptan, naratriptan, eletriptan). Although placebo-controlled trials are available, few comparative clinical trials of these agents have been conducted; however, important pharmacologic, pharmacokinetic, and clinical differences exist among the drugs.",0
W2078027889,Zolmitriptan-induced growth hormone release in humans: mediation by 5-HT 1D receptors?,,0
W2077723818,Symptomatic pharmacotherapy of migraine,,0
W2078764239,Zolmitriptan,,0
W2034740270,Vasoneuronal coupling in migraineurs after subcutaneous sumatriptan: a TCD study,,0
W1481198775,Changes in systolic time intervals—a non‐invasive marker for the haemodynamic effects of sumatriptan,"AIMS: This study assessed the use of systolic time intervals (STI) as a potential non-invasive marker of the haemodynamic effects of sumatriptan, a 5HT1 receptor agonist. METHODS: Twenty-six patients undergoing diagnostic cardiac catheterization participated. STIs were derived from haemodynamic pressure tracings at baseline, following placebo injection and following either subcutaneous (n=18) or intravenous injection (n=8) of sumatriptan. RESULTS: Sumatriptan (i.v. or s.c.) was associated with significant increases in mean arterial pressure (95% C.I. 9,14mmHg, P=0.0001), total electromechanical systole (95% C.I.8,36ms, P<0.0001), pre-ejection period (95%C.I. 8,21ms, P=0.0001) and left ventricular ejection time (95% C.I. 2,12ms, P=0.004). Conclusion STI responses were consistent with sumatriptan-induced changes in afterload. In summary, the measurement of STIs is a potential non-invasive method of investigating the influence of serotonergic compounds on the cardiovascular system.",0
W2155562430,"Migraine Polypharmacy and the Tolerability of Sumatriptan: A Large-Scale, Prospective Study","Polypharmacy (the prescription of more than one therapy for a single patient) and subcutaneous (s.c.) sumatriptan tolerability were prospectively studied in 12,339 migraineurs, each followed for up to 1 year. Inclusion/exclusion criteria were minimal and mirrored United States Imitrex labeling. Drug usage and compliance monitoring were automatically interfaced with prescription refill. Concomitant drugs were used by 79% of patients, with analgesics, antidepressants, and sedatives used most commonly. No adverse interactions between sumatriptan and neurological drugs were found, possibly reflecting relative inability of the former to cross the blood-brain barrier. No difference in cardiovascular adverse events was associated with oral contraceptive use, which was more common than expected. No other drug class influenced adverse event probability, although sample sizes for these comparisons was sometimes <400 patients. This study confirms the prevalence of polypharmacy in migraine, identifies the drugs used, and concludes that, on a population basis, the tolerability of s.c. sumatriptan, when used according to labeled instructions, is unaffected by these concomitant drugs.",0
W2137547383,"Open-Labeled Long-Term Study of the Efficacy, Safety, and Tolerability of Subcutaneous Sumatriptan in Acute Migraine Treatment","In a multicenter study, a long-term analysis was made of the efficacy, safety, and tolerability of subcutaneous (s.c.) sumatriptan in the acute treatment of migraine attacks over a period of up to 18 months. A total of 2263 patients took part in the study, all able to perform their own acute treatment of migraine attacks at home by s.c. administration of 6 mg of sumatriptan. A headache diary was used by each patient to record the various migraine parameters before the injection and 1 h and 2 h after it. A total of 43,691 attacks were treated and analyzed during the study period from October 1991 to June 1993. Therapy was successful in 89.5% of attacks. Freedom from headache was achieved in 71.0% of cases. In 22.7% of the attacks a second injection was administered on recurrence of the headache; 82.9% of the patients achieved an intraindividual therapy success rate ranging from over 80% to 100%. In the course of treatment there was no change in either the therapy success rate or in the frequency of attacks. Some 4.9% of the patients withdrew from the study because of insufficient efficacy or adverse events. A total of 44.5% of patients reported adverse events, and these were rated serious in the case of 1.7%. S.c. administration of sumatriptan for acute migraine therapy is an effective treatment method, with reliable action, that can be used with good tolerability provided the contraindications are taken into account.",0
W2025180868,Comparison of Rizatriptan 10 mg vs. Naratriptan 2.5 mg in Migraine,"Rizatriptan (MAXALT(TM), Merck & Co., Inc.) is a selective 5-HT(1B/1D) receptor agonist with rapid oral absorption and early onset of action for the acute treatment of migraine. This randomized, double-masked, double-dummy, placebo-controlled study compared rizatriptan 10 mg to naratriptan (NARAMIG(TM), AMERGE(TM), both Glaxo Wellcome plc) 2.5 mg in 522 patients treating a single migraine attack. Rizatriptan was more effective than naratriptan. Rizatriptan provided earlier headache relief than naratriptan (hazard ratio 1.62, p < 0.001), acting as early as 30 min. More patients were pain free at 2 h on rizatriptan than on naratriptan (44.8 vs. 20.7%, p < 0.001). Rizatriptan also provided earlier relief of associated migraine symptoms within 2 h than naratriptan and more patients had normal function at 2 h (39.3 vs. 22.6%, p < 0. 001). Both active treatments were effective compared to placebo. Both active treatments were well tolerated. The most common side effects with rizatriptan were dizziness, asthenia/fatigue, nausea and somnolence, while the most common side effects with naratriptan were dizziness and asthenia/fatigue.",1
W2072266462,Rizatriptan,,0
W1993683807,"Effect of Sumatriptan, A 5Ht1 Agonist, on The Frequency of Transient Lower Esophageal Sphincter Relaxations and Gastroesophageal Reflux in Healthy Subjects","OBJECTIVE: Meals increase the rate of transient lower esophageal sphincter (LES) relaxations, in part by gastric distension. The 5HT1 agonist sumatriptan reduces fasting fundic tone, prolongs the meal-induced fundic relaxation, and delays gastric emptying. We therefore hypothesized that sumatriptan might have a significant effect on the rate of postprandial transient LES relaxations and gastroesophageal reflux. We aimed to study the effect of sumatriptan on postprandial transient LES relaxations and reflux in healthy subjects. METHODS: Esophageal manometry and pH monitoring were performed in 13 healthy volunteers for 30 min before and 90 min after a semiliquid meal (790 kcal). Sumatriptan 6 mg subcutaneous (s.c.) or s.c. placebo were administered on separate days 30 min after the meal. RESULTS: Sumatriptan significantly increased postprandial LES pressure from 11.0 +/- 1.2 mm Hg to 17.6 +/- 1.2 mm Hg (p < 0.05). However, reflux events were not diminished. In the contrary, reflux was more frequent after sumatriptan than after placebo (3 [1.5-4.5]/30 min vs 2 [0-3]/30 min, p < 0.05). Transient LES relaxations were more frequent after sumatriptan, particularly in the second 30-min period after drug administration (3 [2.5-5]/30 min vs 2 [1.5-2]/30 min, p < 0.05). CONCLUSIONS: Sumatriptan prevents the natural decay in rate of transient LES relaxations that occurs after a meal and favors the occurrence of gastroesophageal reflux despite increasing LES pressure. The sustained postprandial high rate of transient LES relaxations after sumatriptan may be a consequence of a prolonged fundus relaxation and retention of meal in the proximal stomach.",0
W2062795928,Unbalanced Randomization Influences Placebo Response: Scientific Versus Ethical Issues Around the Use of Placebo in Migraine Trials,,0
W2132805893,Sumatriptan Nasal Spray in the Acute Treatment of Migraine: A Review of Clinical Studies,"Sumatriptan nasal spray is a single-dose device that delivers 5 mg, 10 mg, or 20 mg of sumatriptan (dosage availability dependent upon country) in a 0.1 ml aqueous solution to one nostril. The efficacy and tolerability of sumatriptan nasal spray have been assessed in a number of studies. It has been demonstrated that administering sumatriptan as a divided dose in both nostrils confers no advantage over administration in a single nostril. It appears from these studies that sumatriptan nasal spray is rapidly effective (with an onset of efficacy as early as 15 min postdose). The 20 mg dose is superior to the lower doses (5 mg, 10 mg) in terms of both time to onset of efficacy and the extent of migraine symptom relief. Sumatriptan nasal spray is consistently effective in the treatment of multiple migraine attacks (with 67% of patients treated with the 20 mg dose responding in at least two of three treated attacks) and with long-term use for up to 1 year. Apart from a bitter taste, the adverse event profile of sumatriptan nasal spray is comparable to that of placebo.",0
W1968407227,Single photon emission computed tomography op the brain with Tc-99m HMPAO during sumatriptan challenge in obsessive-compulsive disorder: Investigating the functional role of the serotonin auto-receptor,,0
W2143767990,"Rizatriptan, a Novel 5-HT&lt;SUB&gt;1D/1B&lt;/SUB&gt; Agonist for Migraine: Single- and Multiple-Dose Tolerability and Pharmacokinetics in Healthy Subjects","Rizatriptan is a novel 5-HT1D/1B agonist for relief of migraine headache. The pharmacokinetics, metabolite profiles, and tolerability of rizatriptan were examined in a multiple-dose study in healthy subjects. Rizatriptan (N = 24) (or placebo, N = 12) was administered as a single 10 mg dose, followed 48 hours later by administration of one 10 mg dose every 2 hours for three doses on 4 consecutive days, corresponding to the maximum daily dose for a migraine attack. The AUC of rizatriptan and its active N-monodesmethyl metabolite after three 10 mg doses was approximately threefold greater than the plasma concentrations following a single 10 mg dose. Metabolite profiles were similar after single and multiple doses. Adverse events during rizatriptan were mild and transient; similar events occurred during placebo, with a somewhat reduced incidence. Diastolic blood pressure tended to increase compared with placebo (approximately 5 mmHg), particularly on the first multiple-dose day (p < .01 vs. placebo). In conclusion, rizatriptan is well tolerated by healthy subjects during multiple-dose administration, with no unexpected accumulation of drug in plasma.",0
W2062507120,Lack of Pharmacokinetic Interaction between Sumatriptan and Naproxen,"Sumatriptan is a 5HT1D agonist used in the treatment of migraine. Nonsteroidal anti-inflammatory drugs, beta-blockers, and calcium channel-blocking antagonists are used in the prophylaxis of migraine. Hence, there is a need to investigate the interaction of these prophylactic drugs with sumatriptan. The interaction of sumatriptan with propranolol, flunarizine, pizotifen, and butorphanol were reported earlier. Naproxen is shown to be effective in prophylactic treatment of migraine. In this study, the authors have investigated the circadian rhythm effect of naproxen on the pharmacokinetics of sumatriptan at 1000 and 2200 hours. Twelve healthy volunteers were treated with 100 mg sumatriptan succinate either alone or along with 500 mg naproxen orally at either 1000 or 2200 hours in a randomized Latin square design with a washout period of 10 days. Serum samples were collected at predetermined time intervals and analyzed for unchanged sumatriptan by high-performance liquid chromatography. The pharmacokinetic parameters were calculated by using model-independent methods. Naproxen had no statistically significant (p > 0.05) effect on any pharmacokinetic parameters of sumatriptan both at 1000 and 2200 hours treatment. The results of this study suggest that no alteration in the sumatriptan dosage will be necessary for migraine patients taking naproxen prophylactic therapy.",0
W48338217,Eletriptan in acute migraine,"OBJECTIVE: To compare the efficacy, safety, and tolerability of oral eletriptan (20 mg, 40 mg, and 80 mg) with that of oral sumatriptan (100 mg) and placebo for the acute treatment of migraine. BACKGROUND: Eletriptan is a potent and selective agonist at human recombinant 5HT1B/1D receptors, with efficacy in animal models that predict antimigraine activity. In healthy volunteers, the pharmacokinetics of eletriptan are characterized by linear and rapid oral absorption. METHODS: Randomized, double-blind, parallel-group study conducted in 857 outpatients with a diagnosis of migraine according to the International Headache Society (IHS) criteria. Of these, 692 took study medication for one acute migraine attack and provided on-drug efficacy data. Subjects received either placebo, 100 mg of sumatriptan or 20 mg, 40 mg, or 80 mg of eletriptan for the treatment of an acute migraine attack. The primary endpoint was the percentage of patients with a headache response (improvement in pain intensity from moderate or severe to mild or none) at 2 hours after treatment. RESULTS: At the primary endpoint (2 hours after dosing), headache response rates were 24% (30/126) for placebo; 55% (63/115) for sumatriptan, 100 mg; 54% (70/129) for eletriptan, 20 mg; 65% (76/117) for eletriptan, 40 mg; and 77% (91/118) for eletriptan, 80 mg. There was a difference compared with placebo (p<0.001) for all doses of eletriptan, and at 2 hours there was a difference between sumatriptan, 100 mg, and eletriptan, 80 mg (p<0.001). Headache-free rates at 2 hours were superior to placebo (6%; p<0.001) for both the 80-mg dose of eletriptan (37%) and the 40-mg dose (29%), with the 80-mg dose also being superior to 100 mg of sumatriptan (23%; p<0.05). Eletriptan and sumatriptan were well tolerated, and the majority of adverse events were mild or moderate in intensity and transient. CONCLUSION: In this placebo-controlled trial, eletriptan, at selected doses, demonstrated superior efficacy, onset of action and patient acceptability in the acute treatment of migraine when compared with oral sumatriptan and placebo.",1
W2467164380,Newer intranasal migraine medications.,"Two new intranasal migraine medications, sumatriptan and dihydroergotamine mesylate, may offer specific advantages for patients who are seeking alternatives to various oral or parenteral migraine abortive therapies. Placebo-controlled clinical studies demonstrate that both intranasal forms are effective in relieving migraine headache pain, but published clinical trial information comparing these two intranasal medications with current abortive therapies is lacking. Both agents are generally well tolerated by patients, with the exception of mild, local adverse reactions of the nose and throat.",0
W2014893641,The Relationship between Repetitive Behaviors and Growth Hormone Response to Sumatriptan Challenge in Adult Autistic Disorder,,0
W2066795694,Influence of a 5HT1 receptor agonist on gastric accommodation and initial transpyloric flow in healthy subjects,"Sumatriptan, a 5HT1 receptor agonist, inhibits antral motor activity, delays gastric emptying and relaxes the gastric fundus. The aim of this study was to characterize the effect of sumatriptan on transpyloric flow and gastric accommodation during and immediately after ingestion of a liquid meal using duplex sonography. Ten healthy subjects were investigated twice on separate days. In random order either sumatriptan 6 mg (Imigran 0.5 mL) or a placebo were given s.c. 15 min before ingesting 500 mL of a meat soup. The subjects were examined during the 3-min period before ingestion of the liquid meal, the 3-min spent drinking the meal and 10 min postprandially. Sumatriptan caused a significant widening of both the gastric antrum (P=0.02) and the proximal stomach (P=0.01) 10 min postprandially as compared with placebo. It caused no significant differences in time to initial gastric emptying (P=0.2), but significantly delayed commencement of peristaltic-related transpyloric flow (P=0.04). Sumatriptan had no significant effect on mean abdominal symptom scores, but after sumatriptan there was a significant negative correlation between width of postprandial antral area and postprandial nausea and between width of postprandial antral area and postprandial bloating. We therefore conclude that sumatriptan causes a postprandial dilatation of both the distal and the proximal stomach with no change in dyspeptic symptoms nor in length of time to first gastric emptying. Time to commencement of peristaltic-related emptying is delayed.",0
W2415136871,"Efficacy and safety of sumatriptan 50 mg in patients not responding to standard care, in the treatment of mild to moderate migraine. The Sumatriptan 50 mg Italian Study Group.","The tolerability and efficacy of oral sumatriptan 50 mg for the treatment of mild to moderate migraine attacks were assessed in a double-blind, multicenter placebo-controlled study on a group of patients who had not responded sufficiently to analgesic preparations. Three-hundred-and-twenty-eight migraine sufferers treated a first migraine attack with a nontriptan standard care medication: a mixture containing phenazone, butalbital and caffeine (optalidon) or indomethacin plus prochlorperazine plus caffeine (difmetre) or paracetamol 100 mg (tachipirine), depending on their habits. Of these patients, 32.6% reported headache relief with this treatment and were not included in phase II of the study. The 219 patients not reporting relief during the first phase of the study entered the second phase and were randomized to sumatriptan 50 mg or to placebo; 167 of these patients treated a second attack according to the protocol and were evaluated for efficacy. Of the patients with migraine taking sumatriptan, 58% reported headache relief compared with 35% of placebo-treated patients (p = 0.008). The reduction of nausea and vomiting was significantly better in the sumatriptan group. No differences were detected for the recurrence rate, while rescue medication was used more by the placebo group. The safety profile of sumatriptan 50 mg was confirmed. This study demonstrates the usefulness of this dose of oral sumatriptan against the pain and the accompanying symptoms of mild and moderate migraine.",0
W2082767052,Percutaneous Retrogasserian Glycerol Rhizolysis for Treatment of Chronic Intractable Cluster Headaches: Long-term Results,"OBJECTIVE: To analyze the long-term effectiveness and safety of percutaneous retrogasserian glycerol rhizolysis (PRGR) in the treatment of medically refractive chronic cluster headache (CH). The current mainstay of surgical intervention for these patients is percutaneous radiofrequency retrogasserian rhizotomy (PRFR). However, when performed for V1 distribution pathology, PRFR can lead to corneal anesthesia, which places the patient at risk for future visual loss. It also increases the risk of facial dysesthesia. METHODS: In a prospective, consecutive series, 18 patients with intractable CH were followed for a mean of 5.2 years (range, 40-78 mo) after they had undergone PRGR, performed using a standard technique. The significance of this technique as an alternative to PRFR is that it should result in a lower rate of both corneal and facial anesthesia and provide an acceptable degree of pain relief. RESULTS: Fifteen patients (83%) obtained immediate pain relief after one or two injections; the majority of them experienced relief after the first injection. CH recurred in seven patients (39%) over the course of the study. Two of these patients received a second injection, and both met with equal success. Two other patients underwent PRFR. Excluding those who underwent PRFR, the overall daily headache frequency decreased from 3.5 +/- 0.3 attacks per day preoperatively to 0.6 +/- 0.2 attacks per day at last follow-up. The severity of these headaches, as assessed by verbal pain scales, also decreased from 10 preoperatively to 4.4 +/- 1.4 at follow-up. None of the patients, including those who required a second procedure, experienced corneal anesthesia or facial dysesthesia. CONCLUSION: This study provides the first long-term evaluation of PRGR for the treatment of medically refractive chronic CH and lends support to both the safety and long-term efficacy of this procedure. Further investigations are needed to compare directly the relative efficacy and safety of PRGR and PRFR.",0
W2410070599,Defining optimal dosing for sumatriptan tablets in the acute treatment of migraine.,"Oral sumatriptan, which is a well tolerated, effective acute treatment for migraine, and is selectively available in different countries in 100 mg, 50 mg, and 25 mg tablets. The first large dose-ranging study compared the 100 mg dose to higher doses (200 mg and 300 mg) and found it to be just as efficacious and better tolerated. The first studies comparing the 100 mg dose to lower doses (25 mg and 50 mg) found them all to be similar in effectiveness and tolerability. However, a larger definitive study found that the 100 mg and 50 mg doses offered better efficacy than the 25 mg dose, whereas the 25 mg and 50 mg doses were better tolerated than the 100 mg dose. Thus the 50 mg dose appears to offer the best ratio of efficacy to tolerability. Many patients, though, prefer or require the 100 mg dose and tolerate it well. Allowed to select dosing themselves, patients tend to migrate to the 100 mg dose.",0
W2473050951,A double-blind placebo-controlled study assessing the efficacy and tolerability of 50 mg sumatriptan tablets in the acute treatment of migraine. Sumatriptan Tablets S2CM07 Study Group.,"BACKGROUND: Oral sumatriptan 50 mg has been found to have good efficacy and tolerability in the acute treatment of migraine but has been less well studied than the 100 mg dose. METHODS: This was a double-blind, parallel-group study (Glaxo Wellcome protocol number S2CM07) comparing the efficacy and safety of sumatriptan 50 mg tablets with placebo in the acute treatment of migraine. Patients treated three migraine attacks with study medication; a second, optional dose was available for treating recurrent headache. Of the 560 patients randomized, 485 treated at least one attack, 411 at least two attacks, and 362 three attacks. The primary efficacy measure was the proportion of patients who had obtained complete or almost complete headache relief at 4 h after dosing. RESULTS: For all attacks, a significantly greater proportion of patients experienced headache relief at 4 h with sumatriptan 50 mg tablets than with placebo (59% to 62% versus 32% to 42%; P = 0.005). The same was true at 3 h across all attacks, and at 2 h for attacks 1 and 2 (49% versus 23% and 45% versus 29%, respectively). Although sumatriptan and placebo were associated with similar incidences of recurrence, sumatriptan was associated with a longer time to recurrence. The incidence of adverse events with sumatriptan was similar to that with placebo, and there was no increase in adverse events associated with use of a second dose to treat recurrence. CONCLUSIONS: Sumatriptan 50 mg tablets are well tolerated and efficacious in relieving migraine headache.",0
W2426616986,"Patient preference for oral sumatriptan 25 mg, 50 mg, or 100 mg in the acute treatment of migraine: a double-blind, randomized, crossover study. Sumatriptan Tablets S2CM11 Study Group.","BACKGROUND: Dosing recommendations for oral sumatriptan have ranged from 25 mg to 100 mg. Patient dose preferences are clinically relevant (perhaps moreso than traditional efficacy endpoints) and deserve study. METHODS: A multinational randomized double-blind crossover study was conducted over 18 weeks to assess patient dose preference, efficacy, and tolerability for oral sumatriptan (25 mg, 50 mg, and 100 mg) in the acute treatment of migraine; 257 patients treated three attacks, using a different dose for each. RESULTS: The 100 mg dose was preferred by 35% of patients, 31% the 50 mg dose, and 25% the 25 mg dose. Efficacy and speed of action were the two main reasons given for preferring the higher doses. Compared with the 25 mg dose, the 100 mg and 50 mg doses were significantly more likely to provide headache relief at 2, 3, and 4 h after dosing and complete headache resolution at 3 and 4 h after dosing (P < 0.027). Recurrence rates were similar for the three doses, ranging from 33% to 38%, though the median time to recurrence increased with dose, from 8.5 to 11.8 h. The 25 mg, 50 mg, and 100 mg doses were all well tolerated, with adverse event incidences of 19%, 21%, and 30%, respectively. CONCLUSIONS: Patients preferred the 50 mg and 100 mg doses of oral sumatriptan to the 25 mg dose, and the higher doses were more effective against migraine; however, the 25 mg and 50 mg doses were better tolerated than the 100 mg dose. Though the 50 mg dose probably has the best effectiveness-to-tolerability ratio, some patients clearly prefer a higher dose.",0
W2413779154,Patient-selected dosing in a six-month open-label study evaluating oral sumatriptan in the acute treatment of migraine. Sumatriptan Tablets S2CM10 Study Group.,"BACKGROUND: Dosing recommendations for oral sumatriptan as acute treatment for migraine have ranged from 25 mg to 100 mg. Patient dose preferences have not been studied in a setting mimicking clinical practice. METHODS: In an open-label study evaluating patient acceptance and the relative efficacy and safety of 25 mg, 50 mg, and 100 mg doses of oral sumatriptan over a period of six months, 338 patients treated three migraine attacks with 50 mg sumatriptan and then were allowed to double or halve the dose. After treating another three attacks, they were again allowed to adjust the dose by one level. RESULTS: After migraine attack 3, 37% of patients chose to continue with the 50 mg dose, 50% increased the dose to 100 mg, and 12% decreased it to 25 mg. After attack 6, 8%, 33%, and 58% of patients chose the 25 mg, 50 mg, and 100 mg doses, respectively; only 3% of those taking the 100 mg dose chose to reduce it. Overall, the mean percentages of attacks per patient in which headache relief had been obtained 4 h after dosing were 71%, 71%, and 80% for the 25 mg, 50 mg, and 100 mg doses, respectively. Patients who decreased the dose to 25 mg after attack 3 experienced decreases both in adverse events and percentage of attacks with headache relief, whereas in those who increased the dose to 100 mg, likelihood of headache relief increased but the incidence of adverse events did not. CONCLUSIONS: More patients chose the 50 mg or 100 mg dose than the 25 mg dose. All three doses had similar efficacy and tolerability.",0
W199335700,A DOSE‐DEFINING STUDY OF SUMATRIPTAN SUPPOSITORIES IN THE ACUTE TREATMENT OF MIGRAINE,"In this dose-ranging, randomised, multinational, multicentre, double-blind, placebo-controlled, parallel group study, 431 patients treated a single migraine attack with study medication: sumatriptan suppository 6 mg, 12.5 mg, 25 mg, 50 mg, 100 mg, or placebo. Patients were treated in the clinic with a single dose in suppository form. All doses of sumatriptan, except 6 mg, were significantly better than placebo (p < 0.004) and achieved similar rates of headache relief within two hours of dosing. The highest response rate was in the 25 mg group (72%) compared with placebo (37%) (p < 0.001). Fewer patients required rescue medication in the active groups (1% 100 mg to 13% 6 mg) compared with placebo (17%), and more patients were able to work and function normally two hours after dosing (41%, 100 mg; 20%, placebo). The overall incidence of adverse events was similar in the placebo, 6 mg and 12.5 mg groups (14-17%) but higher in the 25 mg, 50 mg and 100 mg groups (25%, 32% and 29% respectively). Analysis of plasma sumatriptan levels indicated rapid rectal absorption for all doses (median tmax = 1.0 hr). It is concluded that sumatriptan, in doses above 6 mg, is an effective and well tolerated treatment for acute migraine. From this study doses of 12.5 mg and 25 mg sumatriptan were identified as having the best efficacy/safety profile and were evaluated further.",0
W2052591933,"A Double‐Blind, Placebo‐Controlled Evaluation of the Effect of Oral Doses of Rizatriptan 10 mg on Oral Contraceptive Pharmacokinetics in Healthy Female Volunteers","Rizatriptan (MAXALT), a potent, oral 5-HT1B/1D agonist with a rapid onset of action, is available now for the acute treatment of migraine. This study examined the pharmacokinetic and clinical interaction between rizatriptan 10 mg and the components (ethinyl estradiol [EE] 35 micrograms and norethindrone [NET] 1.0 mg) of a well-established oral contraceptive combination product, ORTHO-NOVUM 1/35. Levels of sex hormone binding globulin (SHBG), a protein increased by EE to which NET binds, were also examined. In this two-period crossover study, 20 healthy young female subjects received a coadministration of 8 days of rizatriptan treatment (6 days of single-dose 10 mg rizatriptan and 2 days of multiple-dose rizatriptan, 10 mg q 4 hours for three doses, giving a total daily dose of 30 mg on Days 7 and 8) or matching placebo along with their daily dose (one tablet) of ORTHO-NOVUM 1/35 within their oral contraceptive cycle. Plasma was sampled for EE, NET, and SHBG concentrations. Safety evaluations included routine laboratory safety studies, physical examinations, and monitoring for ECG, vital signs, and adverse events. There were no statistically significant differences in any of the pharmacokinetic parameters of EE or NET between the rizatriptan and placebo treatment periods, thus indicating that rizatriptan had no meaningful effect on the disposition of either the EE or the NET component of ORTHO-NOVUM 1/35. The SHBG concentration did not change throughout the entire study. Clinically, coadministration of rizatriptan with ORTHO-NOVUM 1/35 was well tolerated. Blood pressure, heart rate, and temperature showed no consistent trend or clinically important changes. Adverse events following coadministration of rizatriptan with ORTHO-NOVUM 1/35 were similar to those reported when placebo was given with ORTHO-NOVUM 1/35. The findings of this study indicate that there is little potential for dosages as high as 30 mg/day, the maximum recommended dosing schedule, of rizatriptan to alter the plasma concentrations of oral contraceptives.",0
W2118366970,Influence of sumatriptan on gastric fundus tone and on the perception of gastric distension in man,"BACKGROUND: In animals, activation of 5-HT(1) like receptors causes a relaxation of the gastric fundus through the activation of intrinsic inhibitory neurones. AIMS: To investigate the effect of sumatriptan, an agonist at enteric neuronal 5-HT(1) receptors, on fasting fundus tone and sensitivity to gastric distension in man. METHODS: A gastric barostat was used to study the effect of placebo and sumatriptan, 6 mg subcutaneously, on basal fundic tone in healthy subjects. In addition, stepwise isobaric and isovolumetric gastric distensions were performed and perception was measured before and after the administration of placebo and sumatriptan. RESULTS: Placebo had no significant effects on gastric tone and on perception. Sumatriptan induced an immediate relaxation of the gastric fundus, reflected by an intragastric volume increase of 209 (39) ml (p<0.0005). After sumatriptan, intragastric pressures at the thresholds for perception or discomfort were not significantly altered. However, the intragastric volumes and the corresponding calculated wall tensions at perception and discomfort thresholds were significantly increased. CONCLUSIONS: Administration of the 5-HT(1) receptor agonist sumatriptan induces a relaxation of the gastric fundus in man, allowing larger intragastric volumes before thresholds for perception or discomfort are reached. The effects of sumatriptan on the gastric fundus may have therapeutic potential in the treatment of patients with functional dyspepsia.",0
W2103752861,Verapamil in the prophylaxis of episodic cluster headache: A double-blind study versus placebo,"The authors performed a double-blind, double-dummy study to compare the efficacy of verapamil with placebo in the prophylaxis of episodic cluster headache. After 5 days' run-in, 15 patients received verapamil (120 mg tid) and 15 received placebo (tid) for 14 days. The authors found a significant reduction in attack frequency and abortive agents consumption in the verapamil group. Side effects were mild. These findings provide objective evidence for the effectiveness of verapamil in episodic cluster headache prophylaxis.",0
W2036847530,Triptans and migraine,,0
W2023349993,A Comparative Trial of Zolmitriptan and Sumatriptan for the Acute Oral Treatment of Migraine,"OBJECTIVE: This randomized, double-blind, parallel group multicenter study compared response rates and tolerability of zolmitriptan with sumatriptan in the acute treatment of migraine. METHODS: A sample consisting of 1445 outpatients with an established diagnosis of migraine was randomized to zolmitriptan, 2.5 mg or 5 mg, or sumatriptan, 25 mg or 50 mg. Patients took 1 tablet for moderate/severe migraine and a second identical tablet, if necessary, for recurrent headache of moderate/severe intensity 4 to 24 hours after the initial dose. Up to six attacks were treated during a 6-month period. The primary outcome measure was headache response 2 hours after the initial dose. Secondary end points included 1-hour and 4-hour headache response and pain relief over 24 hours. RESULTS: A headache response at 2 hours was noted in 67.1% of patients taking zolmitriptan, 2.5 mg, and 64.8% of those taking zolmitriptan, 5 mg, versus 59.6% of patients taking sumatriptan, 25 mg, and 63.8% of those taking sumatriptan, 50 mg. At 2 and 4 hours, the differences between zolmitriptan, 2.5 mg, and sumatriptan, 25 mg, were statistically significant (odds ratio=1.49 and 1.67, respectively; both P<.001). Statistically significant differences between zolmitriptan, 2.5 mg, and sumatriptan, 50 mg, were seen at 2 and 4 hours post dose (odds ratio=1.21 and 1.23, respectively; both P<.05). At 1 hour post dose, the headache response rate for zolmitriptan, 2. 5 mg, was numerically higher than response rates for sumatriptan, 25 mg and 50mg (odds ratio=1.16, odds ratio=1.06, though they failed to reach statistical significance; P=.061, P=.461 respectively). Differences between zolmitriptan, 5 mg, and sumatriptan, 25 mg, were statistically significant at 1, 2, and 4 hours (odds ratio=1.43, 1. 46, and 1.78, respectively; all P<.001) and at 1 and 4 hours versus sumatriptan, 50 mg (odds ratio=1.28, P=.002; odds ratio=1.29, P=.012, respectively). Although not statistically significant at 2 hours, more patients responded to zolmitriptan, 5 mg, than to sumatriptan, 50 mg (odds ratio=1.16, P=.064). Patients receiving zolmitriptan, 2. 5 mg or 5 mg, achieved more pain relief over 24 hours than patients receiving sumatriptan, 25 mg (odds ratio=1.47, and 1.54 respectively, both P<.001) or sumatriptan, 50 mg (odds ratio=1.17, P=.021; odds ratio=1.22, P=.005, respectively). All treatments were well tolerated. CONCLUSIONS: Zolmitriptan, 2.5 mg and 5 mg, was at least as effective as sumatriptan, 25 mg or 50 mg, for all parameters studied. Zolmitriptan, 2.5 mg, was significantly more effective than sumatriptan, 50 mg, in terms of headache response at 2 and 4 hours. Patients taking zolmitriptan were significantly more likely to have pain relief over 24 hours than those taking sumatriptan.",1
W2083947246,Sumatriptan in Patients With Postdural Puncture Headache,"OBJECTIVE: To determine the efficacy of sumatriptan in the management of patients presenting for an epidural blood patch for the management of postdural puncture headache. BACKGROUND: Postdural puncture headache can be quite severe, requiring invasive therapy (ie, epidural blood patch). Sumatriptan has been used successfully in patients with postdural puncture headache, however, its use has not been investigated in a controlled fashion. METHODS: Ten patients with postdural puncture headache presenting for an epidural blood patch were given either saline or sumatriptan subcutaneously. The severity of the headache was evaluated at baseline and 1 hour following injection. If the headache remained severe, an epidural blood patch was performed. RESULTS: Only one patient in each group received relief from the injection. CONCLUSIONS: We do not recommend sumatriptan in patients who have exhausted conservative management of postdural puncture headache.",0
W2034182388,Placebo effect in the acute treatment of migraine: subcutaneous placebos are better than oral placebos,,0
W2067911328,Oral zolmitriptan is effective in the acute treatment of cluster headache,"OBJECTIVE: To evaluate the efficacy and tolerability of oral zolmitriptan 5 mg and 10 mg and placebo in cluster headache. METHODS: A multicenter, double-blind, randomized, three-period, crossover, outpatient study. Adult patients received placebo and zolmitriptan 5 mg and 10 mg orally for the acute treatment of episodic or chronic cluster headache. Headache intensity was rated by a five-point scale: none, mild, moderate, severe, or very severe. Patients only treated moderate to very severe headaches. The primary efficacy measure was headache response (two-point or greater reduction from baseline in the cluster headache rating scale) at 30 minutes. Secondary efficacy measures included proportion of patients with initial headache relief within 15 and 30 minutes, mild or no pain at 30 minutes, meaningful headache relief, and use of escape medication. RESULTS: A total of 124 patients took at least one dose of study medication, with 73% having episodic and 27% chronic cluster headache. For the primary endpoint, there was a treatment-by-cluster-headache-type interaction (p = 0.0453). Therefore, results are presented separately for chronic and episodic cluster headache. In patients with episodic cluster headache, the difference between zolmitriptan 10 mg and placebo at 30 minutes reached significance (47% versus 29%; p = 0.02). Mild or no pain at 30 minutes was reported by 60%, 57%, and 42% patients treated with zolmitriptan 10 mg, zolmitriptan 5 mg, and placebo (both p </= 0.01 versus placebo). For all other secondary endpoints, zolmitriptan 10 mg was significantly superior to placebo in episodic cluster headache patients, whereas zolmitriptan 5 mg was significantly superior to placebo for three of the four secondary endpoints. In patients with chronic cluster headache, response rates following zolmitriptan 5 mg or 10 mg were not significantly different from placebo at any endpoint. Zolmitriptan 5 mg and 10 mg were well tolerated. CONCLUSION: Oral zolmitriptan is efficacious in episodic cluster headache.",0
W2018654583,Increased growth hormone response to sumatriptan challenge in adult autistic disorders,,0
W2053443087,Sumatriptan reduces exercise capacity in healthy males: a peripheral effect of 5-hydroxytryptamine agonism?,"5-Hydroxytryptamine (5-HT; serotonin) has been implicated in the perception of exercise-induced fatigue. Sumatriptan is a selective 5-HT(1B/D) receptor agonist which does not cross the blood-brain barrier. The aim of the present study was to determine the effect of sumatriptan on exercise capacity. Ten healthy male subjects (mean age 28.4+/-10.8 years) performed a maximal treadmill exercise test according to the Bruce protocol with expired gas analysis on two occasions. Either 6 mg of sumatriptan or placebo was administered subcutaneously in a randomized, double-blind, placebo-controlled, cross-over design. Exercise time was greater after placebo compared with sumatriptan [914 and 879 s respectively; 95% confidence interval (CI) of difference 12.1 s, 59.1 s; P = 0.008]. There was no significant effect on peak oxygen consumption (placebo, 50.6+/-6.3 ml.min(-1).kg(-1); sumatriptan, 51.7+/-7.6 ml.min(-1).kg(-1)). Sumatriptan administration resulted in decreases in both heart rate (sumatriptan, 188+/-14 beats/min, placebo, 196+/-12 beats/min; 95% CI of difference 12.6, 2.6; P = 0.008) and respiratory exchange ratio (sumatriptan, 1.23+/-0.06; placebo, 1.26+/-0.07; 95% CI of difference 0.05, 0.01; P = 0.01) at peak exercise. There were no significant differences in blood pressure, heart rate or submaximal oxygen consumption between sumatriptan and placebo treatments at any stage of exercise. Thus sumatriptan reduces maximal exercise capacity in normal males. The failure to demonstrate any haemodynamic or cardiorespiratory effect suggests that sumatriptan enhances perception of fatigue by a peripheral mechanism affecting 5-HT modulation.",0
W2158040075,Comparison of the Efficacy of Zolmitriptan and Sumatriptan: Issues in Migraine Trial Design,"In this international, multicentre, double-blind, placebo-controlled, single attack study, 'triptan naive' migraine patients were randomized in an 8:8:1 ratio to receive zolmitriptan 5 mg, sumatriptan 100 mg or placebo. The all-treated analysis included 1058 patients who took study medication. The primary endpoint, complete headache response, was reported by 39%, 38% and 32% of patients treated with zolmitriptan, sumatriptan and placebo, respectively, with no significant difference between treatment groups. In patients with moderate headache at baseline, complete response was significantly greater following zolmitriptan than after placebo (48% vs. 27%; P=0.01); there was no significant difference between sumatriptan and placebo groups (40% vs. 27%). In patients with severe baseline headache (where a greater reduction in headache intensity is required for a headache response), there was no significant difference between any groups in complete headache response rates. For secondary endpoints, active treatment groups were significantly superior to placebo for: 1-, 2- and 4-h headache response (e.g. 2-h headache response rates: zolmitriptan 59%; sumatriptan 61%; placebo 44%; P < 0.01 vs. placebo); pain-free response rates at 2 and 4 h; alleviation of nausea and vomiting; use of escape medication and restoration of normal activity. The incidence of adverse events was similar between zolmitriptan and sumatriptan groups but was slightly lower in the placebo group. The lack of difference between active treatments and placebo for complete response probably reflects the high placebo response obtained, which is probably a result of deficiencies in trial design. For example, the randomization ratio may result in high expectation of active treatment. Thus, while ethically patient exposure to placebo should be minimized, this must be balanced against the scientific rationale underpinning study design.",1
W1980651700,Effects of the Anti-Migraine Drug Sumatriptan on Muscle Energy Metabolism: Relationship to Side-Effects,"Sumatriptan succinate (Imitrex) is a 5-HT (5-hydroxytryptamine) agonist used for relief of migraine symptoms. Some individuals experience short-lived side-effects, including heaviness of the limbs, chest heaviness and muscle aches and pains. The effects of this drug on skeletal muscle energy metabolism were studied during short submaximal isometric exercises. We studied ATP flux from anaerobic glycolysis (An Gly), the creatine kinase reaction (CK) and oxidative phosphorylation (Ox Phos) using 31P nuclear magnetic resonance spectroscopy (31P MRS) kinetic data collected during exercise. It was found that side-effects induced acutely by injection of 6 mg sumatriptan succinate s.c. were associated with reduced oxygen storage in peripheral skeletal muscle 5-20 min after injection as demonstrated by a transient reduction in mitochondrial function at end-exercise. These results suggest that mild vasoconstriction in peripheral skeletal muscle is associated with the action of sumatriptan and is likely to be the source of the side-effects experienced by some users. Migraine with aura patients were more susceptible to this effect than migraine without aura patients.",0
W2473636881,Are the Triptans for Migraine Therapy Worth the Cost?,The triptans represent a major advance in migraine therapy but their cost per dose greatly exceeds that of many older treatments. There is evidence that for a significant proportion of migraine patients these new drugs can show a positive cost benefit and also improve quality of life. Cost benefit would be expected to be greatest in patients with more severe migraine attacks.,0
W1966735402,Low dose zolmitriptan as a 5–HT neuroendocrine challenge agent in humans,,0
W4301266646,Zolmitriptan: new product. Similar to sumatriptan.,"(1) Zolmitriptan is an antimigraine drug similar to sumatriptan. (2) The clinical file mainly comprises placebo-controlled dose-finding studies recommending an optimal oral dose of 2.5 mg. (3) Zolmitriptan has been compared with sumatriptan in a trial that showed no difference in efficacy. In particular, the recurrence rate of headache after initial relief was not lower on zolmitriptan than on sumatriptan. (4) The safety profile of zolmitriptan is similar to that of sumatriptan. The contraindications relating to a history of cardiovascular disease must be respected because of the vasoconstrictive effect of the drug. (5) Zolmitriptan has the same drug interactions as sumatriptan. Moreover, zolmitriptan should not be used during migraine attacks by patients on propranolol.",0
W2026813826,Rizatriptan Tablet Versus Wafer: Patient Preference,"After taking both conventional oral rizatriptan tablets and oral disintegrating rizatriptan tablets in the treatment of migraine with or without aura, patients were permitted to select their formulation preference. All adult patients who had requested continuation of rizatriptan during a 6-month period were included in the study. Of the 367 patients studied, 188 selected the oral disintegrating tablet, while 179 preferred the conventional tablet. Although individual patients had strong preferences for one preparation over the other, no group preference was found.",0
W2080850907,Treatment of Nonresponders to Oral Sumatriptan With Zolmitriptan and Rizatriptan: A Comparative Open Trial,"In order to study the effect of zolmitriptan and rizatriptan in oral sumatriptan nonresponders (defined as lack of response in three or more of five attacks), 56 patients were studied in an open trial in a crossover fashion. Both zolmitriptan, 5 mg, and rizatriptan, 10 mg, were effective in the majority of sumatriptan nonresponders. The response to rizatriptan, 10 mg, appeared to be better than to zolmitriptan, 5 mg. Approximately 19% of sumatriptan nonresponders remained nonresponders to both zolmitriptan and rizatriptan.",0
W2044390161,The pharmacology of headache,,0
W2003554532,Migraine revolution and sumatriptan,,0
W1973530586,Rizatriptan in the treatment of migraine,,0
W2001555985,Treatment of myasthenia gravis,"Despite government guidance, it remains difficult to unpick industry funding of clinicians in the UK—and specialists in vaginal mesh treatment are no exception. <b>Jonathan Gornall</b> reports on the NHS surgeons, professional bodies, royal colleges, and medical conferences that benefit from corporate funding and how this financial involvement is hidden from patients",0
W2002377344,Autoantibodies to glutamic acid decarboxylase in patients with therapy-resistant epilepsy,"BACKGROUND: Autoantibodies to glutamic acid decarboxylase (GAD-A) are present in type 1 diabetes and stiff man syndrome (SMS), and have also been reported in cerebellar ataxia. Epilepsy was present in 4 of 19 patients with SMS and GAD-A, implying that epilepsy sometimes is associated with anti-GAD autoimmunity. METHODS: The authors investigated the prevalence of GAD-A in patients with therapy-resistant localization-related epilepsy (n = 51) and generalized epilepsy (n = 49) by a radiobinding assay. The positive samples were confirmed by immunohistochemistry and immunoblotting of recombinant human GAD65. RESULTS: GAD-A were found in eight patients with localization-related epilepsy, whereas none of the patients with generalized epilepsy, other neurologic disorders (n = 38), or the control subjects (n = 48) had GAD-A. Two patients had high levels of GAD-A, similar to SMS, whereas six patients had significantly lower titers, characteristic of type 1 diabetes. The two patients with high levels of GAD-A had GAD-A both in serum and CSF by immunohistochemistry and immunoblotting. Both of them had longstanding therapy-resistant temporal lobe epilepsy but did not have diabetes. One had a history of autoimmune disease, whereas the other had serologic evidence of multiple autoantibodies without any clinical signs of autoimmune disease. CONCLUSIONS: GAD autoimmunity may be associated with refractory localization-related epilepsy.",0
W2077903640,Effect of naratriptan on myocardial blood flow and coronary vasodilator reserve in migraineurs,"BACKGROUND: Migraine drugs can produce adverse cardiac effects. The authors have demonstrated previously that ergotamine can lead to a significant reduction of hyperemic myocardial blood flow, but little is known about the effect of the newer serotonin analogues. Coronary artery constriction caused by serotonin or its analogues is mediated mainly by 5HT2 receptors. The selective 5HT1B/1D agonist naratriptan has no significant activity at 5HT2 receptors; however, like all 5HT1B/1D agonists developed for the acute treatment of migraine, naratriptan could potentially constrict coronary arteries by activation of 5HT1B receptors. METHODS: The effects on myocardial blood flow of subcutaneous naratriptan 1.5 mg compared with placebo were assessed under resting and hyperemic conditions with PET using oxygen-15 labeled water during two separate visits. This study was a randomized, double-blind, placebo-controlled crossover trial in 34 migraine subjects with no evidence of ischemic heart disease, studied outside a migraine attack. RESULTS: Naratriptan did not differ significantly from placebo in its effects on resting myocardial blood flow, but did evoke a small, significant fall in hyperemic myocardial blood flow (-13% versus placebo) and an increase in hyperemic coronary resistance (+19% versus placebo) without any signs or symptoms suggestive of myocardial ischemia. Naratriptan did not significantly affect the coronary vasodilator reserve (hyperemic/resting blood flow) compared with placebo. CONCLUSIONS: These results show that at therapeutic doses, naratriptan exerts only a minor effect on myocardial blood flow, coronary vasodilator reserve, or coronary resistance among subjects with no evidence of ischemic heart disease. These results should not be extrapolated to patients with coronary artery disease, in whom all 5HT1 agonists for migraine are contraindicated.",0
W2030046321,Zolmitriptan reverses blink reflex changes induced during the migraine attack in humans,,0
W1966180890,Rizatriptan in the treatment of menstrual migraine,"OBJECTIVE: To determine the efficacy of oral rizatriptan 10 mg and 5 mg for treating menstrually associated migraine attacks. METHODS: Data from two large clinical trials with identical designs were included in a retrospective analysis. The studies were randomized, double-masked, placebo-controlled, incomplete block, two-period, crossover designs. Women with migraines were randomly assigned to one of five treatment sequences for the treatment of two migraine attacks. Only data from the first attack in women with migraines who were treated with rizatriptan or placebo were included in the analysis. A menstrually associated attack was defined as one that occurred within 3 days before or after the onset of the last menstrual period. RESULTS: In the subgroup of 335 women with menstrually associated migraine, rizatriptan was effective compared with placebo. At 2 hours after dosing, 68% of 139 women taking rizatriptan 10 mg and 70% of 115 women taking rizatriptan 5 mg with a menstrually associated migraine had pain relief compared with 44% of 81 patients taking placebo (P <.05). In all women, rizatriptan was as effective in treating menstrual as well as nonmenstrual migraine: 68% of 139 patients taking rizatriptan 10 mg with a menstrually associated migraine had pain relief at 2 hours after dosing compared with 69% of 393 patients with nonmenstrually associated attacks (test of menstrual association = nonsignificant; the analysis had 80% power to detect a difference of six percentage points between groups). Similar results were found for rizatriptan 5 mg (menstrual = 70%, nonmenstrual = 66%; not statistically significant). CONCLUSION: Rizatriptan is effective in the treatment of menstrually associated migraine attacks.",0
W2020308606,Naproxen sodium decreases migraine recurrence when administered with sumatriptan,"Forty to 78% of the patients using sumatriptan for the acute treatment of migraine may present recurrence at least occasionally. The concomitant use of a NSAID (nonsteroidal anti-inflammatory drug) has been recommended to decrease the recurrence rate. Sixty seven patients that treated successfully 8 migraine attacks with 100 mg of sumatritpan PO and presented recurrence in at least 5 attacks were studied prospectively. The patients received 100 mg of sumatriptan and 550 mg of naproxen sodium PO to treat 4 consecutive moderate or severe migraine attacks. The recurrence rate, once at least 62.5% (5 out of 8 attacks), decreased to 14.2% (38 out of 268 attacks) with the combination of compounds (p<0.0001). We then studied two groups of 13 patients made randomicaly from the 67 initially evaluated, that were given sumatriptan 100 mg plus naproxen sodium 550 mg or placebo, in a double-blind design, to treat 3 other consecutive migraine attacks. Each group of patients treated 39 attacks. The recurrence among the patients taking sumatriptan plus placebo was 59% (23 out of 39 attacks) and the recurrence presented by the group taking sumatriptan plus naproxen was 25.5% (10 out of 39 attacks) (p<0.0003). We concluded that the combination of sumatriptan plus naproxen sodium decreases significantly migraine recurrence presented by patients taking sumatriptan alone.",0
W2048291168,Evaluation of Migraineurs' Preferences for Naratriptan Over Conventional First-Line Agents,"OBJECTIVE: To assess patient satisfaction with and preference for naratriptan hydrochloride therapy over previous ""nontriptan"" therapy for migraines. DESIGN AND SETTING: Open-label study conducted at 15 primary care clinics. PATIENTS: One hundred forty-three adults meeting International Headache Society diagnostic criteria for migraine who were not using triptans as first-line therapy for migraines were enrolled; 115 completed the study. INTERVENTION AND OUTCOME ASSESSMENTS: At baseline, satisfaction with current migraine therapy was assessed. Patients were provided with naratriptan hydrochloride, 2.5 mg, to treat 3 migraines and diaries to record headache symptoms and response to treatment. After treating 3 migraines, satisfaction with naratriptan therapy and preference for either previous or naratriptan therapy were assessed. RESULTS: Eighty-nine (62%) of 143 patients had previous exposure to triptans, with lack of prescribing (55%) as the primary reason for not continuing their use as first-line therapy. Medications used for first-line therapy included simple analgesics (59%), combination products (46%), and narcotics (13%). After treating 3 migraines with naratriptan, satisfaction with migraine therapy increased from 47% to 75%. Sixty-three percent of patients preferred naratriptan therapy over their previous nontriptan therapy, 27% preferred their previous therapy, and 10% had no preference. The main reasons for preference for naratriptan therapy were ""relieves pain effectively"" (86%) and ""restores ability to function/perform task"" (81%). CONCLUSION: Naratriptan for first-line migraine therapy was preferred by most patients over previous nontriptan therapy.",0
W2078072896,Pharmacological and behavioral treatment of pediatric migraine and tension-type headache,,0
W1996349671,Naratriptan Efficacy in Migraineurs Who Respond Poorly to Oral Sumatriptan,"OBJECTIVES: To determine whether 347 patients would respond to a 50-mg oral dose of sumatriptan, even though they considered themselves poor responders to this acute therapy for migraine, and to investigate whether oral naratriptan can be an effective acute therapy for migraine in the subset of patients who did not respond to sumatriptan under double-blind, well-controlled conditions. BACKGROUND: Although most migraineurs respond to sumatriptan, there remains a need for an effective alternative for those who do not respond. Naratriptan is a more potent and more lipophilic member of this class of agent and could prove beneficial in such patients. This is the first well-controlled study to assess the value of another 5-HT1B/1D agonist in this difficult patient subset. METHODS: This study comprised two migraine attacks. The first (attack 1) was a single-blind assessment of the efficacy of sumatriptan (50 mg orally) in patients with a history of poor response to the drug. The second (attack 2) was a randomized, parallel group, double-blind, placebo-controlled trial of naratriptan (2.5 mg orally) in nonresponders to oral sumatriptan. RESULTS: Attack 1: About two thirds of this selected migraine population did not respond to sumatriptan. Attack 2: Naratriptan was statistically superior to placebo for headache relief at 2 hours and 4 hours, as well as for most other features of migraine attacks. These data suggest an intrinsic efficacy of naratriptan in this patient subset and not a coincidental response. No unexpected tolerability issues arose. CONCLUSIONS: Naratriptan is an alternative therapy for migraineurs who respond poorly to oral sumatriptan. No response to one ""triptan"" does not necessarily predict no response to them all.",0
W2031376480,Comparative Tolerability of Oral 5‐HT <sub>1B/1D</sub> Agonists,"OBJECTIVES: To compare the relative tolerability of 5-HT1B/1D agonists and to investigate the relationships (if any) among systemic exposure, lipophilicity, and clinical tolerability for 5-HT1B/1D agonists. METHODS: Post hoc correlations were sought among the following variables: absolute dose (= administered dose x oral bioavailability), Cmax, LogDpH7.4 (LogD), frequencies of all, neurological and dizziness/somnolence/drowsiness adverse events, adjusted for corresponding placebo-associated frequencies. RESULTS: For effective doses of all drugs with available data, absolute dose-response relationships exist for adverse event frequencies. The overall rank order of the frequency of adverse events was as follows: naratriptan < sumatriptan = rizatriptan < zolmitriptan. With the exception of eletriptan, 5-HT1B/1D agonists exhibit correlations between absolute dose, Cmax (R = 0.97), and LogD (R = 0. 71). For neurological and dizziness/somnolence/drowsiness adverse event frequencies, the overall rank order was sumatriptan < naratriptan < rizatriptan < zolmitriptan. Neither LogD nor absolute dose size predicted adverse event frequencies. CONCLUSIONS: Triptans may be distinguished in terms of their tolerability. Effectiveness, absolute dose size, and lipophilicity are related for the 5-HT1B/1D agonists considered here, except eletriptan. Adverse event frequencies cannot be predicted from in vitro measures of lipophilicity, in vivo estimates of absolute bioavailability, dose size, or any combination of these variables. Since these drugs are all agonists at 5-HT1B/1D receptors in the low nanomolar range, but differ in their tolerability profiles, adverse effects are not likely to be mediated through 5-HT1B/1D receptors. Drugs of this class must be studied individually and on a reasonably large scale in clinical development programs.",0
W2163744738,Further Development and Testing of the Migraine‐Specific Quality of Life (MSQOL) Measure,"OBJECTIVE: To evaluate the longitudinal performance of the migraine-specific quality of life (MSQOL) instrument. METHODS: Psychometric tests evaluated data obtained from 1383 migraineurs who completed the 20-item MSQOL questionnaire during a noncomparative, long-term, observational study of zolmitriptan (Zomig), 5 mg, for the acute treatment of migraine attacks of any intensity. RESULTS: There was a relationship between a history of a high frequency of migraine attacks and low baseline MSQOL scores, indicating a lower quality of life. Principal components analyses confirmed three domains and an overall score. Cronbach alpha coefficients for the overall score (.93) indicated high internal consistency. Responsiveness analysis over 180 days of treatment indicated a significantly greater improvement in MSQOL scores (P <.05) in treatment responders compared with nonresponders. The average effect size (0.25) and Guyatt responsiveness statistic (0.46) for the MSQOL instrument exceeded those for the eight domains of the Medical Outcomes Study Short Form Health Survey (MOS SF-36) (-0.05 to 0.14 and 0.01 to 0.12, respectively). Change from baseline for responders in MSQOL total score was 4.7 to 5.4 compared with 1.1 to 2.7 for nonresponders. CONCLUSIONS: Cumulative evidence for the MSQOL instrument meets established criteria for validity, consistency, and reproducibility and shows moderate responsiveness to treatment. This instrument fulfils the need for an MSQOL measure to be used as an adjuvant measure in the assessment of long-term outcomes of therapy.",0
W2032169780,Triptans to the Rescue: Effective Therapy for Migraine Headaches in the Workplace,,0
W2019801965,"Effectiveness of Sumatriptan in Reducing Productivity Loss Due to Migraine: Results of a Randomized, Double-Blind, Placebo-Controlled Clinical Trial",,0
W2244474145,A CLINICAL COMPARISON OF SUMATRIPTAN NASAL SPRAY AND DIHYDROERGOTAMINE NASAL SPRAY IN THE ACUTE TREATMENT OF MIGRAINE,"A multinational, multicentre, randomised, double-blind, double-dummy, crossover study (368 patients treating two attacks) was conducted to compare the efficacy and tolerability of sumatriptan nasal spray (20 mg) with dihydroergotamine (DHE) nasal spray (1 mg plus optional 1 mg). At the primary efficacy time point of 60 minutes after dosing, significantly more patients obtained headache relief (change from moderate or severe to none or mild) after treatment with sumatriptan than with DHE (53% sumatriptan, 41% DHE, p < 0.001). Significantly more patients reported relief of nausea after sumatriptan than after DHE at 60 minutes (64% sumatriptan, 49% DHE, p = 0.006). A significant difference between the two treatments was first observed at 45 minutes with respect to both headache relief (38% sumatriptan, 31% DHE, p = 0.037) and relief of nausea (55% sumatriptan, 40% DHE, p = 0.014). There were no significant differences between the two treatments for other measures of efficacy. Both treatments were well tolerated, with only 10% of patients in each group reporting one or more adverse events. The most frequently reported adverse event after sumatriptan was a bad or bitter taste, which was reported by 5% of patients. After DHE, 4% of patients reported symptoms of the nasal cavity/sinuses and 3% reported nausea and/or vomiting as adverse events. It is concluded that sumatriptan nasal spray is superior to DHE nasal spray in the relief of pain and nausea associated with acute migraine headache.",0
W2018511078,The Effect of Intranasal Cocaine and Lidocaine on Nitroglycerin‐Induced Attacks in Cluster Headache,"The administration of nitroderivatives in cluster headache (CH) sufferers is the most reproducible experimental paradigm to induce spontaneous-like pain attacks. Previous uncontrolled studies have reported that the local use of anaesthetic agents in the area of the sphenopalatine fossa is able to extinguish nitroglycerin (NTG)-induced pain in CH. The present study, carried out according to a double-blind placebo-controlled design, included 15 CH patients, six with episodic CH (mean +/- SD age of 36.8+/-5.6 years), and nine with chronic CH (37.8+/-10.4 years). Patients had undergone a standard NTG test (0.9 mg sublingually), during which the intensity of pain was scored using a visuoanalogic scale (VAS, range 0-10). Nine patients (two with the episodic form, seven with the chronic form) experienced a typical, spontaneous-like attack on the usual side, occurring in all cases within 45 min. In these patients, the test was repeated with an interval of 2 days, and once pain intensity reached 5 on the VAS, a 10% solution of cocaine hydrochloride (1 ml, mean amount per application 40-50 mg), or 10% lidocaine (1 ml), or saline was applied using a cotton swab in the area corresponding to the sphenopalatine fossa, under anterior rhinoscopy. This was done in both the symptomatic and the non-symptomatic side, for 5 min. Treatments were always performed randomly, in separate sessions. All patients responded promptly to both anaesthetic agents, with complete cessation of induced pain occurring after 31.3+/-13.1 min for cocaine and 37.0+/-7.8 min for lidocaine (M+/-SD). In the case of saline application, pain severity increased thereafter, and extinction of the provoked attacks occurred with a latency of 59.3+/-12.3 min (P<0.01 and P<0.01 vs. cocaine and lidocaine, respectively, Mann-Whitney U-test). While further suggesting that the sphenopalatine ganglion participates in the mechanisms of pain, these findings indicate that the local administration of the anaesthetic agents cocaine and lidocaine is effective on NTG-induced CH attacks, and may be used in the symptomatic treatment of this disorder.",0
W2016789289,Sumatriptan Nasal Spray in the Acute Treatment of Migraine: A Review of Clinical Studies,,0
W2008743090,Efficacy of naratriptan tablets in the acute treatment of migraine: A dose-ranging study,,1
W2004518311,Comparison of naratriptan and sumatriptan in recurrence-prone migraine patients,,0
W2063576997,Migraine: pharmacotherapy in the emergency department,"Migraine can be a disabling condition for the sufferer. For the small number of patients for whom home therapy fails and who seek treatment in an emergency department, several therapeutic options are available. I review the evidence regarding the effectiveness and safety of the following therapies: the phenothiazines, lignocaine (lidocaine), ketorolac, the ergot alkaloids, metoclopramide hydrochloride, the ""triptans,"" haloperidol, pethidine (meperidine hydrochloride), and magnesium sulfate. Based on available evidence, the most effective agents seem to be prochlorperazine, chlorpromazine and sumatriptan, each of which has achieved greater than 70% efficacy in several studies.",0
W2143139176,Serotonergic targets in the treatment of antidepressant induced sexual dysfunction: a pilot study of granisetron and sumatriptan,"Antidepressant induced sexual dysfunction is a common adverse event that is particularly evident with serotonergic antidepressants. There is a paucity of clinical trial evidence on the treatment of this problem. While there is some evidence of involvement of the serotonin (5-HT2) receptor subtype in this phenomenon, other serotonergic receptor systems are not well studied. In this trial, 35 patients on maintenance therapy with a variety of serotonergic antidepressants, who reported antidepressant induced sexual dysfunction, were enrolled. Patients were given both granisetron 1 mg, and sumatriptan 100 mg, in a crossover design, to be used 1 h before intercourse. Sexual dysfunction was measured using the Feiger scale. There was a high dropout rate in the trial, reflecting both embarrassment with the pharmacological treatment of sexual dysfunction and difficulties with planning and timing the medication. Nevertheless, there was a significant effect of granisetron in this study, with scores decreasing from 23.7 (SD 2.52) to 16.0 (SD 6.42) on the Feiger scale (n = 14, P = 0.001, Wilcoxon sign rank test). Sumatriptan failed to show a significant change from baseline at the 0.01 level of significance. While the small sample size, high dropout rates and open label design are limitations to this study, it suggests efficacy of the granisetron in antidepressant induced sexual dysfunction and the role of the 5-HT3 receptor in this phenomenon.",0
W2095739451,Effects of Subcutaneous Sumatriptan on Plasma Growth Hormone Concentrations in Migraine Patients,"The purpose of this study was to assess the sensitivity of 5-HT1D receptors in migraine using sumatriptan as a pharmacological probe. The drug stimulates the release of growth hormone (GH) and this effect may be used to explore the function of cerebral serotonergic systems in vivo. We administered sumatriptan and placebo to 15 migraineurs and to 10 controls. Blood samples were collected -15, 0, 15, 30, 45, 60 and 90 min after injection. Placebo had no effect on hormone concentrations. Sumatriptan induced a significant (P<0.01) increase in GH concentrations both in migraine patients and healthy controls. The GH increase was not significantly different in the two groups. Our results suggest that cerebral serotonergic functions mediated by 5-HT1D receptors are not altered in migraine. Sumatriptan overuse could lead to adverse effects mediated by its neuroendocrine activity.",0
W2060086479,A Comment on Time-to-Event Analysis for Headache Relief,,0
W2414286586,Is oral zolmitriptan efficacious in the acute treatment of cluster headache?,,0
W2024107466,Induction of Nitrate Tolerance is not a Useful Treatment in Cluster Headache,"UNLABELLED: The aims of the present study were to investigate whether induction of nitrate tolerance is a useful treatment in cluster headache and to correlate any changes in attack frequency of cluster headache and nitrate-induced headache to the vascular adaptation during continuous nitrate administration. The results were compared to results obtained from studies of nitrate tolerance in healthy subjects. MATERIALS AND METHODS: 5-isosorbide-mononitrate (5-ISMN) 30 mg was administered orally three times daily for 4 weeks in nine sufferers of chronic cluster headache in a double-blind, randomized placebo-controlled cross-over design. Blood velocity in the middle cerebral artery was measured with transcranial Doppler and the diameters of the temporal and radial arteries were measured with high frequency ultrasound. The haemodynamic data were compared to changes in the frequency of cluster headache attacks and interval headaches over time. RESULTS: Tolerance was complete within 24 h in the middle cerebral arteries and after 7 days in the symptomatic temporal artery, while tolerance of the radial artery was not observed within this period. The time profiles of tolerance were almost identical to the time profiles observed in healthy subjects. A close temporal association between the disappearance of nitrate-induced headache and tolerance of the temporal artery was observed but tolerance had no effect on cluster headache attack frequency. CONCLUSIONS: Induction of tolerance to nitrates cannot be used to treat cluster headache. If pain is related to arterial dilatation the results point to extracerebral rather than cerebral arteries as the site of nociception. However, other peripheral and central pain-modulating effects of nitric oxide, the time courses of which are unknown, should also be taken into consideration.",0
W2147482899,Comparison of Rizatriptan 10 Mg vs. Zolmitriptan 2.5 Mg in the Acute Treatment of Migraine,"The efficacy and tolerability of rizatriptan (MAXALT) and zolmitriptan (ZOMIG) were compared in a randomized, double-blind, double-dummy, stratified (on prior use of rizatriptan and/or zolmitriptan), placebo-controlled, single attack study in 766 patients. Rizatriptan tended to provide freedom from pain sooner than zolmitriptan (hazard ratio 1.26, P = 0.075), acting within 60 min following dosing. More patients were pain free at 2 h on rizatriptan than on zolmitriptan (43.2% vs. 35.6%, P=0.041), while headache relief at 2 h was similar (70.5% vs. 66.8%). At 2 h, fewer patients on rizatriptan had symptoms of photophobia (35.6% vs. 43.5%, P = 0.029) and nausea (25.2% vs. 32.5%, P=0.046), and more patients on rizatriptan had normal function (45.4% vs. 37.0%, P=0.025) than zolmitriptan. Headache recurred in 28% of patients taking rizatriptan, 29% taking zolmitriptan and 26% taking placebo. Both active treatments were effective compared to placebo and were well tolerated. The most common side-effects with rizatriptan were asthenia/fatigue, somnolence and dizziness, while the most common side-effects with zolmitriptan were asthenia/fatigue and dizziness.",1
W2068419840,Tolerability and Efficacy of Naratriptan Tablets in the Acute Treatment of Migraine Attacks for 1 Year,"OBJECTIVE AND DESIGN: This open-label study was conducted to evaluate the tolerability and efficacy of the 5HT1 agonist naratriptan with repeated use in the acute treatment of migraine attacks for 1 year. Four hundred and seventeen (417) migraine patients treated 15,301 migraine attacks over the course of the study. RESULTS: The results show that 84% of attacks treated with a single 2.5 mg dose of naratriptan were not associated with the occurrence of an adverse event. The percentage of attacks associated with an adverse event did not increase with number of doses used to treat a given attack (1 vs. 2) or duration of use (0-6 months vs. > 6-12 months). The only adverse events experienced in > 2% of attacks throughout the 1-year study were nausea (3% of attacks), hyposalivation (2% of attacks), and drowsiness/sleepiness (2% of attacks). Headache relief 4 h post-dose was reported in a median 70% of moderate or severe attacks and a median 86% of mild attacks treated with naratriptan tablets 2.5 mg. The percentages of patients reporting headache relief did not diminish as a function of increased duration of treatment (0-6 months vs. > 6-12 months) or frequency of use (for > 36 vs. < 36 attacks). The mean number of tablets taken per attack was 1.2. A second naratriptan 2.5 mg tablet was taken for headache recurrence in a mean 16% (median 8%) of attacks. CONCLUSION: The results of this study demonstrate that naratriptan tablets 2.5 mg taken for acute migraine attacks over a 1-year period are well-tolerated and effective.",0
W2462799667,Zolmitriptan (a 5-HT1B/1D receptor agonist with central action) does not increase symptoms in obsessive compulsive disorder,,0
W2073074795,Effect of early intervention with sumatriptan on migraine pain: Retrospective analyses of data from three clinical trials,,0
W2051283521,"A Randomized, Double-Blind, Placebo-Controlled Study of Sumatriptan Nasal Spray in the Treatment of Acute Migraine in Adolescents","OBJECTIVE: To compare the efficacy and tolerability of sumatriptan nasal spray (NS; 5 mg, 10 mg, and 20 mg) with placebo for the treatment of acute migraine in adolescents. METHODS: A randomized, double-blind, placebo-controlled, single-attack study was conducted in 653 US adolescents (12-17 years of age). Patients with at least a 6-month history of migraine, who met International Headache Society criteria for migraine (with or without aura) were eligible for participation. Headache relief 2 hours postdose, complete relief, presence or absence of associated symptoms, headache recurrence, and use of rescue medications were recorded. The primary efficacy endpoint was headache relief 2 hours postdose sumatriptan NS (20 mg) versus placebo. Safety and tolerability were assessed by examining adverse events, changes in electrocardiograms, vital signs, physical examinations, and clinical laboratory tests. RESULTS: Headache relief 1 hour postdose was significantly greater for patients using 10 mg (56%) and 20 mg (56%) of sumatriptan NS compared with placebo (41%). Headache relief 2 hours postdose was significantly greater for patients using 5 mg of sumatriptan NS (66%) compared with placebo (53%), and approached statistical significance for 20 mg (63%) compared with placebo (53%). Complete relief 2 hours postdose was significantly greater for patients using 20 mg of sumatriptan NS compared with placebo (36% vs 25%, respectively). Each dose of sumatriptan (5 mg, 10 mg, and 20 mg) was superior to placebo with respect to the cumulative percentages of patients first reporting headache relief within 2 hours of dosing (Kaplan-Meier). The sumatriptan 20-mg dose was superior to placebo with respect to the cumulative percentages of patients first reporting complete relief within 2 hours of dosing (Kaplan-Meier). Photophobia and phonophobia were significantly reduced 2 hours postdose for sumatriptan NS (20 mg), compared with placebo (36% vs 48% and 25% vs 44%, respectively). Taste disturbance was the most commonly reported adverse event (2%, 19%, 30%, and 26% for placebo, 5 mg, 10 mg, and 20 mg, respectively). No drug-related serious adverse events or clinically relevant changes in laboratory parameters, electrocardiograms, or vital signs were reported. CONCLUSIONS: Sumatriptan NS is effective and well-tolerated for the treatment of acute migraine in adolescents, with the 20-mg dose providing the best overall efficacy and tolerability profiles.",0
W9384246,"Sumatriptan overuse in episodic cluster headache: lack of adverse events, rebound syndromes, drug dependence and tachyphylaxis.","This observational study was designed to examine the pattern of sumatriptan use in patients with cluster headache using more than the recommended daily dose of subcutaneously injected (s.c.) sumatriptan. Thirteen patients suffering from episodic cluster headache were asked to record the characteristics of their attacks and drug intake for 1 year. All reported a high daily frequency of attacks (more than 3 per day) and the related overuse of s.c. sumatriptan. The results show that the overall incidence of adverse events among patients receiving sumatriptan injections for the treatment of cluster headache is low. The extended administration of this drug in episodic cluster headache did not result in tolerance problems or tachyphylaxis. Only 4 patients experienced minor adverse events and recovered more slowly than the others. They suffered from migraine without aura and cluster headache, and showed a family history of migraine. Even though they must be viewed with caution, due to the observational nature of the study and the low number of patients included, these results suggest that the profile of sumatriptan may differ in cluster headache compared with migraine.",0
W2414970179,ZOLMITRIPTAN PROVIDES EFFECTIVE MIGRAINE RELIEF IN ADOLESCENTS,"Data from a subgroup of adolescents (12-17 years) entered into a one-year open-label phase of a large international study were analysed to evaluate response rates and tolerability of zolmitriptan for the acute treatment of migraine. In the open-label phase of this study, the first two migraine attacks were treated with zolmitriptan 2.5 mg and subsequent attacks with zolmitriptan 2.5 mg or 5 mg, at the patient's discretion, for up to 12 months. Two-hour headache and pain-free responses were evaluated and adverse events were recorded. Thirty-eight adolescents treated 276 migraine attacks of any intensity. The overall headache response at 2 hours was 80% (88% and 70% with zolmitriptan 2.5 mg and 5 mg, respectively), and the pain-free response was 66% (76% and 52% for zolmitriptan 2.5 mg and 5 mg, respectively). Response rates were independent of whether or not migraine was associated with aura or menses. During prolonged use, patients learned to adjust the dose of zolmitriptan to effectively manage their migraine. Treatment was well tolerated. In conclusion, preliminary data indicate that zolmitriptan is effective in the acute treatment of migraine in adolescents and is well tolerated.",0
W2007669780,Determinants of Patient Satisfaction With Migraine Therapy,"Determinants of patient satisfaction with migraine treatment are not well understood. The objective of this study was to evaluate which treatment outcomes influence patient satisfaction with treatment. Analyses were performed on data from 1506 migraineurs from two clinical trials of rizatriptan for treatment of migraine. Satisfaction with treatment was assessed 2 h after initial treatment and prior to use of rescue therapy. Over 90% of patients who were pain-free at 2 h were at least somewhat satisfied with treatment compared with <10% of patients with moderate or severe pain. Only 60-70% of patients with mild pain at 2 h experienced some level of satisfaction with treatment. For patients with mild pain at 2 h, results showed subjects who reported severe pain at baseline, absence of associated symptoms at 2 h and pain relief within the first 90 min had at least a 76% probability of being at least somewhat satisfied. This probability decreased with the presence of associated symptoms, slower pain relief and moderate baseline pain intensity. Fast, complete pain relief is one important factor in determining short-term patient satisfaction with treatment.",0
W1963483690,Rizatriptan Wafer–Sublingual vs. Placebo at the Onset of Acute Migraine,"Rizatriptan wafer is a 5HT1B/1D agonist for use in the acute treatment of migraine. It is a freeze-fried formulation, approved for oral administration, which dissolves on the tongue and is swallowed with saliva. In this study the efficacy of sublingually administered rizatriptan 10-mg wafer was evaluated in a randomized, double-blind, placebo-controlled, out-patient study involving 39 migraineurs. Patients were instructed to treat a migraine at the onset of pain in order to evaluate time of onset of pain relief and pain relief at 1 h. The average time to onset of relief was 25 min for patients treated with rizatriptan wafer and 27 min for patients treated with placebo. At 1 h, 50% of the patients receiving rizatriptan wafer and 50% of the patients receiving placebo experienced significant relief. Implications and potential reasons for a high placebo response are discussed.",0
W2020303639,"Consistent Efficacy and Tolerability of Almotriptan in the Acute Treatment of Multiple Migraine Attacks: Results of a Large, Randomized, Double-Blind, Placebo-Controlled Study","In this double-blind study, the efficacy and tolerability of a single dose of almotriptan (6.25 or 12.5 mg) was compared with placebo in the treatment of three consecutive migraine attacks of moderate or severe intensity. Of 1013 randomized patients, 722 evaluable patients completed the study. The total number of attacks relieved (severe or moderate pain reduced to mild or no pain) at 2 h post-dose was significantly higher (P < 0.001) after treatment with almotriptan 6.25 or 12.5 mg compared with placebo (60% and 70% vs. 38%, respectively). Moreover, a consistent response was achieved across and within patients for almotriptan 6.25 or 12.5 mg compared with placebo (pain relief in at least two out of three attacks within 2 h for 64% and 75% vs. 36%, respectively) and less than one-third of the patients relapsed within 24 h. Almotriptan was well tolerated with no significant differences between the almotriptan and placebo treatment groups in the percentage of patients reporting adverse events. Overall, the 12.5-mg dose was associated with the most favourable efficacy/tolerability ratio and is, therefore, the recommended dose.",0
W1997720025,Rizatriptan: A New Milestone in Migraine Treatment. Closing Remarks,,0
W2016111309,Cost‐Benefit Analysis of Sumatriptan Tablets versus Usual Therapy for Treatment of Migraine,"We performed a systematic assessment of the costs and benefits of sumatriptan and usual therapy for migraine from society's perspective. A decision tree was constructed with probability estimates based on data from an open-label clinical trial assessing the economic and human impacts of sumatriptan and usual therapy on nursing personnel. Direct medical care costs including costs for drug, physician, and emergency room visits were considered. Benefits were estimated using the human capital approach based on the national average of weekly earnings and productivity loss estimated from a migraine clinical trial. The net benefits of sumatriptan and usual therapy for the treatment of a single migraine attack were estimated to be $50 and $20, respectively. The annual incremental net benefit of sumatriptan over usual therapy was estimated to be $114-540/patient. The price difference was offset by benefits of sumatriptan in reducing use of health care resources and productivity loss.",0
W2156846198,Stratified Care vs Step Care Strategies for Migraine,"CONTEXT: Various guidelines recommend different strategies for selecting and sequencing acute treatments for migraine. In step care, treatment is escalated after first-line medications fail. In stratified care, initial treatment is based on measurement of the severity of illness or other factors. These strategies for migraine have not been rigorously evaluated. OBJECTIVE: To compare the clinical benefits of 3 strategies: stratified care, step care within attacks, and step care across attacks, among patients with migraine. DESIGN AND SETTING: Randomized, controlled, parallel-group clinical trial conducted by the Disability in Strategies Study group from December 1997 to March 1999 in 88 clinical centers in 13 countries. PATIENTS: A total of 835 adult migraine patients with a Migraine Disability Assessment Scale (MIDAS) grade of II, III, or IV were analyzed as the efficacy population; the safety analysis included 930 patients. INTERVENTIONS: Patients were randomly assigned to receive (1) stratified care (n = 279), in which patients with MIDAS grade II treated up to 6 attacks with aspirin, 800 to 1000 mg, plus metoclopramide, 10 mg, and patients with MIDAS grade III and IV treated up to 6 attacks with zolmitriptan, 2.5 mg; (2) step care across attacks (n = 271), in which initial treatment was with aspirin, 800 to 1000 mg, plus metoclopramide, 10 mg. Patients not responding in at least 2 of the first 3 attacks switched to zolmitriptan, 2.5 mg, to treat the remaining 3 attacks; and (3) step care within attacks (n = 285), in which initial treatment for all attacks was with aspirin, 800 to 1000 mg, plus metoclopramide, 20 mg. Patients not responding to treatment after 2 hours in each attack escalated treatment to zolmitriptan, 2.5 mg. MAIN OUTCOME MEASURES: Headache response, achieved if pain intensity was reduced from severe or moderate at baseline to mild or no pain at 2 hours; and disability time per treated attack at 4 hours for all 6 attacks, compared among the 3 groups. RESULTS: Headache response at 2 hours was significantly greater across 6 attacks in the stratified care treatment group (52.7%) than in either the step care across attacks group (40.6%; P<.001) or the step care within attacks group (36.4%; P<.001). Disability time (6 attacks) was significantly lower in the stratified care group (mean area under the curve [AUC], 185.0 mm. h) than in the step care across attacks group (mean AUC, 209.4 mm. h; P<.001) or the step care within attacks group (mean AUC, 199.7 mm. h; P<.001). The incidence of adverse events was higher in the stratified care group (321 events) vs both step care groups (159 events in across-attack group; 217 in within-attack group), although most events were of mild-to-moderate intensity. CONCLUSION: Our results indicate that as a treatment strategy, stratified care provides significantly better clinical outcomes than step care strategies within or across attacks as measured by headache response and disability time. JAMA. 2000;284:2599-2605.",0
W2410726450,Guidelines on migraine: Part 3. Recommendations for individual drugs.,The U.S. Headache Consortium guidelines on the pharmacologic management of acute migraine include recommendations for individual drugs. The headache consortium developed efficacy and safety profiles of each drug.,0
W2025827236,Within-patient consistency of response of rizatriptan for treating migraine,"OBJECTIVE: To determine the within-patient consistency of response for rizatriptan, a 5-HT(1B/1D) receptor agonist for the acute treatment of migraine. METHODS: Post hoc analysis was performed on data from a randomized, double-blind, placebo-controlled clinical trial. Four hundred seventy-three patients with migraine diagnosed according to the criteria of the International Headache Society were randomly assigned to one of five sequence groups in which each patient was scheduled to treat four separate moderate or severe migraine attacks. Patients in four groups received 10 mg of rizatriptan for three of four attacks and placebo for the remaining attack; patients in the fifth group received 10 mg of rizatriptan for all four attacks. Headache severity, functional disability, and associated migraine symptoms were measured immediately before dosing and at regular intervals up to 4 hours after the dose. The analysis was based on efficacy at 2 hours after dosing, the last time point before escape medications were allowed. The percentages of patients who responded in a specified number of attacks after treatment with rizatriptan were calculated. The analysis was descriptive, and no formal statistical testing was performed. RESULTS: Of the evaluable patients who treated three migraine attacks with 10 mg of rizatriptan (with an additional interspersed placebo-treated attack in most patients), 216 of 252 (86%) had pain relief (reduction of pain to mild or none), 122 of 252 (48%) were pain free, 211 of 250 (84%) had no nausea, 163 of 251 (65%) had no photophobia, 182 of 252 (72%) had no phonophobia, 136 of 249 (55%) had no functional disability, and 233 of 252 (92%) had no need for escape medications at 2 hours after dosing in at least two of three attacks. CONCLUSION: The response to 10 mg of oral rizatriptan within individual patients was consistent over three attacks on a range of measures.",0
W1984102564,Validity of the Migraine Disability Assessment (MIDAS) score in comparison to a diary-based measure in a population sample of migraine sufferers,"The Migraine Disability Assessment (MIDAS) questionnaire is a brief, self-administered questionnaire designed to quantify headache-related disability over a 3 month period. The MIDAS score has been shown to have moderately high test-retest reliability in headache sufferers and is correlated with clinical judgment regarding the need for medical care. The aim of the study was to examine the validity of the MIDAS score, and the five items comprising the score, compared to data from a 90 day daily diary used, in part, to record acute disability from headache. In a population-based sample, 144 clinically diagnosed migraine headache sufferers were enrolled in a 90 day diary study and completed the MIDAS questionnaire at the end of the study. The daily diary was used to record detailed information on headache features as well as activity limitations in work, household chores, and non-work activities (social, family and leisure activities). The MIDAS score was the sum of missed work or school days, missed household chores days, missed non-work activity days, and days at work or school plus days of household chores where productivity was reduced by half or more in the last 3 months. Validity was assessed by comparing MIDAS items and the MIDAS score with equivalent measures derived from the diary. The MIDAS items for missed days of work or school (mean 0.96, median 0) and for missed days of household work (mean 3.64, median 2.0) were similar to the corresponding diary-based estimates of missed work or school (mean 1.23, median 0) and of missed household work (mean 3.93, median 2.01). Values for missed days of non-work activities (MIDAS mean 2.6 and median 1 versus diary mean 2.22 and median 0.95) were also similar. Responses to MIDAS questions about number of days where productivity was reduced by half or more in work (mean 3.77, median 2.00) and in household work (mean 3.92, median 2.00) significantly overestimated the corresponding diary-based measures for work (mean 2.94, median 1.06) and household work (mean 2.22, median 0.98). Nonetheless, the overall MIDAS score (mean 14.53, median 9.0) was not significantly different form the reference diary-based measure (mean 13.5, median 8.4). The correlation between the MIDAS summary score and an equivalent diary score was 0.63. The group estimate of the MIDAS score was found to be a valid estimate of a rigorous diary-based measure of disability. The mean and median values for the MIDAS score in a population-based sample of migraine cases were similar to equivalent diary measures. The correlation between the two measures was in the low moderate range, but expected given that two very different methods of data collection were compared.",0
W2432231507,Functional bowel disease: roles of sensation and motility.,"Functional bowel disorders are collections of symptoms attributable to the mid or lower gastrointestinal tract. The two most common disorders, irritable bowel syndrome and functional dyspepsia, have common etiopathogenetic features, notably psychosocial disturbances, dysmotility and heightened sensitivity. The control mechanisms, pathophysiology, investigation and potential pharmacotherapies of these disorders are reviewed. Serotonergic and adrenergic agents are among the novel approaches that may have a significant impact on these disorders.",0
W2979761951,Sumatriptan for the Range of Headaches in Migraine Sufferers: Results of the Spectrum Study,"BACKGROUND: Migraineurs experience a spectrum of headaches: migraine, migrainous, and episodic tension-type as defined by the International Headache Society (IHS). OBJECTIVE: To evaluate the effectiveness of sumatriptan, 50-mg tablets, in treating the spectrum of headaches in IHS-diagnosed migraineurs. DESIGN/METHODS: Migraineurs with severe disability (Headache Impact Questionnaire score 250 or greater) were enrolled in a randomized, double-blind, placebo-controlled, crossover study. Patients treated up to 10 headaches with sumatriptan, 50 mg, or placebo (4:1). Headache features, recorded prior to treatment, were used to classify each headache using IHS criteria. Headache response (moderate or severe pain reduced to mild or no pain) and pain-free response were recorded at 2 and 4 hours postdose (primary endpoint). Because patients treated multiple attacks, statistical methods controlling for within-subject correlation were used. RESULTS: Two hundred forty-nine migraineurs treated 1576 moderate or severe headaches: migraine (n = 1110), migrainous (n = 103), and tension-type (n = 363). Sumatriptan was superior to placebo for headache response 4 hours postdose (primary endpoint) across all headache types (migraine, 66% versus 48%; P<.001; migrainous, 71% versus 39%; P<.01; tension-type, 78% versus 50%, P<.001). Sumatriptan was also superior to placebo for pain-free response 4 hours postdose for migraine (41% versus 24%, P<.001) and tension-type headaches (56% versus 36%, P =.001). Sumatriptan provided superior pain-free response 2 hours postdose for migraine (18% versus 7%, P<.0001) and tension-type headache (28% versus 14%, P =.0005) compared with placebo. CONCLUSION: Sumatriptan, 50-mg tablets, are effective for the full spectrum of headaches experienced by patients with disabling migraine due to a sumatriptan-responsive mechanism.",0
W1965609186,Treatment of Mild Headache in Disabled Migraine Sufferers: Results of the Spectrum Study,"OBJECTIVE: To evaluate the effectiveness of sumatriptan, 50-mg tablets, versus placebo for early intervention while head pain was mild in patients with disabling migraine. METHODS: A post hoc analysis was performed in a subgroup of patients from a large, randomized, placebo-controlled study of patients with disabling headache who treated while pain was mild. Pain-free response 2 and 4 hours postdose, headache recurrence, and safety were examined. Significance tests were performed only for the first-treated attacks. RESULTS: Twenty-six patients with disabling headache treated 46 mild and 166 moderate or severe headaches. For the first-treated headaches while pain was mild, pain-free rates were significantly higher for sumatriptan than placebo 4 hours postdose (78% versus 0%, P =.02), but not 2 hours postdose (52% versus 0%, P =.22). Across all headaches treated while pain was mild, pain-free responses were higher for sumatriptan than placebo 4 hours (85% versus 17%) and 2 hours (50% versus 0%) postdose compared with placebo. When the same patients treated headaches while pain was moderate or severe, pain-free rates were lower than that reported for treatment during mild pain. There was a trend toward lower headache recurrence in headaches treated while pain was mild compared with moderate or severe pain (13% versus 18%). No drug-related adverse events were reported in the headaches treated while pain was mild. CONCLUSIONS: Patients with disabling migraine may benefit from early intervention with sumatriptan, 50 mg, while pain is mild.",0
W2072857306,Hypnic Headache: Another Indomethacin-Responsive Headache Syndrome?,"Hypnic headache syndrome is a benign, recurrent, late-onset headache disorder that occurs exclusively during sleep. Lithium has been reported to be an effective treatment, but the side effects of this medication are sometimes prohibitive, particularly in the elderly. Other drugs have been reported to be effective in this disorder, including caffeine, flunarizine, and verapamil. Recently, indomethacin has been reported to effectively suppress hypnic headaches. We report the response of seven patients with hypnic headache who were treated with indomethacin. Hypnic headache syndrome appears to represent yet another headache disorder in which there is sometimes an impressive response to indomethacin.",0
W2098106983,A clinical trial on a plate? The potential of 384-well format solid phase extraction for high-throughput bioanalysis using liquid chromatography/tandem mass spectrometry,The application of 384-well format solid phase extraction (SPE) for bioanalysis using liquid chromatography/tandem mass spectrometry (LC/MS/MS) is reported and a 384-well SPE method for the 5-HT agonist sumatriptan in human plasma described. Plasma samples were extracted on a prototype low-density polyethylene 384-well SPE block using a packed bed of 5 mg Oasistrade mark HLB. Liquid handling was automated by a combination of a robotic sampler processor and a 96/384 multi-channel dispensing station. Samples and SPE reagents were drawn through the SPE block by centrifugation. The extracts were analysed by LC/MS/MS with thermally and pneumatically assisted electrospray ionisation and selected reaction monitoring. The method is used to illustrate and discuss the feasibility and viability of sample preparation techniques in high-density microtitre plate format for routine bioanalysis.,0
W2039605384,New avenues in treatment of paediatric migraine: a review of the literature,"BACKGROUND: Headaches are a common problem in paediatric practice. Recurrent headaches can be a significant source of stress for patient and parents, and disruptive regarding school obligations and parental work responsibilities. Most treatment interventions are developed from research data extrapolated from adult studies, with resultant concerns of safety and efficacy when utilizing these therapeutic conclusions in children. METHODS: This paper incorporates current treatment strategies in paediatric migraine utilizing a Medline search of English language studies from January 1988 to December 1999, with a literature search referencing the terms of paediatrics, migraines, headaches, therapy and treatment. Reference sections of the articles were reviewed for pertinent information prior to January 1988. Articles were evaluated systematically to formulate concise terms for diagnosis of paediatric migraine and applicability to clinical treatment studies. Particular emphasis was placed on newer options with relevance in adult treatment such as triptans and anti-epileptic drugs, and their benefit in therapy of paediatric migraine. Non-pharmacological options were also subjected to organized review to determine relevance in treatment of paediatric migraine. RESULTS: The review of the literature indicates that although migraine in childhood and adolescence appears to be increasing in prevalence, few clinical studies are available, with most current treatment recommendations utilizing data from adult studies. CONCLUSION: Further headache treatment studies in the paediatric population are necessary in order to ascertain safety and efficacy of pharmaco-therapeutics in these children. Also, much current interest in treatment in adults with recurrent headaches involves non-pharmacological areas-dietary modification and stress management. Application of these avenues especially warrants further clarification with regard to relevance in paediatric migraine treatment.",0
W113099112,New abortive agents for the treatment of migraine.,,0
W58525860,Triptans in Migraine,,0
W1973349312,Tolerability of sumatriptan: clinical trials and post-marketing experience,"Through December 1998, sumatriptan had been used to treat more than 236 million migraine attacks world-wide. In clinical trials alone, more than 88000 migraine patients had treated more than 300000 migraine attacks with sumatriptan, and 2000 normal healthy volunteers had been exposed to the drug. This paper describes the safety and tolerability profile of sumatriptan in three sections: adverse events reported in clinical trials, special issues, and spontaneous post-marketing reports of adverse reactions. Data from the extensive clinical trials programme coupled with information from nearly 10 years of experience in clinical practice demonstrate that sumatriptan is generally well-tolerated, with an acceptable benefit-risk ratio when used properly. Significant cardiovascular and cerebrovascular events are rare but have been observed. This fact highlights the need for careful patient selection and vigilant adherence to the prescribing recommendations for sumatriptan. The wealth of clinical trials and post-marketing information for sumatriptan may be useful in guiding prescribing decisions for members of this class of drugs.",0
W2088559064,Are Triptans with Enhanced Lipophilicity Used for the Acute Treatment of Migraine Associated with an Increased Consulting Rate for Depressive Illness?,"Sumatriptan, the first marketed triptan, acts predominantly as a peripheral 5-HT 1B/1D agonist. Recently launched (naratriptan and zolmitriptan) triptans with enhanced lipophilicity (TEL) may theoretically reduce central 5-HT levels, potentially exacerbating depressive illness. The aim of this study was to compare depressive illness patient consulting rates (PCR) between the newer triptans and sumatriptan treated patients. Migraine-diagnosed patients were identified from the West Midlands General Practice Research Database (GPRD). Univariate and logistic regression analyses were used to determine the relationship between age, sex, migraine duration, prior depression, prior and current triptan medication and the current PCR for depression. Of a total patient database of 642 000 patients 21 331 (3.3%) had a diagnosis of migraine. From 1993 to 1997, sumatriptan-treated migraineurs had significantly higher depression PCRs (22.3%) compared with non-triptan users (19.3%), a difference of 6.4% (95% confidence interval (CI) 4.6–8.4%, P &lt; 0.001). In the year (April 1997 to March 1998) following the launch of the TELs, depression PCRs were significantly higher among patients using these compounds compared with sumatriptan-treated patients (5.1%, CI 1.8–12.0%, P &lt; 0.05). However, after taking account of prior depression (odds ratio (OR) 6.45, 95% CI 3.63–11.43), TELs were not significantly associated with depression (OR 0.27, 95% CI 0.03–2.13). Furthermore, rates of newly diagnosed depression after treatment were similar in the two triptan groups (sumatriptan 4.2%; TELs 3.9%). Although, the TELs are being prescribed to patients with higher pre-existing rates of depression, they are not associated with subsequently increased consulting for depressive illness compared with patients taking sumatriptan. This study highlights the potential to use GPRD to test targeted hypotheses exploring pharmacovigilance issues for patients using new medicines.",0
W2167662404,Work and Productivity Loss in the Rizatriptan Multiple Attack Study,"The objective of this study was to measure the self-reported effect of acute migraine and its treatment on paid work and productivity loss. Patients self-administered a questionnaire in which the impact of a recent migraine on paid work and productivity activities was assessed. We included the questionnaire in a randomized, double-blind, placebo-controlled, crossover, out-patient study designed to examine the safety and efficacy of rizatriptan (5-HT1B/1D receptor agonist) 10 mg p.o. in patients treating four separate migraine attacks. A total of 407 patients, aged 18-65 years, suffering from moderate to severe migrainous headaches was studied. Patients receiving rizatriptan compared with placebo reported 0.7 fewer hours (P < 0.01) of paid worked missed due to absenteeism, 0.4 fewer hours (P < 0.05) of productive time lost on the job, and 1.1 fewer total hours (P < 0.01) of work loss per migraine attack. Rizatriptan compared with placebo significantly reduced migraine-related work loss associated with absenteeism and decreased effectiveness on the job.",0
W2015729463,Long‐term Efficacy and Safety of Oral Almotriptan: Interim Analysis of a 1‐Year Open Study,"OBJECTIVE: To assess the long-term tolerability and safety of a single, oral 12.5-mg dose of almotriptan and its efficacy in alleviating pain associated with consecutive migraine episodes occurring during a 12-month period. BACKGROUND: While sumatriptan appears to be effective for treatment of migraine, the drug has several properties that limit its use. Almotriptan, a new selective 5-HT1B/1D agonist, may be better tolerated over the long term. METHODS: This 1-year study was conducted on 806 adults between the ages of 18 and 65 years suffering from migraine, either with or without aura. The patients met the criteria for study as outlined by the International Headache Society and were instructed on drug use. Oral almotriptan 12.5 mg was used to treat the attack of any pain severity and a second dose was permitted in case of relapse of pain during the first 24 hours. Rescue medication was provided. Efficacy and tolerability were assessed by a combination of patient reporting and clinical visit evaluations. RESULTS: Overall, almotriptan was well tolerated. At 2 hours, 81% of attacks were relieved; 56% of the subjects were entirely free of pain. These efficacy data are similar for the first as well as the last attack studied. At analysis, 534 patients had treated their migraines for at least 6 months. About half of all patients experienced at least one adverse event, with 87% of the events being mild or moderate in nature. The most frequent adverse events were back pain (7.23% of patients), bronchitis (5.76%), and influenzalike symptoms (5.62%). Seventy-one percent of the adverse events were not related to almotriptan use. CONCLUSIONS: Almotriptan at an oral dose of 12.5 mg is safe antimigraine treatment. The safety profile results are similar to those obtained in other controlled triptan clinical studies. Almotriptan is efficacious in moderate-to-severe migraine pain and can be used repeatedly in recurrent episodes. The long-term safety data will be reanalyzed when full data become available.",0
W2169042796,"One-year tolerability and efficacy of sumatriptan nasal spray in adolescents with migraine: results of a multicenter, open-label study",,0
W43117497,Rational migraine management: optimising treatment with the triptans.,"In the last two years, a number of 5-HT1B/1D agonist triptans with enhanced lipophilicity (TELs) relative to the first drug of this class, sumatriptan, have been approved for marketing in most countries of the world (naratriptan, rizatriptan and zolmitriptan). In addition, at least three others are in advanced stage of clinical development (almotriptan, eletriptan, and frovatriptan). This paper sets out to review the recent data with the aim of identifying: 1) What are the critical differences between the TELs and sumatriptan? 2) How do the currently licensed TELs compare? 3) Is it possible to provide a rational approach to migraine therapy based on objective differences in the clinical profile of these new drugs? Recent randomised controlled and comparator data were reviewed, including the independent FDA assessment of rizatriptan. Critical differences for the new TELs (naratriptan, rizatriptan and zolmitriptan) which may lead to more rational migraine management: Both rizatriptan (10 mg) and zolmitriptan (2.5 mg and 5.0 mg) have demonstrated superior efficacy to sumatriptan 100 mg, and 25 and 50 mg respectively. Therefore, for first line use either rizatriptan or zolmitriptan would be appropriate for moderate and severe headache. Rizatriptan has a more rapid onset of action than sumatriptan 100 mg. Both rizatriptan and zolmitriptan have a more rapid onset of action than naratriptan. Therefore, for a rapid onset of action either rizatriptan or zolmitriptan would be appropriate. Naratriptan would appear to have a lower recurrent headache rate than sumatriptan, rizatriptan or zolmitriptan. However, 24-hour efficacy rates for zolmitriptan 2.5 mg were significantly greater than for sumatriptan 25 mg and 50 mg and were not significantly different from naratriptan. Therefore, for headaches of long duration and with a tendency to recur (e.g. menstrual headaches) either naratriptan or zolmitriptan would be appropriate. Naratriptan has lower reported adverse event rates comparable with placebo. This would support the use of naratriptan 2.5 mg in patients who have demonstrated poor tolerance to the ""triptan type"" adverse events.",0
W2413576516,The effectiveness of combined oral lysine acetylsalicylate and metoclopramide (Migpriv) in the treatment of migraine attacks. Comparison with placebo and oral sumatriptan.,"In two, double-blind, randomised, clinical, trials (RCTs), oral lysine acetylsalicylate (1620 mg, equivalent to 900 mg aspirin) combined with metoclopramide (10 mg) (LAS + MTC) was compared with placebo, and with oral sumatriptan (100 mg) in one of these RCTs. In both RCTs the LAS + MTC combination was superior to placebo with therapeutic gains (percentage relief after active treatment minus percentage relief after placebo) of 30% and 31% for the first treated attack. These therapeutic gains are in the same range as those found for 100 mg oral sumatriptan, and in the comparative RCT the LAS + MTC combination was quite comparable to 100 mg sumatriptan, with success rates for the first attack of 57% and 53%, respectively.",0
W49432400,NSAIDs: behind the mechanisms of action.,"Non-steroidal anti-inflammatory drugs (NSAIDs) are a heterogeneous group of compounds. These heterogeneous agents have a similar therapeutic action for the treatment of pain, fever and inflammation. The major mechanism of action of NSAIDs is the inhibition of cyclooxygenase (COX), the enzyme catalysing the synthesis of prostaglandins (PGs). Appropriate and effective treatment for migraine depends upon an accurate diagnosis. The goals of treatment are amelioration of the symptoms of an acute attack and prevention of further attacks.",0
W168995872,Pharmacology of emesis and gastrointestinal motility: implications for migraine.,"This paper outlines the physiopharmacology of emesis and its gastrointestinal motor correlates in relation to the possible treatment strategies of a migraine attack. The gastrointestinal motor correlates of vomiting consist of a stereotyped motor response to diverse stimuli and basically include gastric relaxation and a series of events (intestinal motor inhibition and disruption of slow wave activity) in preparation for the occurrence of a retrograde giant contraction that propagates orally and empties intestinal contents into the stomach. These motor correlates always accompany vomiting, but may also appear as an independent phenomenon. Antidopaminergic agents, such as metoclopramide and domperidone, have antiemetic/prokinetic properties, block the gastrointestinal motor correlates of vomiting and may speed up absorption of antimigraine agents. The use of 5-HT4 receptor agonists may be an alternative strategy to achieve prokinesia during a migraine attack, although this issue still needs to be fully addressed by controlled studies. Sumatriptan was found to induce gastric relaxation and delay gastric emptying, but the impact of these effects during a migraine attack remains to be determined.",0
W2137280469,Evidence-Based Migraine Therapy: Learning Needs and Knowledge Assessment,"One of the primary goals of continuing medical education (CME) is to enhance the learners' performance, and a major goal of evidence-based medicine (EBM) is to improve knowledge of current best care. This paper overviews the use of a Learning Needs and Knowledge Assessment tool to highlight the potential learning needs and knowledge of neurologists and to focus the issues, interest and interactions of neurologists in a workshop on EBM migraine therapy. Virtually all neurologists felt they used evidence-based medicine in their daily practice. Surprisingly, 50% of neurologists agreed that they were uncertain which triptan to use. The great majority of neurologists felt that the triptans were not all equally efficacious. Our survey identified significant knowledge gaps among neurologists regarding how to appraise the validity of evidence from a randomized clinical trial, and with regard to what are the most clinically useful measures of benefit in clinical trials.",0
W2150172330,Pharmacokinetics of Naratriptan in Adolescent Subjects with a History of Migraine,"Naratriptan is a novel 5-HT1 agonist developed to treat acute migraine. The study objective was to characterize the pharmacokinetics of oral naratriptan in adolescent migraine patients outside a migraine attack. Subjects received a single 2.5 mg naratriptan tablet. Serial serum samples for naratriptan concentrations were collected over 24 hours. Blood pressure, pulse rate, and 12-lead ECG were recorded at baseline and at regular intervals after dosing. Seven patients--3 males and 4 females, 12 to 16 years of age--received drug and completed the study. The geometric mean and 95% confidence interval maximum concentration (Cmax) was 8.0 ng/mL (5.9-10.7), elimination half-life (t1/2) was 4.9 hours (4.5-5.4), area under the concentration-time curve (AUC) was 74.6 ng.h/mL (56.6-98.2), and apparent total clearance (Cl/F) was 558.8 mL/min (424.3-735.9). The median time to maximal concentration (tmax) was 4 hours, with a range of 1.5 to 4. Blood pressure, pulse rate, and ECG parameters did not change significantly from baseline. No serious adverse events or subject withdrawal after drug administration occurred. Oral naratriptan pharmacokinetic parameters in adolescents were similar to values reported in adults. Naratriptan doses for adolescents older than 12 years of age would be expected to be similar to adult doses.",0
W2086110314,Evaluation of the Potential Pharmacokinetic Interaction between Almotriptan and Fluoxetine in Healthy Volunteers,"This study was designed to assess the pharmacokinetics of almotriptan, a 5HT1B/1D agonist used to treat migraine attacks, when administered in the presence and absence of fluoxetine. Healthy male (n = 3) and female (n = 11) volunteers received (1) 60 mg fluoxetine daily for 8 days and 12.5 mg almotriptan on Day 8 and (2) 12.5 mg almotriptan on Day 8, according to a two-way crossover design. Plasma and urinary almotriptan concentrations were measured by HPLC methods. Treatment effects on pharmacokinetic parameters were assessed by analysis of variance. Mean almotriptan Cmax was significantly higher following combination treatment with fluoxetine (52.5 +/- 11.9 ng/ml vs. 44.3 +/- 10.9 ng/ml, p = 0.023). Mean AUC0-infinity was not significantly affected by fluoxetine coadministration (353 +/- 55.7 ng.h/ml vs. 333 +/- 33.6 ng.h/ml, p = 0.059). Confidence interval analysis (90%) of log-transformed pharmacokinetic parameters showed that the confidence interval for AUC0-infinity was within the 80% to 125% limit for equivalence, but Cmax was not (90% CI 106%-134% of the reference mean). Adverse events were mild to moderate in intensity, and no clinically significant treatment effects on vital signs or ECGs were observed. The results show that fluoxetine has only a modest effect on almotriptan Cmax. Concomitant administration of the two drugs is well tolerated, and no adjustment of the almotriptan dose is warranted.",0
W1995973379,"Treatment satisfaction, functional status, and health-related quality of life of migraine patients treated with almotriptan or sumatriptan",,0
W2431536808,PHARMACOLOGY AND EFFICACY OF ELETRIPTAN FOR THE TREATMENT OF MIGRAINE ATTACKS,"Sumatriptan, a 5-HT 1B/1D agonist, was introduced 10 years ago and was the most effective therapy for migraine attacks at that time. Eletriptan is a new 5-HT 1B/1D agonist with high potency and selectivity at 5-HT 1B/1D receptors. It is effective in animal models in which the vascular and neurogenic mechanisms implicated in migraine were measured. Eletriptan is selective for the intracranial blood vessels over other extracranial vasculature, in particular coronary arteries. Eletriptan has a rapid and complete oral absorption and a good oral bioavailability in migraineurs. In comparative trials 20 mg, 40 mg and 80 mg eletriptan, 100 mg sumatritpan and placebo were compared for the treatment of migraine attacks. All three doses of eletriptan were statistically superior to placebo for headache response and headache-free patients. The 80 mg dose of eletriptan was also superior to sumatriptan 100 mg. Headache recurrence, defined as return of moderate or severe headache within 24 hours of dosing and following a headache response at two hours after initial dosing, occurred in 33% of the patients following 100 mg sumatriptan and in 28%, 34% and 32% after 20 mg, 40 mg and 80 mg eletriptan. In another large trial, headache response rates were significantly higher for both doses of eletriptan (64% for 40 mg and 67% for 80 mg) than for two doses of sumatriptan (50% for 50 mg and 53% for 100 mg). Eletriptan 40 mg or 80 mg was also superior to ergotamine plus caffeine (Cafergot). In summary, eletriptan is a highly effective and fast-acting drug for the treatment of acute migraine attacks.",0
W2020786891,Effectiveness of Eletriptan in Reducing Time Loss Caused by Migraine Attacks,,0
W2320615527,Hemodynamic and Electrocardiographic Effects of Almotriptan in Healthy Volunteers,"We studied the possible cardiovascular effects of single oral doses of 12.5, 25, and 50 mg of almotriptan, a new triptan for treatment of migraine, in a randomized, double-blind, four-way crossover, placebo-controlled study in 24 healthy volunteers aged 18 to 35 years. Doses were given at 1-week intervals. Cardiovascular effects were assessed by frequent recording of blood pressure and heart rate, 12-lead electrocardiogram (ECG) (recorded at 25 mm/s paper speed and 1 cm/mV and at 50 mm/s and 2 cm/mV), and continuous ECG monitoring for 12 h after each dose. ECG variables, PR, QRS, QT interval, and QT dispersion, were measured. QT intervals were adjusted for heart rate using Bazett's formula. None of the doses of almotriptan differed significantly from placebo with respect to PR, QRS, or QTc intervals, QTc dispersion, heart rate, or continuous ECG monitoring. Almotriptan 12.5 mg did not differ significantly from placebo with respect to systolic or diastolic blood pressure, but almotriptan 25 and 50 mg raised systolic blood pressure by a mean of 2.78 and 4.17 mm Hg, and diastolic blood pressure by 3.77 and 6.11 mm Hg, respectively, during 0 to 4 h after dosing. Thus none of the doses of almotriptan affected the ECG, and the 12.5-mg dose (the expected therapeutic dose) had no hemodynamic effects. Almotriptan in doses of 25 and 50 mg caused a small, dose-related increase in systolic and diastolic blood pressure, as seen with other triptans.",0
W2051549061,Migraine pharmacotherapy with oral triptans: a rational approach to clinical management,"The recent clinical development of a number of migraine specific 5-HT1B/1D agonist triptans with enhanced lipophilicity (TELs), relative to the first drug of this class sumatriptan, and with a range of different metabolic, pharmacokinetic and receptor affinity profiles, provides the potential for critically different clinical profiles. Eletriptan, naratriptan, rizatriptan and zolmitriptan display both increased stability to first pass metabolic inactivation by monoamine oxidase (MAO-A) and enhanced lipophilicity (4- to > 120-fold more than sumatriptan), leading to increased oral bioavailability (2- to 5-fold more than the 14% reported for oral sumatriptan). Central penetration and increased receptor affinity and selectivity for the neuronal (5-HT1D) receptor also combine to allow for lower total oral dosing (i.e., unit doses of 15 mg or less compared with 50-300 mg doses of sumatriptan) and reduced peripheral exposure to the coronary vasoconstrictor (5-HT1B) receptor. The notable exception being eletriptan, where an active P-glycoprotein blood-brain barrier efflux system effectively negates these benefits and requires an 80 mg oral dose. Differences in the metabolic balance between hepatic P450 (especially CYP 1A2) and MAO-A inactivation lead to potential drug interactions for all TELs with the oral contraceptive pill (OCP), fluvoxamine and the quinilone antibiotics (with increased triptan levels). An important but complex MAO-A interaction between a metabolite of propranolol and rizatriptan mandates dosage reduction (to 5 mg) for rizatriptan in the presence of propranolol treatment. There is also an absolute contraindication for the concurrent administration of the MAO-A inhibitor moclobemide and rizatriptan. All the new-marketed TELs have potential clinical benefits and were well-tolerated relative to sumatriptan. Both rizatriptan (10 mg) and zolmitriptan (2.5 mg and 5 mg) demonstrate at least equivalent efficacy to sumatriptan 25, 50 and 100 mg, respectively, making them suitable first line agents for moderate or severe migraine headaches. Rizatriptan has the fastest onset of effect of the TELs. Naratriptan would appear to have lower recurrent headache rate than sumatriptan, rizatriptan or zolmitriptan. Therefore, for headaches of long duration and with a tendency to recur naratriptan may be the most appropriate treatment. Thus, knowledge of the metabolic, pharmacokinetic and clinical profiles of the TELs facilitates the selection of a triptan which allows optimisation of the clinical benefits for individual patients, minimising the risk of drug interactions and a minimally effective dose to reduce potential adverse events (AEs).",0
W168258910,Progress in Clinical Neurosciences A Systematic Review of the Use of Triptans in Acute Migraine,"OBJECTIVE: A systematic review of the literature was undertaken, to consolidate evidence concerning the efficacy and safety of triptans currently available in Canada (sumatriptan, rizatriptan, naratriptan, zolmitriptan), and to provide guidelines for selection of a triptan. METHODS: Data from published, randomized, placebo-controlled trials were pooled and a combined number needed to treat (NNT) and number needed to harm (NNH) was generated for each triptan. Direct comparative trials of triptans were also examined. RESULTS: The lowest NNT for headache response/pain-free at one/two hours is observed with subcutaneous sumatriptan. Among the oral formulations, the lowest NNT is observed with rizatriptan and the highest NNT with naratriptan. The lowest NNH is observed with subcutaneous sumatriptan. CONCLUSIONS: Triptans are relatively safe and effective medications for acute migraine attacks. However, differences among them are relatively small. Considerations in selecting a triptan include individual patient response/tolerance, characteristics of the attacks, relief of associated symptoms, consistency of response, headache recurrence, delivery systems and patient preference.",0
W2019449463,"Naratriptan as Short‐Term Prophylaxis of Menstrually Associated Migraine: A Randomized, Double‐Blind, Placebo‐Controlled Study","OBJECTIVE: To determine the efficacy of naratriptan 1-mg and 2.5-mg tablets twice daily compared with placebo as short-term prophylaxis of menstrually associated migraine. BACKGROUND: Approximately 60% of women with migraine report headaches associated with their menstrual cycles. Results from an open-label study suggest that short-term administration of sumatriptan is useful in the prophylaxis of menstrually associated migraine. METHODS: A randomized, double-blind, three-arm, parallel-group, placebo-controlled study was conducted in women aged 18 years or older with a history of migraine with or without aura, as defined by the International Headache Society, of at least 6 months. Two dose strengths of naratriptan (1 mg, 2.5 mg) or identical-appearing placebo tablets (1:1:1) were administered twice daily for 5 days starting 2 days prior to the expected onset of menses across four perimenstrual periods. End points included the number of menstrually associated migraines, total migraine days, peak headache severity, lost work/activity time, migraine-related quality of life, and incidence of adverse events. RESULTS: Overall, the intent-to-treat population comprised 206 women (naratriptan 1 mg, n = 70; naratriptan 2.5 mg, n = 70, and placebo, n = 66); 171 women treated four perimenstrual periods. Significantly more perimenstrual periods per subject treated with naratriptan, 1 mg, were headache-free compared with placebo (50% versus 25%, P =.003). Naratriptan, 1 mg, significantly reduced the number of menstrually associated migraines (2.0 versus 4.0, P <.05) and menstrually associated migraine days (4.2 versus 7.0, P <.01) compared with placebo. More patients treated with naratriptan, 1 mg, were headache-free across all treated perimenstrual periods compared with placebo (23% versus 8%). No difference in headache severity was observed in breakthrough headaches. The incidence and severity of adverse events was similar across treatment groups. Naratriptan, 2.5 mg, was not statistically superior to placebo for any measure. CONCLUSIONS: Naratriptan, 1 mg, with tolerability similar to placebo, is an effective, short-term, prophylactic treatment for menstrually associated migraine.",0
W2062780301,Differentiating the Efficacy of 5‐HT <sub>1B/1D</sub> Agonists,"OBJECTIVE: To examine, for a set of published clinical trials of serotonin (5-HT(1B/1D)) agonists as acute treatments for migraine, whether transformation of efficacy data into therapeutic gain (TG) or number needed to treat (NNT) is useful. BACKGROUND: Pivotal clinical trials of 5-HT(1B/1D) agonists in migraine use a primary end point of change in pain score from 3 or 2 to 1 or 0. Placebo response rates among such studies are variable. Meta-analytic comparisons of 5-HT(1B/1D) agonists often employ TG and NNT as efficacy measures. METHODS: Data from US product labeling or published sources were converted into TG (TG = active response rate [%] - placebo response rate [%]) and NNT (NNT = 1/TG). Pivotal clinical trial data were compared before and after transformation. RESULTS: Therapeutic gain ranged from 17.5% to 51%. The transformation of TG into NNT yielded no clinically significant difference in efficacy estimate for the range of 17.5% to 47% (N = 29 clinical trials). However, NNT and TG had a nonlinear relationship for some secondary end points. When the relationship between the standard primary and secondary end points was compared, the correlation of TG with clinical disability (Pearson coefficient R = 0.93) was stronger than for NNT. Placebo response rates correlated more strongly with NNT (R = 0.66) than active response rates (R = 0.42; N = 29 clinical trials), although both TG and NNT were sensitive to placebo response rate. CONCLUSIONS: Transforming efficacy rates into TG or NNT adds no new information to placebo-controlled trials. The variables, TG and NNT, should not be used to compare members of this class of drugs. Migraine therapies can only be compared using well-designed head-to-head studies and not by meta-analysis. Broader measures of efficacy should be used to describe and compare 5-HT(1B/1D) efficacy.",0
W1981588447,Efficacy and Tolerability of Rizatriptan 10 mg in Migraine: Experience With 70 527 Patient Episodes,"As patients who suffer from migraine need long-term treatment, the safety and consistent efficacy of such therapy is very important. Concurrent illness and additional medication can interfere with the treatment chosen for the attacks of migraine. The objective of this open-label study was to investigate the efficacy and tolerability of rizatriptan, in the treatment of up to three attacks of migraine, in the clinical setting. From October 1998 to July 1999, 6 174 doctors enrolled 33 147 patients into the study (26 644 women, 650 men). The mean age was 42.7 years. We were able to examine standardized migraine diaries relating to 25 501 patients and 70 537 migrainous episodes. Rizatriptan scored consistently high on efficacy and showed a consistently rapid onset. There was no evidence of tolerance to repeated use. An effect was reported within 1 hour of ingestion in 79% of attacks treated. In 27.8% of attacks, remission of headache was complete at 1 hour. Two hours after ingestion, 74% of attacks had subsided completely. Repeated administration of rizatriptan was well tolerated, and few adverse effects were seen. The most common unwanted effects were dizziness, weakness, fatigue, and nausea. No cardiovascular disturbance was seen. In the clinical setting, rizatriptan, 10 mg, is an effective and well-tolerated agent for the treatment of migraine attacks. Particularly noteworthy is the rapid onset of effect, with swift disappearance of headache. Rizatriptan has a favorable side effect profile, and, provided contraindications are observed, severe adverse cardiovascular complications are extremely unlikely.",0
W2020353238,Zolmitriptan Versus Sumatriptan Comparison Trial,,0
W1683083327,Comparison of rizatriptan and sumatriptan: a reply to O'Quinn et al.,,0
W1963748811,Headache and Cardiovascular Risk Factors: Positive Association With Hypertension,"The study analyzes the prevalence of cardiovascular risk factors in 1343 patients with severe headache (399 men and 944 women), aged 15 to 64 years; analyses were controlled for sex, age, and type and frequency of headache. Prevalence of various forms of headache was different between men and women. Age and days per year with headache were significantly different among various forms of headache. For men and women with headache, age directly related to prevalence of hypertension, hypercholesterolemia, and obesity. Due to low prevalence, analyses by age were not done for diabetes mellitus. For cigarette smoking, prevalence was not related to age in men, but was inversely related to age in women. With control for age, prevalence of cardiovascular risk factors was not significantly different among patients with different forms of headache, except for cluster headache. Among men with cluster headache, prevalence was high for cigarette smoking, but low for hypercholesterolemia. With control for age, days per year with headache did not relate to prevalence of cardiovascular risk factors except for cigarette smoking in men. Compared to data for a population sample used as control, patients with headache had higher prevalence of hypertension in both sexes, independent of age (odds ratio 1.51, 95% confidence interval 1.28 to 1.80); the difference between patients with headache and the control population was lower with increasing age. The high prevalence of hypertension among patients with headache was not due to overweight. The data indicate that headache is significantly associated with hypertension, but not with other cardiovascular risk factors.",0
W2406237847,Letters to the Editor,,0
W2069408142,The Multinational Impact of Migraine Symptoms on Healthcare Utilisation and Work Loss,,0
W2039623332,Crossover Comparison of Rizatriptan 5 mg and 10 mg Versus Sumatriptan 25 mg and 50 mg in Migraine,"Rizatriptan is a selective 5-HT1B/1D receptor agonist with rapid oral absorption and early onset of action in the acute treatment of migraine. This double-blind, placebo-controlled, crossover study compared rizatriptan 5 mg versus sumatriptan 25 mg, and rizatriptan 10 mg versus sumatriptan 50 mg. A total of 1329 patients were allocated to one of five groups for treatment of two attacks: rizatriptan 5 mg/sumatriptan 25 mg; sumatriptan 25 mg/rizatriptan 5 mg; rizatriptan 10 mg/sumatriptan 50 mg; sumatriptan 50 mg/rizatriptan 10 mg; placebo/placebo. For each attack, patients rated headache severity, presence of associated symptoms, and functional disability prior to dosing and at intervals through 4 hours thereafter. Patients also rated their satisfaction with medication. Rizatriptan 5 mg and 10 mg provided faster relief of headache pain and greater relief of migraine symptoms than the 25-mg and 50-mg doses of sumatriptan, respectively. The response to rizatriptan was better than sumatriptan on additional measures including functional disability and satisfaction with medication. All active treatments were highly effective compared to placebo and acted as early as 30 minutes after dosing. All active treatments were well-tolerated and showed comparable safety profiles.",0
W1966324558,Oral Rizatriptan Versus Oral Sumatriptan: A Direct Comparative Study in the Acute Treatment of Migraine,"Rizatriptan is a potent, oral, 5-HT1B/1D agonist with more rapid absorption and higher bioavailability than oral sumatriptan. It was postulated that this would result in more rapid onset of effect. This randomized, double-blind, triple-dummy, parallel-groups study compared rizatriptan 5 mg, rizatriptan 10 mg, sumatriptan 100 mg, and placebo in 1268 outpatients treating a single migraine attack. Headache relief rates after rizatriptan 10 mg were consistently higher than sumatriptan at all time points up to 2 hours, with significance at 1 hour (37% versus 28%, P = 0.010). All active agents were significantly superior to placebo with regard to headache relief and pain freedom at 2 hours (P < or = 0.001). The primary efficacy endpoint of time to pain relief through 2 hours demonstrated that, after adjustment for age imbalance, rizatriptan 10 mg had earlier onset than sumatriptan 100 mg (P = 0.032; hazard ratio 1.21). Rizatriptan 10 mg was also superior to sumatriptan on pain-free response (P = 0.032), reduction in functional disability (P = 0.015), and relief of nausea at 2 hours (P = 0.010). Significantly fewer drug-related clinical adverse events were reported after rizatriptan 10 mg (33%, P = 0.014) compared with sumatriptan 100 mg (41%). We conclude that rizatriptan 10 mg has a rapid onset of action and relieves headache and associated symptoms more effectively than sumatriptan 100 mg.",1
W2091825976,Efficacy and Safety of Rizatriptan Versus Standard Care During Long‐term Treatment for Migraine,"Rizatriptan is a novel, selective 5-HT1B/1D receptor agonist with a rapid onset of action after oral dosing for the acute treatment of migraine. We conducted a long-term (up to 1 year), multicenter, randomized study in 1831 patients treating more than 46,000 attacks to compare the efficacy and tolerability of rizatriptan 5 mg and 10 mg to standard care medications routinely used for the acute treatment of migraine attacks. Both doses of rizatriptan were highly effective, without evidence of tachyphylaxis. Rizatriptan 10 mg was consistently superior (P < 0.05), both to the 5-mg dose and to standard care, in providing relief in 90% of attacks, with 50% pain-free by 2 hours after dosing. The most common dose-related adverse events were nausea, somnolence, and asthenia/fatigue. Based on this large, multicenter, long-term trial, rizatriptan is an important new oral agent for the acute treatment of migraine.",0
W2091363821,Efficacy and tolerability of sumatriptan in the treatment of multiple migraine attacks,,0
W2065781215,Cluster headache: review of the literature,,0
W2020882008,Topical Review : Preventive Therapy in Pediatric Migraine,"Preventive therapy for migraine headache includes identification of migraine precipitants, possible adjustments in lifestyle, appropriate management of acute headache, and, when necessary, the use of pharmacologic agents. There are no well-controlled clinical trials with sufficient patient numbers to support the use of any agent in the prevention of migraine headache in children. Data on the use of amitriptyline and divalproex sodium in open-label studies suggest that these agents may be efficacious. The mechanism of action for these agents is unknown but may be related to the 5-hydroxytyptamine-2 (5-HT2) receptor antagonism or regulation of ion channels. A review of the pertinent literature on migraine prophylaxis in children is presented. Dosing guidelines are presented based on the limited data available and clinical experience.",0
W2133451210,Effects of encapsulation on absorption of sumatriptan tablets: data from healthy volunteers and patients during a migraine,,0
W1988486442,"Efficacy, tolerability, and patient satisfaction with 50- and 100-mg sumatriptan tablets in those initially dissatisfied with the efficacy of 50-mg sumatriptan tablets",,0
W2147169950,"Sumatriptan: Economic Evidence for Its Use in the Treatment of Migraine, the Canadian Comparative Economic Analysis","The objective of this study was to evaluate economic and health effects of sumatriptan relative to customary therapy in Canada. The relationship between treatment and functionality was established based on analysis of existing data from a multinational study. A Monte Carlo model was developed to simulate 1 year for each of customary therapy and six sumatriptan formulations. Costs are expressed in 1998 Canadian dollars. Sumatriptan is expected to reduce the time spent with migraine symptoms and resulting time lost. Under customary therapy, the annual cost of lost time is estimated at pound908 ($1973). With sumatriptan, these costs ranged from pound406 ($882) with subcutaneous sumatriptan to pound577 ($1254) with nasal sumatriptan 10 mg, saving pound331-502 ($719-1091) in the annual cost of time lost. All these benefits are expected to be obtained at an additional drug cost ranging from pound869 ($1889) for subcutaneous sumatriptan to pound278 ($605) for sumatriptan suppository. The cost of sumatriptan treatment is significantly offset by a substantial reduction of costs associated with time lost due to migraine symptoms.",0
W2124983476,"Lack of Pharmacokinetic Interaction Between the Antimigraine Compound, Almotriptan, and Propranolol in Healthy Volunteers","This study was designed to assess the pharmacokinetics of almotriptan, a 5-HT1B/1D agonist, when administered in the presence and absence of propranolol. Healthy male (n = 10) and female (n = 2) volunteers received (i) 80 mg propranolol twice daily for 7 days and 12.5 mg almotriptan on day 7, and (ii) 12.5 mg almotriptan on day 7, according to a two-way crossover design. Plasma and urinary almotriptan concentrations were measured by high performance liquid chromatography (HPLC) methods. Treatment effects on pharmacokinetic parameters were assessed by analysis of variance (ANOVA). Statistically significant differences between treatments in area under the curve (AUC), clearance, and half-life were observed (P < 0.03), but these differences were < 7%. Ninety percent confidence interval analysis of log-transformed pharmacokinetic parameters showed that the treatments were equivalent. Adverse events were mild to moderate in intensity, and no treatment effects on vital signs were observed. The results show that propranolol has no effect on the pharmacokinetics of almotriptan. Concomitant administration of the two drugs is well tolerated.",0
W3152237044,Rizatriptan Wafer—Sublingual vs. Placebo at the Onset of Acute Migraine,,0
W2049896938,Workplace Productivity,,0
W2081542200,"Sumatriptan, 5-HT1D receptors and obsessive-compulsive disorder",,0
W2010911492,Sumatriptan Nasal Spray and Cognitive Function During Migraine: Results of an Open‐Label Study,"OBJECTIVE: To examine measures of cognitive function during acute migraine, before and after treatment with sumatriptan nasal spray, 20 mg. BACKGROUND: Migraineurs frequently report symptoms of cognitive impairment during migraine. The efficacy of sumatriptan for treatment of migraine-related cognitive impairment is undocumented. METHODS: This open-label, single-attack study of 28 subjects used the Headache Care Center-Automated Neuropsychological Assessment Metrics, a computerized neuropsychological assessment battery, to measure cognitive function under three patient conditions: migraine-free, untreated migraine, and following sumatriptan (primary outcome). Headache response and pain-free response, percent effectiveness, and clinical disability were measured. RESULTS: Cognitive function (simple reaction time, sustained attention/concentration, working memory, visual-spatial processing) and alertness/fatigue were adversely affected during migraine compared with migraine-free performance (P<.05), and rapidly restored following sumatriptan nasal spray, 20 mg (P<.05). Headache and pain-free response were 86% and 68%, respectively, at 135 minutes postdose. Changes in migraine pain severity, clinical disability, and percent effectiveness following treatment with sumatriptan nasal spray, 20 mg, were significantly correlated with cognitive function measures across all subtests (P<.001). CONCLUSIONS: Sumatriptan nasal spray, 20 mg, restored migraine-related cognitive function and clinical disability.",0
W2150343908,"Comparative Study of a Combination of Isometheptene Mucate, Dichloralphenazone With Acetaminophen and Sumatriptan Succinate in the Treatment of Migraine","OBJECTIVE: To compare the safety and efficacy of isometheptene mucate, dichloralphenazone with acetaminophen to sumatriptan succinate for the treatment of mild-to-moderate migraine, with or without aura, when taken at the first sign of an attack. BACKGROUND: The Food and Drug Administration approved sumatriptan succinate and the combination of isometheptene mucate, dichloralphenazone with acetaminophen for the treatment of migraine. As part of the stratified treatment of migraine, those patients whose headaches are mild or moderate may benefit from nontriptan medications. Additionally, early treatment of acute migraine before the headache has become moderate or severe may improve response to treatment. METHODS: This was a multicenter, double-blind, randomized, parallel-group study to assess the safety and efficacy of the combination of isometheptene mucate, dichloralphenazone with acetaminophen and sumatriptan succinate in the early stages of a single migraine attack. Patients diagnosed with migraine, with or without aura, as defined by the International Headache Society diagnostic criteria were enrolled. RESULTS: One hundred thirty-seven patients were enrolled in the study. Data for efficacy were available for 126 patients; safety data were available for 128 patients. No statistically significant difference between the two active agents in the patient's response to treatment was demonstrated. Headache recurrence was not significantly different over the 24-hour evaluation period for those patients responding in the first 4 hours. In those with headache recurrence, it was statistically significantly more severe in those patients treated with sumatriptan succinate. Improvement in functional disability was, in general, better among those treated with isometheptene mucate, dichloralphenazone with acetaminophen. Global analysis of efficacy was similar in the two active groups. Patients treated with sumatriptan succinate were somewhat more likely to have adverse effects than the isometheptene mucate, dichloralphenazone with acetaminophen group. CONCLUSIONS: Both isometheptene mucate, dichloralphenazone with acetaminophen and sumatriptan succinate are safe and effective when used early in the treatment of an acute migraine. Several parameters suggest that isometheptene mucate, dichloralphenazone with acetaminophen may have a slight advantage compared with sumatriptan succinate in the early treatment of mild-to-moderate migraine.",0
W2052494792,Pharmacokinetics and Pharmacodynamics of the Triptan Antimigraine Agents,,0
W2172117724,"Zolmitriptan versus sumatriptan for the acute oral treatment of migraine: a randomized, double‐blind, international study","This randomized, double-blind, parallel-group study compared the efficacy and tolerability of zolmitriptan (2.5 or 5 mg) and sumatriptan (50 mg) in the acute oral treatment of up to six moderate-to-severe migraine attacks. The intention to treat (ITT) population comprised of 1522 patients: 500 treated with zolmitriptan 2.5 mg (2671 attacks), 514 with zolmitriptan 5 mg (2744 attacks) and 508 with sumatriptan 50 mg (2693 attacks). Overall, the 2-h headache response rates in these groups were 62.9, 65.7 and 66.6%, respectively. There were no statistically significant differences between sumatriptan 50 mg and zolmitriptan 2.5 mg (P = 0.12) or 5 mg (P = 0.80). Approximately 40% of patients in each group reported a 2-h headache response in > or = 80% of attacks. There were no statistically significant differences between the groups in the rates of headache response at 1 h (zolmitriptan 2.5 mg 36.9%, zolmitriptan 5 mg 39.5% and sumatriptan 50 mg 38.0%) or 4 h (70.3, 72.9 and 72.2%, respectively) or in the rates of meaningful migraine relief at 1, 2 or 4 h or sustained (24-h) pain relief. All treatments were well tolerated. In conclusion, zolmitriptan (2.5 or 5 mg) proved similarly efficacious compared with sumatriptan (50 mg), both in terms of response rates and consistency across attacks.",1
W2002903785,Headache and female hormones: what you need to know,"The normal female lifecycle is associated with hormonal milestones, including menarche, pregnancy, contraceptive use, menopause, and the use of replacement sex hormones. Attacks of migraine without aura, but not with aura, are more likely to occur 2 days before onset and on the first 2 days of menses, but they are not more severe than those that occur outside the perimenstrual period. Oral sumatriptan and naratriptan are effective as short-term perimenstrual prophylaxis. Postdural headache can occur during the postpartum period. The International Headache Society Task Force assessed the efficacy of treatment of women who had migraine with combined oral contraceptives and hormone replacement therapy, as well as the risk of ischemic stroke associated with their use. There is no contraindication to the use of oral contraceptives in women with migraine in the absence of migraine aura or other risk factors. There is a potentially increased risk of ischemic stroke in women with migraine who are using combined oral contraceptives and have additional risk factors that cannot easily be controlled, including migraine with aura. There is no compelling evidence that postmenopausal hormone replacement therapy either decreases or increases stroke risk.",0
W2314485247,Recent development in paediatric headache,"Headache is one of the most common disorders that occurs during the early, developmental years of life. The present review critically discusses the most recently published reports concerning headache with onset in youngsters, delineating the current status of research in the various fields and outlining areas that require further investigation. Age-related characteristics need to be taken into account with considering the aetiology, diagnosis and treatment of juvenile headache.",0
W2013421525,Pharmacological opportunities and pitfalls in the therapy of migraine,"The mild vasoconstrictor effects of modern antimigraine drugs, such as serotonin (5-HT; 5-hydroxytryptamine)1B/D agonists, have led to a search for nonvasoconstrictor approaches to therapy. Such approaches have included substance P (neurokinin I) antagonists, endothelin antagonists and highly specific 5HT1D agonists. All of these substances are effective in animal models and have no significant vasoconstrictive effects. However, all of them failed to demonstrate any antimigraine effects. Current clinical and experimental evidence therefore supports the view that isolated peripheral trigeminal nerve inhibition is insufficient to relieve acute migraine.",0
W2257885467,New generation anti-epileptics for facial pain and headache.,"The prophylactic management of recurrent head and facial pains may be challenging because of lack of efficacy and/or bothersome adverse effects of available drug therapies. New generation antiepileptic drugs offer new perspectives in difficult cases. We will review the available published data and present our experience with lamotrigine in various head and facial pains such as migraine, cluster headache, neuropathic trigeminal pain, atypical facial pain, and chronic tension-type headache. Twenty-five patients were enrolled and followed for 18 months. The dose was gradually increased in steps of 25 mg up to the effective dose (mean 250 mg/d). Lamotrigine was most effective in trigeminal neuralgia and dysesthesia, but was of little utility in the other head or facial pains.",0
W1976988259,Oral Almotriptan in the Treatment of Migraine: Safety and Tolerability,"OBJECTIVE: To summarize safety and tolerability data on orally administered almotriptan from premarketing clinical trials. BACKGROUND: Almotriptan is a new 5-HT1B/1D receptor agonist similar to sumatriptan in mode of action and therapeutic efficacy. In addition, the safety and tolerability profile of almotriptan has been demonstrated in a number of controlled clinical trials. Sumatriptan is generally safe and well tolerated; however, in controlled clinical trials, it has been associated with chest symptoms (pressure, warmth, and other unpleasant sensations) with an incidence of 3% to 5%. DESIGN: Three phase 1 dose-finding and pharmacokinetic studies in healthy men and women volunteers were reviewed to assess the safety and tolerability of oral almotriptan at single doses ranging from 2 to 200 mg. The objective of one study was to evaluate cardiovascular safety. Two phase 2 trials assessed the safety and tolerability of single doses of 2 to 150 mg in migraine (n=911). Two phase 3 trials assessed the safety and tolerability of a single 12.5-mg oral dose after three attacks (n=910) and repeated doses of 12.5 mg for multiple attacks over the long term (n=747). All studies were conducted in Europe. Data from the United States is currently being analyzed and will be published at a later date. RESULTS: In phase 2 and 3 trials comprising more than 2500 patients with migraine and 15 000 attacks, adverse events were infrequent and mild. The most common events-dizziness, nausea and vomiting, headache, fatigue, paresthesia, and drowsiness-were reported in fewer than 3% of patients. At the recommended therapeutic dose of 12.5 mg, the adverse events profile was not statistically different from placebo. The incidence of chest symptoms was 0.2% in the phase 3 trials. The long-term safety and tolerability profile after treatment of more than 10 000 attacks was similar to that following the single-dose studies. In all clinical trials, almotriptan demonstrated a very favorable adverse event profile, particularly with respect to nonischemic-related chest symptoms. CONCLUSIONS: Almotriptan was safe and well tolerated in nearly all adult patients with migraine, with and without aura, enrolled in these studies. The incidence of chest symptoms in preclinical studies was substantially lower than that reported for sumatriptan in premarketing studies, indicating that almotriptan may be better tolerated than sumatriptan at clinically anticipated doses. However, any potential difference in cardiovascular safety between almotriptan and sumatriptan cannot be determined or inferred from this data. Cardiovascular risk profiles for all drugs within this class (triptans) should be considered similar. Only extensive postmarketing data, not currently available, can potentially change this recommendation.",0
W1977602030,Treatment of Migraine in Canada With Naratriptan: A Cost‐Effectiveness Analysis,"OBJECTIVE: To evaluate the cost-effectiveness of naratriptan for the treatment of migraine in Canada. BACKGROUND: The substantial disability brought on by migraine, coupled with the high prevalence of this disorder, leads to substantial costs. Naratriptan is a newly developed triptan shown to be effective in the treatment of migraine. METHODS: Monte Carlo modeling techniques were used to simulate the experience of Canadian migraineurs over the course of 1 year. Data from a multinational study comparing oral naratriptan 2.5 mg to customary therapies were used in the cost-effectiveness analysis. RESULTS: Naratriptan leads to an annual reduction in symptom duration of 225 hours compared to customary therapy not including other triptans. Reductions in lost productivity yield savings of Can $390 (1998 Canadian dollars) relative to customary therapy, which exceed the increase in drug costs resulting in overall savings of Can $109 per year. CONCLUSIONS: The use of naratriptan in the treatment of migraine is an economically attractive option, leading to savings in overall costs. Increases in drug costs seem acceptable in light of reductions in symptom duration.",0
W2071320908,Tolerability and Efficacy of Almotriptan in the Long-Term Treatment of Migraine,"BACKGROUND: Almotriptan is a highly specific 5-HT(1B/1D) receptor agonist, which acts selectively on blood vessels of the brain. Short-term studies have demonstrated that almotriptan provides rapid, effective and reliable relief of migraine attacks, while offering excellent tolerability. PURPOSE: To assess the long-term tolerability and efficacy of oral almotriptan 12.5 mg administered for every migraine attack over a 1-year period. METHODS: A total of 762 patients treated 13,751 attacks (1-97 per patient); 61.5% of attacks were treated with one 12.5-mg dose, while for 38.5% of attacks, patients took a second dose within 24 h. RESULTS: Three hundred and ninety-one patients (51.3%) experienced a total of 1,617 adverse events (AEs). The majority (88.6%) of AEs were of mild-to-moderate intensity, and only 28.8% of AEs were considered to be related to the study drug. Only 2 patients experienced serious AEs possibly related to almotriptan, syncope and chest pain; both recovered without any sequelae. Patients reported at least 1 AE in 11% of attacks treated. The incidence of AEs decreased during the study. Only 6 (0.8%) study withdrawals were due to AEs considered to be related to almotriptan. Tolerability was not compromised in patients taking 2 doses of almotriptan or in those using migraine prophylactics. Patient age or sex did not influence the incidence of AEs. There was no evidence of tachyphylaxis in those patients completing the study. Pain relief at 2 h after the initial dose was achieved in 84.2% of moderate/severe attacks. Patients were pain free at 2 h after dose in 58.2% of all attacks. Older patients (> 40 years) tended to respond better than younger ones (< 40 years). Efficacy was not modified by use of migraine prophylactics or hormonal contraceptives. Efficacy measurements were consistent on treating repeated moderate/severe migraine attacks. CONCLUSION: This large, open study indicates that the new, specific 5-HT(1B/1D) agonist almotriptan, at a dose of 12.5 mg, is a well tolerated and effective treatment for migraine pain when used over a period of up to 1 year.",0
W2082932171,Comparison of Preference for Rizatriptan 10-mg Wafer versus Sumatriptan 50-mg Tablet in Migraine,"Rizatriptan (MAXALT, a registered trademark of Merck & Co. Inc.) is a selective 5-HT(1B/1D) receptor agonist with rapid oral absorption and early onset of action in the acute treatment of migraine. This randomized, open-label, crossover outpatient study assessed the preference of 481 patients for rizatriptan 10-mg rapidly disintegrating tablets versus sumatriptan (IMIGRAN, a registered trademark of GlaxoWellcome PLC) 50-mg tablets in the treatment of a single migraine attack with each therapy. Almost twice as many patients preferred rizatriptan 10-mg rapidly disintegrating tablet to sumatriptan 50-mg tablet (64.3 vs. 35.7%, p < or = 0.001). Faster relief of headache pain was the most important reason for the preference, cited by 46.9% of patients preferring rizatriptan and 43.4% of patients who preferred sumatriptan. Headache relief at 2 h was 75.9% with rizatriptan and 66.6% with sumatriptan (p < or = 0.001), with rizatriptan being superior to sumatriptan within 30 min of dosing. Fifty-five percent of patients were pain free 2 h after rizatriptan, compared with 42.1% treated with sumatriptan (p < or = 0.001), rizatriptan being superior within 1 h of treatment. Forty-one percent of patients taking rizatriptan were pain free at 2 h and had no recurrence or need for additional medication, compared to 32.3% of patients on sumatriptan. Rizatriptan was also superior to sumatriptan in terms of the proportions of patients with no nausea, phonophobia or photophobia, and patients with normal function 2 h after treatment intake (p < 0.05). More patients were (completely, very or somewhat) satisfied 2 h after treatment with rizatriptan (73.3%) than 2 h after treatment with sumatriptan (59.0%) (p < or = 0.001). Additionally, 2 h after the dose, more patients found rizatriptan to be very convenient, convenient or somewhat convenient (87.2%) than they did sumatriptan (76.3%) (p < or = 0.001). Both active treatments were well tolerated. The most common side effects with rizatriptan and sumatriptan were nausea (6.6 and 6.9% of patients, respectively), dizziness (6.1 and 5.8%) and somnolence (7.4 and 6.7%).",0
W2012427795,Dihydroergotamine Nasal Spray in the Treatment of Acute Migraine,"OBJECTIVE: To evaluate the efficacy and safety of dihydroergotamine (DHE) nasal spray in patients suffering from common or classical migraine. METHODS: In a double-blind parallel-group study, 52 outpatients with migraine were randomly allocated to DHE nasal spray or to placebo. Two puffs, one in each nostril, was taken as an initial dose (resulting in either 0.5 or 1 mg of DHE), followed by another puff (0.5 mg) after 30 and 60 minutes, if necessary, achieving a maximum dose of 2 mg for patients of the DHE 1-mg group or of 1.5 mg for patients of the 0.5-mg group. Four consecutive attacks were thus treated. The efficacy analysis was done for observed cases. The main outcome measure was reduction of the severity of the attacks. RESULTS: No differences were observed in the migraine characteristics or the number of treatments of the patients from the different groups. Dihydroergotamine 1 mg tended to provide better relief than 0.5 mg, although the effect was not statistically significant. Patients taking DHE used less rescue medications, with a dose-dependent effect. Side effects were reported by four patients receiving DHE but not placebo. The tolerability of the drug was assessed as good by 94% of the patients. CONCLUSION: These findings suggest that DHE nasal spray is well tolerated and has dose-dependent efficacy in migraine.",0
W1982601287,Prostaglandin Analog Mechanisms Are Not Effective in Refractory Chronic Cluster Headache,"Prostaglandin E analogs have been shown to be effective in the treatment of refractory trigeminal neuralgia in patients with multiple sclerosis. Prostaglandin E inhibits the functions of T lymphocytes which are involved in the pathophysiology of cluster headache. Therefore, a double-blind, placebo-controlled, crossover study on the efficacy of misoprostol in chronic refractory cluster headache was performed. Eight patients were treated with 600 micrograms misoprostol and with placebo for a 2-week period. No differences in attack frequency, intensity, global impression, and side effects could be detected, suggesting that prostaglandin E analogs are not effective in the treatment of chronic cluster headache.",0
W2143813740,Oral Almotriptan vs Oral Sumatriptan in the Abortive Treatment of Migraine,"BACKGROUND: Almotriptan malate is a novel, selective serotonin(1B/D) agonist, or triptan, developed for the abortive treatment of migraine. In double-blind, placebo-controlled studies, it has been shown to be effective, well tolerated, and safe. OBJECTIVE: To compare the efficacy, tolerability, and safety of almotriptan with that of the ""standard triptan,"" sumatriptan succinate. The power calculation of the study was based on 24-hour headache recurrence, an efficacy measure in the abortive treatment of migraine, and on the occurrence of adverse events. SUBJECTS AND METHODS: Subjects, aged between18 and 65 years, with migraine with or without aura but otherwise healthy, were randomized to take orally either almotriptan malate, 12.5 mg, or sumatriptan succinate, 50 mg. The medications were provided in identical-looking capsules to ensure blinding and were taken for the treatment of moderate or severe headache. Efficacy was determined in terms of (1) headache relief-a decrease in pain intensity to mild or no pain; (2) headache freedom-a decrease to no pain; (3) use of rescue medications, allowed after 2 hours; and (4) headache recurrence-moderate or severe pain returning within 24 hours after headache relief at 2 hours. Adverse events were collected for 96 hours after treatment and for safety evaluation, vital signs, blood tests, and electrocardiograms were performed at the screening and exit visits. RESULTS: Seventy-five investigators enrolled 1255 subjects of whom 1173 were treated (591 with almotriptan and 582 with sumatriptan). At 2 hours, almotriptan treatment provided headache relief in 58.0% of the subjects and sumatriptan treatment in 57.3%; headache freedom was provided by the medications in 17.9% and 24.6%, respectively (P =.005). Rescue medications were taken by 36.7% of the subjects in the almotriptan-treated group and by 33.2% in the sumatriptan-treated group; headaches returned to moderate or severe intensity in 27.4% and 24.0%, respectively. Treatment-emergent adverse events occurred in 15.2% of the subjects in the almotriptan-treated group and in 19.4% in the sumatriptan-treated group (P =.06); treatment-related adverse events occurred in 9.1% and 15.5% of the subjects, respectively (P =.001), including chest pain, which occurred in 0.3% and 2.2%, respectively (P =.004). CONCLUSIONS: Almotriptan and sumatriptan are similarly effective in the abortive treatment of moderate or severe migraine headache; they are also similarly well tolerated and safe.",0
W2151014724,Neuroendocrine effects of subcutaneous sumatriptan in patients with migraine,,0
W1867401229,"Effect of MAO‐A inhibition on the pharmacokinetics of almotriptan, an antimigraine agent in humans","AIMS: To assess the effect of a reversible MAO-A inhibitor, moclobemide, on the single-dose pharmacokinetics of almotriptan and assess the clinical consequences of any interaction. METHODS: Twelve healthy volunteers received the following treatments in a randomized, open-label, two-way crossover design (with a 1 week washout between treatments): (A) one 150 mg moclobemide tablet every 12 h for 8 days and one 12.5 mg almotriptan tablet on the morning of day 8; and (B) one 12.5 mg almotriptan tablet on day 8. Plasma almotriptan was quantified by h.p.l.c.-MS-MS, while urinary concentrations were measured by h.p.l.c.-u.v. Vital signs, ECGs, and adverse events were evaluated after almotriptan administration. Treatment effects on pharmacokinetics and vital signs were assessed by analysis of variance. RESULTS: Mean almotriptan AUC was higher (483 +/- 99.9 vs 352 +/- 75.4 ng ml-1 h, P = 0.0001) and oral clearance was lower (26.6 +/- 4.00 vs 36.6 +/- 5.89 l h-1, P = 0.0001) when almotriptan was administered with moclobemide. Mean half-life was longer (4.22 +/- 0.78 vs 3.41 +/- 0.45 h, P = 0.0002) after coadministration with moclobemide. Renal clearance of almotriptan was unaffected by moclobemide. No serious adverse events occurred and no clinically significant vital sign changes were observed. CONCLUSIONS: Moclobemide increased plasma concentrations of almotriptan on average by 37%, but the combined administration of these two compounds was well tolerated. The degree of interaction was much less than that seen previously for sumatriptan or zolmitriptan given with moclobemide.",0
W2032283921,Intravenous Metamizol (Dipyrone) in Acute Migraine Treatment and in Episodic Tension-Type Headache–A Placebo-Controlled Study,"Acute headache is a very frequent symptom, responsible for significant demand at primary care units and emergency rooms. In such sets in Brazil, metamizol is easily found but, on the other hand, neither ergotics nor triptans are available. The aim of this study is to compare intravenous metamizol with placebo in the acute treatment of migraine with aura, migraine without aura and episodic tension-type headache. Fifty-four migraine with aura patients, 95 migraine without aura patients and 30 tension-type headache patients were treated with metamizol. Ninety patients (30 migraine with aura, 30 migraine without aura and 30 tension-type headache patients) received placebo. Pain intensity, nausea, aura, photo- and phonophobia were investigated at 30 min and 60 min after the administration of the drug. Significant improvement of pain after 30 min and 60 min post-dosage was achieved from metamizol groups compared with placebo groups. Significant improvement of all other symptoms was achieved after 60 min post-dosage. Side-effects were mild and with small incidence. Metamizol is an effective, safe and low price drug. It may be regarded as a good alternative drug for the treatment of common acute primary headaches.",0
W2167861291,Meta-Analysis of Rizatriptan Efficacy in Randomized Controlled Clinical Trials,"Data from seven randomized, placebo-controlled, double-blind phase III clinical trials were analysed to further evaluate the efficacy of rizatriptan 10 mg (n = 2068) in comparison with placebo (n = 1260) and rizatriptan 5 mg (n = 1486) for the acute treatment of a migraine attack. Migraine was diagnosed according to International Headache Society criteria. Headache severity, associated migraine symptoms and functional disability were measured immediately before dosing and at 0.5, 1, 1.5 and 2 h. Headache recurrence (return of moderate or severe headache after an initial response) was also recorded. In addition to conventional pain relief (reduction of moderate or severe headache to mild or none) and pain free measures, the analysis looked at the elimination of associated migraine symptoms and disability in patients who had symptoms or disability at baseline. Maintenance of pain relief or pain-free status over 24 h was also analysed. At 2 h, rizatriptan 10 mg was significantly more effective than placebo for pain relief (71% vs. 38%, P < 0.001), and for elimination of pain, nausea, photophobia, phonophobia and functional disability. The benefit was maintained over 24 h; 37% of patients on rizatriptan 10 mg had sustained pain relief vs. 18% for placebo (P < 0.001). Rizatriptan 10 mg was also more effective than rizatriptan 5 mg, with a significant superiority at 2 h on all measures except for elimination of nausea. The benefit was maintained over 24 h; 38% of patients on rizatriptan 10 mg had sustained pain relief vs. 32% for rizatriptan 5 mg (P = 0.001).",0
W2077329780,A comparison of visual analog scale and categorical ratings of headache pain in a randomized controlled clinical trial with migraine patients,"A visual analog scale (VAS) method of assessing headache pain was compared with a standard categorical four-grade scale (4GS) in a randomized, placebo-controlled, double-blind, clinical trial involving 792 treated migraine outpatients who received oral rizatriptan 5 mg, sumatriptan 50 mg, or placebo for a moderate or severe headache. The VAS and 4GS were equally useful in demonstrating that the active drugs were superior to placebo at reducing headache pain, and in showing that the active drugs were similarly effective. For both rizatriptan and sumatriptan, slightly larger effect sizes were observed with the 4GS compared with the VAS. In analyses using data combined across all treatment groups, VAS and 4GS scores were highly correlated. Use of the VAS imposed additional administrative burdens. These findings suggest that the 4GS may be the preferred scale for assessing headache pain in clinical trials involving adult migraineurs.",0
W1977692562,Headache in the Emergency Department,"OBJECTIVE: To perform an observational study of the demographics, clinical factors, and therapeutic efficacy in patients presenting to the emergency department with a chief complaint of headache. BACKGROUND: Acute headache presentations to the emergency department are a therapeutic dilemma for physicians. METHODS: Patients presenting with nontraumatic headache to the emergency department of Hermann Hospital in Houston, Texas, during a 16-month period were prospectively ascertained by active and passive surveillance. The medical record was abstracted. Demographic and clinical information are presented with descriptive statistics. Relative benefit of individual therapies are compared with odds ratios (95% confidence intervals). RESULTS: Of the 38 730 patients who were prospectively screened, 455 presented with a chief complaint of headache. Seventy-six percent were women, and the mean age was 37 years. Non-Hispanic whites were more likely diagnosed with migraine compared with Hispanics or African Americans (P<.001). Three percent had subarachnoid hemorrhage. Neurologist follow-up was ordered in 10%. The median time in the emergency department was 265 minutes. With the initial treatment, 44% resolved, 47% improved, and 9% had no change; none worsened. In comparison with all other therapies used, there was a trend suggesting the superiority of antiemetics (odds ratio, 2.66; 95% confidence interval, 0.81 to 8.61). Acetaminophen was less helpful (odds ratio, 0.27; 95% confidence interval, 0.10 to 0.70). When comparing specific agents to therapies which could be used at home, antiemetics led to headache resolution most often (odds ratio, 3.18; 95% confidence interval, 1.40 to 7.22); ketorolac showed a similar trend (odds ratio, 2.05; 95% confidence interval, 0.86 to 4.89). CONCLUSIONS: Headache in the emergency department is a phenomena of young women who spend a long time waiting and receive many tests. A variety of therapies are used. Antiemetics may be especially useful for headache resolution.",0
W2048460766,Establishing a Standard of Speed for Assessing the Efficacy of the Serotonin1B/1D Agonists (Triptans),"The current International Headache Society guidelines for migraine clinical trials recommend assessment of pain relief at 2 hours as a primary end point. Patients, however, express a clear preference for more rapid pain relief, with most patients defining rapid relief as occurring within 30 minutes after drug administration. Thus, consideration should be given to establishing clinical trial end points that more accurately reflect the preferences of patients with migraine. In this case, assessment of pain relief at 1 hour would be an appropriate primary end point. Using speed of relief as a criterion for migraine drug selection also is appropriate. The migraine-specific serotonin(1B/1D) agonists, or triptans, are able to meet this faster relief end point and are preferred by patients.",0
W2467521619,Pharmacology and efficacy of eletriptan for the treatment of migraine attacks,"We would like, to make a number of points on this Drug Focus article (IJCP December 2000; 670–674) and would be grateful for a response from Professor Diener on the following. Given that eletriptan has higher bioavailability (50%) than sumatriptan (140%),1 is two orders of magnitude more lipophilic than sumatriptan, and has four- and eightfold higher affinity than sumatriptan for the 5HT1B and 5HT1D receptor, it is odd that such a high dose of eletriptan is required to produce a therapeutic effect. One possible explanation may be that triptans act centrally as well as peripherally. If this theory is true, eletriptan would have to overcome the P-glycoprotein efflux pump to produce adequate cerebral concentrations to mediate a response.2 The authors state that eletriptan has a higher craniocoronary selectivity than sumatriptan. It would of course be quite inappropriate to extrapolate this finding to a benefit in clinical practice. The authors cite the study of Muir3 to contend that eletriptan produced no significant change in coronary artery diameters. In that same study one patient experienced marked segmental coronary artery spasm in association with the eletriptan infusion, which was unresponsive to sublingual glyceryl trinitrate. Furthermore, in a direct comparative clinical study, the incidence of chest symptoms was similar between the eletriptan and sumatriptan treatment groups.4 While we accept that such symptoms are usually not due to coronary ischaemia, this illustrates that preclinical findings should not be taken out of their proper context. Eletriptan may be absorbed rapidly in normal volunteers, with a Tmax of one hour, but this is not the case during a migraine attack, where gastric paresis may delay absorption. The Tmax for eletriptan during a migraine attack is prolonged to 2.8 hours.5 While eletriptan is not subject to drug interactions due to MAO metabolism, it will interact with potent inhibitors of cytochrome P450 3A4. The New Zealand product label for eletriptan recommends a reduction in dosage to 20 mg when being coadministered with erythromycin, clarithromycin, ketoconazole and fluconazole.4 The authors claim that eletriptan 80 mg has higher efficacy than eletriptan 40 mg. In none of the studies presented in the review was eletriptan 80 mg statistically superior to 40 mg.",0
W1494531753,"Influence of β‐adrenoceptor antagonists on the pharmacokinetics of rizatriptan, a 5‐HT<sub>1B/1D</sub> agonist: differential effects of propranolol, nadolol and metoprolol","AIMS: Patients with migraine may receive the 5-HT1B/1D agonist, rizatriptan (5 or 10 mg), to control acute attacks. Patients with frequent attacks may also receive propranolol or other beta-adrenoceptor antagonists for migraine prophylaxis. The present studies investigated the potential for pharmacokinetic or pharmacodynamic interaction between beta-adrenoceptor blockers and rizatriptan. METHODS: Four double-blind, placebo-controlled, randomized crossover investigations were performed in a total of 51 healthy subjects. A single 10 mg dose of rizatriptan was administered after 7 days' administration of propranolol (60 and 120 mg twice daily), nadolol (80 mg twice daily), metoprolol (100 mg twice daily) or placebo. Rizatriptan pharmacokinetics were assessed. In vitro incubations of rizatriptan and sumatriptan with various beta-adrenoceptor blockers were performed in human S9 fraction. Production of the indole-acetic acid-MAO-A metabolite of each triptan was measured. RESULTS: Administration of rizatriptan during propranolol treatment (120 mg twice daily for 7.5 days) increased the AUC(0, infinity) for rizatriptan by approximately 67% and the Cmax by approximately 75%. A reduction in the dose of propranolol (60 mg twice daily) and/or the incorporation of a delay (1 or 2 h) between propranolol and rizatriptan administration did not produce a statistically significant change in the effect of propranolol on rizatriptan pharmacokinetics. Administration of rizatriptan together with nadolol (80 mg twice daily) or metoprolol (100 mg twice daily) for 7 days did not significantly alter the pharmacokinetics of rizatriptan. No untoward adverse experiences attributable to the pharmacokinetic interaction between propranolol and rizatriptan were observed, and no subjects developed serious clinical, laboratory, or other significant adverse experiences during coadministration of rizatriptan with any of the beta-adrenoceptor blockers. In vitro incubations showed that propranolol, but not other beta-adrenoceptor blockers significantly inhibited the production of the indole-acetic acid metabolite of rizatriptan and sumatriptan. CONCLUSIONS: These results suggest that propranolol increases plasma concentrations of rizatriptan by inhibiting monoamine oxidase-A. When prescribing rizatriptan to migraine patients receiving propranolol for prophylaxis, the 5 mg dose of rizatriptan is recommended. Administration with other beta-adrenoceptor blockers does not require consideration of a dose adjustment.",0
W1983986021,Patterns of Ergotamine and Sumatriptan Use in the Netherlands from 1991 to 1997,"The objective of this study was to assess usage patterns of ergotamine and sumatriptan over a period of 6 years, primarily to evaluate the impact that sumatriptan has had on the prescription of ergotamine. This study used ergotamine and sumatriptan prescription data representing inhabitants of eight cities in the Netherlands and covering the period of 1991-1997. The yearly incidence of new users between 1991 and 1997 was estimated for both drugs as well as for the drug of first choice to be prescribed to patients initiating specific abortive migraine treatment with either ergotamine or sumatriptan. Intra-individual ergotamine and sumatriptan usage patterns, characterized by single (incidental), continuous (rate of retention) or switch use, were examined for five patient cohorts, each for a follow-up period of 1 year. During the year of sumatriptan introduction (1991-1992), the overall incidence of new use for both drugs was highest (5.4 per 1000 inhabitants). Hereafter, a substantial reduction of more than 50% was observed. From 1992 to 1996, the yearly incidence of ergotamine first-time use was significantly higher than that of sumatriptan and up to 1996 ergotamine was more than twice as likely than sumatriptan to be prescribed to patients initiating specific abortive treatment. Hereafter, sumatriptan was as likely as ergotamine to be prescribed as the drug of first choice, which coincided with the full reimbursement of sumatriptan tablets. Overall, neurologists were more likely than general practitioners (GPs), to prescribe sumatriptan as the drug of first choice. Approximately half of the total study population were identified as single-time users. This phenomonen occurred more frequently in the ergotamine cohorts. The sumatriptan cohorts displayed a slight yet significant stronger retention rate compared with the ergotamine cohorts. The overall impact of sumatriptan on ergotamine use in The Netherlands was marginal, predominantly due to GP's adherence to migraine treatment guidelines and reimbursement policies concerning sumatriptan tablets. Overall, incidental use was relatively high and may reflect the reported difficulties in diagnosing migraine, lack of patient-doctor consultation, or that anticipated benefits of the drug were not achieved. Further study is required to clarify these issues.",0
W4245052454,PEDIATRIC HEADACHE,,0
W2409778482,A systematic review of the use of triptans in acute migraine.,,0
W2040810346,When Should Triptans be Taken During a Migraine Attack?,,0
W2102974639,"The efficacy and safety of sc Alniditan vs. sc Sumatriptan in the Acute Treatment of Migraine: A Randomized, Double-Blind, Placebo-Controlled Trial","This double-blind, placebo-controlled, parallel-group, multicentre, multinational, phase-III trial was designed to assess the efficacy and safety of a single subcutaneous injection of placebo, 2 doses of alniditan (1.4 mg and 1.8 mg) and 6 mg of sumatriptan in subjects with acute migraine. A total of 114 investigators from 13 different countries screened 2021 subjects. In total 924 patients were treated with placebo (157), alniditan 1.4 mg (309), alniditan 1.8 mg (141) and sumatriptan 6 mg (317). The lower number of subjects in the alniditan 1.8 mg group is due to the termination of this trial arm after the incidence of a serious adverse event and a subsequent protocol amendment. The number of subjects who were pain free at 2 h (primary endpoint) was: 22 (14.1%) with placebo, 174 (56.3%) with alniditan 1.4 mg, 87 (61.7%) with alnditan 1.8 mg and 209 (65.9%) with sumatriptan 6 mg. Alniditan 1.4 mg was significantly better (P < 0.001) than placebo and sumatriptan was significantly better (P = 0.015) than alniditan 1.4 mg. The number of responders (reduction of headache severity from moderate or severe headache before treatment to mild or absent at 2 h), was 59 (37.8%) on placebo, 250 (80.9%) on alniditan 1.4 mg, 120 (85.1%) on alniditan 1.8 mg, and 276 (87.1%) on sumatriptan. Response was significantly higher (P < 0.001) with alniditan 1.4 mg than with placebo, and significantly lower (P = 0.036) with alniditan 1.4 mg than with sumatriptan. Recurrence rates were: 22 (37.3%) with placebo, 87 (34.8%) with alniditan 1.4 mg, 35 (29.2%) with alniditan 1.8 mg and 108 (39.1%) with sumatriptan. Adverse events occurred in 577/924 (62.4%) subjects, i.e. in 62/157 (39.5%) with placebo, 214/309 (69.3%) with alniditan 1.4 mg, 91/141 (64.5%) with alniditan 1.8 mg and 210/317 (66.2%) with sumatriptan 6 mg. Sumatriptan was significantly better than alniditan 1.4 mg for pain free at 2 h. The difference, however, was small and clinically not important. For alniditan, a dose-dependent adverse event relationship was seen. The safety profile of alniditan 1.4 mg was similar to that of sumatriptan.",0
W2119156422,An Open Preference Study with Sumatriptan 50 mg and Zolmitriptan 2.5 mg in 100 Migraine Patients,"Understanding factors influencing patients' preference will improve guidance to make rational choices in expanded symptomatic migraine treatment. The objective of this open-label, cross-over study was to explore patients' preferences for sumatriptan 50 mg vs. zolmitriptan 2.5 mg tablets, focusing on factors influencing this preference. One hundred consecutive migraine patients attending our clinics were asked to treat three attacks with each medication and then fill out a preference questionnaire. Ninety-four migraineurs completed the trial and 42 (44%, 95% CI 34-58%) reported that they preferred zolmitriptan 2.5 mg over sumatriptan 50 mg tablets and 27 (29%, 20-38%) preferred sumatriptan 50 mg. The remaining 25 (27%, 18-36%) did not show any preference. For the initial treatment of the attacks, there were more patients needing just one tablet of zolmitriptan 2.5 mg compared with sumatriptan 50 mg (67 vs. 39%). The reasons for preference among those 69 patients who had shown preference for either of the two triptans were: a faster onset of action (speed of onset) (73%), a longer duration of the effects (39%), fewer adverse events (35%) and lower price (13%). Only one-quarter of the studied migraine population thought that sumatriptan 50 mg and zolmitriptan 2.5 mg were equivalent, which suggests that most migraine patients differentiate between triptans. A faster onset of action (speed of onset) was the most important reason for preference.",0
W2158846562,Prevalence and Burden of Migraine in the United States: Data From the American Migraine Study II,"OBJECTIVE: To describe the prevalence, sociodemographic profile, and the burden of migraine in the United States in 1999 and to compare results with the original American Migraine Study, a 1989 population-based study employing identical methods. METHODS: A validated, self-administered questionnaire was mailed to a sample of 20 000 households in the United States. Each household member with severe headache was asked to respond to questions about symptoms, frequency, and severity of headaches and about headache-related disability. Diagnostic criteria for migraine were based on those of the International Headache Society. This report is restricted to individuals 12 years and older. RESULTS: Of the 43 527 age-eligible individuals, 29 727 responded to the questionnaire for a 68.3% response rate. The prevalence of migraine was 18.2% among females and 6.5% among males. Approximately 23% of households contained at least one member suffering from migraine. Migraine prevalence was higher in whites than in blacks and was inversely related to household income. Prevalence increased from aged 12 years to about aged 40 years and declined thereafter in both sexes. Fifty-three percent of respondents reported that their severe headaches caused substantial impairment in activities or required bed rest. Approximately 31% missed at least 1 day of work or school in the previous 3 months because of migraine; 51% reported that work or school productivity was reduced by at least 50%. CONCLUSIONS: Two methodologically identical national surveys in the United States conducted 10 years apart show that the prevalence and distribution of migraine have remained stable over the last decade. Migraine-associated disability remains substantial and pervasive. The number of migraineurs has increased from 23.6 million in 1989 to 27.9 million in 1999 commensurate with the growth of the population. Migraine is an important target for public health interventions because it is highly prevalent and disabling.",0
W1973426910,Effectiveness of Nasal Sumatriptan in 5‐ to 12‐Year‐Old Children,"OBJECTIVE: To assess the tolerability and effectiveness of nasal sumatriptan in the treatment of migraine in 5- to 12-year-old children. BACKGROUND: Although headaches are a common disorder and occur in up to 10.6% of children, many of the new migraine abortive agents have not been well evaluated in this population. It has recently been reported that nasal sumatriptan is effective in the treatment of migraine in adolescents. In younger children, it is yet to be characterized. In addition, many children have significant amounts of vomiting with their migraines, limiting their use of oral medications. DESIGN AND METHODS: Children with headache were evaluated by a child neurologist, child psychologist, and pediatric nurse practitioner. Clinical and International Headache Society diagnoses were established for each child. Patients with headaches that were either unresponsive to oral medications or had significant vomiting were treated with nasal sumatriptan. Initial administration and tolerability were performed in the Headache Center at Cincinnati's Children's Hospital Medical Center. Patients or their parents were contacted to assess the overall effectiveness of nasal sumatriptan after home administration. RESULTS: Ten patients aged between 5 and 12 years (mean, 9.9 years) received either a 5-mg (n = 2) or 20-mg (n = 8) dose of sumatriptan. All 10 patients had a clinical diagnosis of migraine; 7 met the International Headache Society criteria for migraine. The mean age of headache onset was 6.6 years. A total of 57 headaches were treated; 47 (82.5%) responded to sumatriptan. Of the patients who treated headaches, the mean number of headaches treated was 5.2, while the mean number of responsive headaches was 4.3. One patient had no response, 2 patients had a 50% response, and 6 patients had 100% response to the nasal sumatriptan. Three patients reported persistent ""bad taste."" CONCLUSIONS: This report demonstrates that nasal sumatriptan may be effective in aborting migraine in young children (aged 5 to 12 years). It also suggests that there may be subgroups for which it works well. This information suggests that double-blind, placebo-controlled studies are necessary to determine the overall effectiveness of nasal sumatriptan in this age group.",0
W1989806275,Lack of Pharmacokinetic and Pharmacodynamic Interaction between Rizatriptan and Paroxetine,"Rizatriptan is a potent, oral 5-HT(1B/1D) agonist with a rapid onset of action being investigated for the acute treatment of migraine. This study examined the clinical and pharmacolinetic interaction between rizatriptan and the selective serotonin reuptake inhibitor, paroxetine. In this two-period crossover study, 12 healthy young subjects (6 males and 6 females) received 1 mg rizatriptan following 14 days of treatment with placebo or paroxetine (20 mg once daily). Plasma was sampled for rizatriptan and N-monodesmethyl rizatriptan, a minor but active metabolite of rizatriptan. Safety evaluations included monitoring for adverse events, vital signs, and visual analog scale assessment of mood. Plasma levels of rizatriptan and N-monodesmethyl rizatriptan were not altered when rizatriptan was administered with paroxetine compared to the placebo. Clinically, coadministration of rizatriptan with paroxetine was well tolerated. Blood pressure, heart rate, and temperature changes during the observation period did not differ to a clinically significant degree when rizatriptan was administered with paroxetine compared to the placebo. No effects on mood occurred following treatment with the combination compared to rizatriptan alone. Adverse events following rizatriptan administration with paroxetine were similar to those reported when rizatriptan was given with the placebo.",0
W2419623404,Donitriptan (Pierre Fabre).,"Pierre Fabre is developing donitriptan, a piperazide 5-HT1D agonist, as a potential treatment for migraine [175854]. In January 2001, donitriptan had completed phase I trials for migraine and was scheduled to enter phase II development [396027]. This compound has an increased potency and, importantly, markedly higher intrinsic activity in comparison to the well described tryptamine derivatives, naratriptan, zolmitriptan and sumatriptan [295769].",0
W2155227562,Preference Comparison of Rizatriptan ODT 10‐mg and Sumatriptan 50‐mg Tablet in Migraine,"OBJECTIVE: To compare the proportion of patients who prefer rizatriptan orally disintegrating tablet (ODT) 10-mg to sumatriptan 50-mg tablet. BACKGROUND: Migraineurs express treatment preference based on a variety of attributes including the speed of pain relief and medication formulation. Rizatriptan ODT is an orally disintegrating formulation of rizatriptan, a selective 5-HT1B/1D receptor agonist. This study was conducted to determine patient preference between rizatriptan ODT 10-mg and sumatriptan 50-mg tablet for the acute treatment of migraine. METHODS: This was a multicenter, randomized, open-label, two-period crossover study conducted in the United States with 524 enrolled patients. Patients treated a single moderate or severe headache in each treatment period. Patients treated one migraine with either rizatriptan ODT 10-mg or sumatriptan 50-mg tablet, then treated a second migraine with the alternate therapy. Patients completed diary assessments at baseline, and 30, 45, 60, 90, and 120 minutes postdose and rated headache severity on a 4-point scale (0 = none, 1 = mild, 2 = moderate, and 3 = severe). At the final study visit following treatment of their second migraine, patients expressed preference for one of the two study medications by completing an interviewer-administered Global Preference Question and then responded to a self-administered series of questions to capture their most important reason for preferring one study medication over the other. Safety measurements were recorded through standard adverse experience reporting. RESULTS: Three hundred eighty-six patients treated two migraine attacks. For those patients who expressed a preference for either rizatriptan ODT or sumatriptan (n = 374), the percentage of patients who preferred rizatriptan ODT 10-mg (57%, n = 213) was significantly greater than those who preferred sumatriptan 50-mg tablet (43%, n = 161) (P<.01). For those patients who treated two migraine attacks and had drug severity measures for both attacks (n = 384), a significantly greater percentage of patients reported pain relief after taking rizatriptan ODT than sumatriptan at the 45- and 60-minute time points (38% versus 29% and 58% versus 49%, respectively) (P<.01). In addition, a significantly greater percentage of patients taking rizatriptan ODT reported a pain-free status at the 60- and 120-minute time points (23% versus 17% [P<.05] and 60% versus 52% [P<.01], respectively). Both rizatriptan ODT and sumatriptan were well tolerated. CONCLUSIONS: A significantly greater proportion of patients preferred rizatriptan ODT 10-mg to sumatriptan 50-mg tablet for the acute treatment of migraine. Efficacy and safety data are consistent with the preference findings.",0
W2023836175,Effect of Rizatriptan and Other Triptans on the Nausea Symptom of Migraine: A Post Hoc Analysis,"OBJECTIVE: To compare the effects of oral rizatriptan, sumatriptan, naratriptan, and zolmitriptan on the relief and emergence of nausea during a migraine attack. METHODS: Data from five randomized, placebo-controlled, double-blind clinical trials in which oral rizatriptan 10 mg was directly compared with oral sumatriptan 100 mg (N = 772), 50 mg (N = 1168), 25 mg (N = 1180), naratriptan 2.5 mg (N = 406), or zolmitriptan 2.5 mg (N = 571) for the acute treatment of a migraine attack were retrospectively analyzed. Migraine was diagnosed according to International Headache Society criteria. Presence or absence of nausea was recorded at baseline and at 0.5, 1, 1.5, and 2 hours after dosing. The end points analyzed were relief of nausea in those who had it at baseline and emergence of nausea in those who were free of it at baseline. Treatments were compared using odds ratios estimated from logistic regression models at 2 hours, and averaged odds ratios for the first 2 hours posttreatment. RESULTS: Approximately 60% of patients in each treatment group had nausea at baseline. In those patients with nausea at baseline, significantly more patients treated with rizatriptan 10 mg were free of nausea at 2 hours compared with sumatriptan 100 mg (66% versus 58%, P =.043), sumatriptan 50 mg (68% versus 57%, P =.010), sumatriptan 25 mg (68% versus 59%, P =.017), and naratriptan 2.5 mg (59% versus 45%, P =.014). Averaging over the four posttreatment time points in the first 2 hours, significantly more patients treated with rizatriptan 10 mg were free of nausea compared with sumatriptan 100 mg (P =.004), sumatriptan 50 mg (P =.001), and naratriptan 2.5 mg (P =.015). No significant differences in nausea relief were seen between rizatriptan 10 mg and zolmitriptan 2.5 mg, either at 2 hours (65% versus 61%, P =.210) or over the first 2 hours (P =.781). Rates of treatment-emergent nausea at 2 hours ranged from 11% to 18% with placebo, from 5% to 13% with rizatriptan 10 mg, and from 10% to 20% with other comparator triptans. CONCLUSIONS: Oral rizatriptan 10 mg was more effective than oral sumatriptan and naratriptan at eliminating nausea within 2 hours in patients who had it at baseline. Rates of emergent nausea in patients who were free of it at baseline were low, and no consistent differences were observed between active treatments.",0
W2104654017,Effects of Medication Use on Health State in Postictal Migraineurs,"We investigated whether headache-free patients with migraine report a lower health state compared with healthy controls, and whether health state is differently affected during the postattack period after using sumatriptan versus habitual nonvasoactive medication. Mood, health state, and personality questionnaires were administered once during an interictal period and twice within 30 hours after different migraine attacks treated with sumatriptan or habitual nonvasoactive medication. Twenty migraineurs without aura, 10 migraineurs with aura, and 30 matched and headache-free controls participated in this study. During an interictal period, patients with migraine reported more problems regarding social activities and pain compared with healthy controls. During the postictal period, mood (fatigue and emotional state) was negatively affected by an attack that was treated with habitual medication, whereas health state (physical pain, social activities, current pain) was similar to the migraine-free period. Sumatriptan treatment had beneficial effects on aspects of health state and mood during the postictal period.",0
W2160473344,Pregnancy Outcome Following Gestational Exposure to Venlafaxine: A Multicenter Prospective Controlled Study,"OBJECTIVE: Because there are no studies available on the safety of venlafaxine during pregnancy, the authors' goal in this study was to determine whether venlafaxine increases the risk for major malformations. METHOD: Data on 150 women exposed to venlafaxine during pregnancy in seven pregnancy counseling centers were compared with data from studies of pregnant women who 1) received selective serotonin reuptake inhibitor antidepressants (SSRIs) (N=150) and 2) who received nonteratogenic drugs (N=150). RESULTS: Among the 150 women who were exposed to venlafaxine during pregnancy, 125 had live births, 18 had spontaneous abortions, and seven had therapeutic abortions; two of the babies had major malformations. There were no significant differences between these women and the two comparison groups on any of the measures analyzed. CONCLUSIONS: These results suggest that the use of venlafaxine during pregnancy does not increase the rates of major malformations above the baseline rate of 1%-3%.",0
W321073894,Modeling and Simulation for Clinical Trial Design Involving a Categorical Response: A Phase II Case Study with Naratriptan,,0
W2017962309,Dexamethasone decreases migraine recurrence observed after treatment with a triptan combined with a nonsteroidal anti-inflammatory drug,"BACKGROUND AND OBJECTIVES: Triptans are effective drugs for the acute treatment of migraine. However, 30-40% of the patients commonly present recurrence before 24 hours therefore requiring another dose. Nonsteroidal anti-inflammatory drugs (NSAID) such as tolfenamic acid and naproxen sodium combined with sumatriptan have demonstrated efficacy in reducing recurrence observed with the single use of this drug. Steroids also have been suggested to treat refractory migraine and status migranosus. The aim of this study was to evaluate whether patients presenting frequent recurrence with the combination triptan plus NSAID, would decrease it with the association of dexamethasone. METHOD: Twenty three patients, 17 women and 6 men with migraine according to IHS criteria were prospectively studied. All patients presented frequent recurrence (> or= 60%, mean recurrence rate 74,8%) with the single use of sumatritpan 100 mg or zolmitriptan 2,5 mg or rizatriptan 10mg in at least 5 consecutive attacks, and didn't present a reduction of the recurrence rate superior than 20% with the combination of tolfenamic acid 200 mg or rofecoxib 25 mg in at least 5 other consecutive attacks (mean recurrence rate 60%). The patients had to treat 6 consecutive moderate or severe migraine attacks with their usual combination plus 4 mg of dexamathasone with a maximum of twice a week, and fill out a diary reporting headache parameters. RESULTS: Twenty patients, 16 women and 4 men completed the study. Of those who completed the study, 11 took rizatriptan plus rofecoxib, 4 rizatriptan plus tolfenamic acid, 3 zolmitriptan plus rofecoxib, 1 zolmitriptan plus tolfenamic acid and 1 patient took sumatriptan plus tolfenamic acid, having the 20 patients taken as a third medication, a single tablet of 4 mg of dexamethasone. All patients took oral formulations and none presented vomiting after that. Among all 20 patients, one female and one male patient presented recurrence in 3 out of the 6 attacks (50%) while the remaining 18 patients revealed recurrence in 1 or 2 treated attacks (mean 23,4%) (p<0,001). CONCLUSION: We concluded that the judicious use of oral dexamethasone might be useful for a limited population of migraine patients still presenting recurrence with the combination of a triptan and a NSAID. Case-control studies and studies with a randomized double-blind design are necessary to confirm these observations.",0
W1984341409,Drug-resistant cluster headache responding to gabapentin: a pilot study,"Prompted by the results of gabaergic drugs, such as valproate and topiramate, we performed this pilot study to assess the effect of gabapentin in cluster headache. Eight patients suffering from episodic cluster headache and four suffering from chronic cluster headache were studied. All of them had failed to respond to traditional prophylactic drugs. The design of the study was an open trial. The main parameter for effectiveness was the number of daily attacks. Gabapentin was given at the daily dosage of 900 mg. All patients were pain free after a maximum of 8 days after starting therapy, with a bout duration thus reduced to 16-40% of the average previous bouts (only applies to episodic cluster patients). We hypothesize that the gabaergic action of gabapentin, perhaps combined with other mechanisms, such as calcium channel blockade, may be responsible for its remarkable effects on cluster headache.",0
W1988957333,The Cost Effectiveness of Stratified Care in the Management of Migraine,,0
W2110701887,Selective seratonin 1F (5-HT1F) receptor agonist LY334370 for acute migraine: a randomised controlled trial,,0
W2015357451,Sumatriptan by Injection,,0
W2067061719,Clinical Efficacy and Tolerability of Sumatriptan Tablet and Suppository in the Acute Treatment of Migraine: A Review of Data from Clinical Trials,,0
W2076165358,The Sumatriptan Nasal Spray: A Review of Clinical Trials,,0
W2080697871,Sumatriptan in the Treatment of Cluster Headache,,0
W2052973636,The Sumatriptan Difference,,0
W2029761901,Sumatriptan in Paediatric and Adolescent Migraine,,0
W2141697133,Building on the Sumatriptan Experience: The Development of Naratriptan,,0
W98635801,PATIENT SATISFACTION WITH RIZATRIPTAN VERSUS OTHER TRIPTANS: DIRECT HEAD‐TO‐HEAD COMPARISONS,"This study summarises the impact of treatment with rizatriptan 10 mg versus other 5-HT 1B/1D receptor agonists (triptans) on patient satisfaction with medication. Rizatriptan is a potent, selective 5-HT1B/1D receptor agonist shown to be fast, effective and well tolerated in the acute treatment of migraine. We investigated patients' overall satisfaction with treatment in studies in which direct comparisons with other triptans were made. Data from five double-blind, placebo-controlled trials in which rizatriptan 10 mg was compared with another triptan were included in the analysis. Rizatriptan 10 mg was compared with sumatriptan 100 mg in one parallel study (n = 916), sumatriptan 50 mg in two crossover studies (n = 1599), naratriptan 2.5 mg in one parallel study (n = 502), and zolmitriptan 2.5 mg in one parallel study (n = 701). Satisfaction was reported by patients on a seven-point scale ranging from 'completely satisfied, couldn't be better' to 'completely dissatisfied, couldn't be worse' at 2 hours after dosing. The percent of patients in the top two 'satisfied' categories (completely or very satisfied) were analysed. More patients on rizatriptan 10 mg were completely or very satisfied compared with sumatriptan 100 mg (33% vs 26%, p < 0.05), sumatriptan 50 mg (40% vs 35%, p < 0.05), naratriptan 2.5 mg (33% vs 19%, p < 0.01), and zolmitriptan 2.5 mg (38% vs 30%, p < 0.05). In all five studies more patients treated with rizatriptan 10 mg or other triptans were completely or very satisfied with treatment than patients receiving placebo (p < 0.001, except naratriptan vs placebo p = 0.004). The results, combined with the superior efficacy profile (fast, effective, well tolerated) of rizatriptan 10 mg, should enhance the treatment of migraine headache and lead to improved therapeutic intervention in clinical practice.",0
W2053329373,Different Approaches To Valuing the Lost Productivity of Patients with Migraine,,0
W2109109531,Cost-Effectiveness and Cost-Benefit of Sumatriptan in Patients With Migraine,,0
W2188892106,Treatment of migraine with targeted nutrition focused on improved assimilation and elimination.,"This study was undertaken to assess the impact of three months of targeted nutritional therapy for migraine on health-related quality of life. The study is also intended to lend support to a theory that migraine is caused by an underlying dysfunction involving assimilation or elimination mechanisms. Forty people were selected from approximately 120 applications. Fourteen participants were selected from among those applicants within the authors' practices and 26 from applicants solicited via the Internet. Participants were required to complete the Medical Outcomes Trust Migraine Specific Quality of Life (MSQ) Questionnaire. Eighty percent of the study participants experienced significant and sustained improvements in quality of life during the 90 days of the study. The study instrument is specifically designed to measure quality of life improvement and thus does not solicit responses relative to number of migraine attacks or duration of each migraine. However, it should be noted that improvement in quality of life is likely due to a reduction in the duration and frequency of migraine attacks.",0
W2050323341,Mixing Sumatriptan: A Prospective Study of Stratified Care Using Multiple Formulations,"OBJECTIVE: To assess the acceptability, utility, and tolerability of a system of stratified care of acute migraine using multiple formulations of sumatriptan. BACKGROUND: Stratified care matches the treatment of a disease to its level of severity. Sumatriptan, with its multiple formulations, seems a logical option in a stratified care approach. Little data exists on the use of multiple formulations in a single patient population. DESIGN AND METHODS: A prospective, open-label, outpatient study recruited patients from a single center during the period from January 1998 through June 1998. Entry criteria included International Headache Society migraine diagnostic codes 1.1 or 1.2 and an established response to sumatriptan tablets or nasal spray. Patients who enrolled were allowed to use subcutaneous sumatriptan as either primary or rescue therapy for individual migraine attacks. RESULTS: Two hundred eighteen (80%) of 273 patients on tablets and 40 (85%) of 47 patients on nasal spray enrolled. During a period of 6 months, 61% of the patients on tablets and 85% of the patients using the nasal spray used at least one subcutaneous dose of sumatriptan. This system was efficacious and well tolerated. The majority of injections were used as rescue treatments following a failed oral or nasal dose. Two percent withdrew due to lack of efficacy, and 6% withdrew due to adverse events; however, 92% professed satisfaction with subcutaneous sumatriptan as an available tool for migraine management. CONCLUSION: A system of stratified care using multiple formulations of sumatriptan is efficacious, well tolerated, and preferable to a program involving a single form of the drug.",0
W2007658526,Efficacy and Tolerability of Subcutaneous Sumatriptan for Acute Migraine: A Comparison Between Ethnic Groups,"OBJECTIVE: To evaluate efficacy and tolerability of subcutaneous sumatriptan 6 mg versus placebo for acute migraine between ethnic groups. BACKGROUND: Patients in previous sumatriptan studies have been predominantly Caucasian and the effects of sumatriptan between different ethnic groups are unknown. METHODS: This was a multicenter, 3-phase, 12-attack study. Phases I and III (inclinic) were randomized, double-blind, placebo-controlled, crossover designs. Phase II (outpatient) was a single-blind design. Sumatriptan was compared to placebo across 2 groups (non-Caucasian and Caucasian) and individual ethnic subgroups (black, Hispanic, and others). Headache response, pain-free response, associated symptoms, and clinical disability were assessed. Tolerability assessments included the incidence of adverse events, physical examinations, vital signs, electrocardiograms, and clinical laboratory data. RESULTS: Two hundred patients treated at least one migraine attack (150 non-Caucasians: 46 blacks, 68 Hispanics, 36 others). Two hours postdose, significantly more inclinic sumatriptan-treated patients reported headache response (non-Caucasians, 81% versus 37% placebo; Caucasians, 87% versus 19% placebo; P<.001) and mild or no clinical disability, compared with placebo (non-Caucasians, 87% versus 50% placebo; Caucasians, 90% versus 38% placebo; P<.001). Blacks (80%), Hispanics (83%), and others (74%) reported similar patterns of headache response at 2 hours. Similar results were reported during the outpatient phase. The incidence of adverse events following sumatriptan during the inclinic phase was similar between ethnic groups (non-Caucasian, 75%; Caucasian, 79%) and higher than placebo (non-Caucasian, 51%; Caucasian, 31%). Overall, adverse events in the outpatient phase of the study were lower than in the inclinic phase. CONCLUSION: Sumatriptan injection is effective and well tolerated in non-Caucasians and Caucasians for the treatment of acute migraine attacks. Only minor differences in efficacy or tolerability were observed between blacks, Hispanics, and others.",0
W188950588,Development of CGRP antagonists for the treatment of migraine.,"Migraine is one of the most common neurological disorders, involving periodical attacks of headache and nausea as well as a plethora of other symptoms. Although considerable progress has been made, the pathophysiology of migraine is still not understood. However, several observations point to an involvement of calcitonin gene-related peptide (CGRP). Migraine headache involves the activation of the trigeminal system and dilatation of cranial vessels. CGRP is localized to neurons in the trigeminal ganglia and CGRP levels are increased during a migraine attack, presumably causing the vasodilation observed. Accordingly, it is conceivable that inhibition of CGRP-evoked dilatation of the cranial vessels may provide a novel treatment for migraine headache. The non-peptidic CGRP antagonist BIBN-4096BS (Boehringer Ingelheim) is presently under clinical investigation to assess the importance of CGRP in migraine headache and to answer the question of whether the concept of CGRP antagonists may offer advantages, e.g., higher efficacy, lower recurrence rate or improved side-effect profile, compared to the currently used antimigraine drugs.",0
W2146040040,Patient Treatment Preferences and the 5-HT1B/1D Agonists,"Migraineurs have specific preferences with regard to migraine therapy. In surveys, they consistently cite several attributes they seek in a migraine medication: rapid pain relief, complete pain relief, ability to return to normal functioning, relief of migraine-associated symptoms, reduction in headache recurrence, and minimal adverse effects. When prescribing medication for patients with migraine, physicians should respect patients' treatment preferences and select drugs that most closely meet patients' needs. As a class, the 5-HT(1B/1D) agonists, or triptans, have many of these attributes, including effectively relieving pain and associated symptoms and allowing patients to return fairly quickly to their normal activities. However, differences have emerged in the ability of specific triptans to satisfy patient preferences. Physicians should consider these differences when prescribing triptans for their patients with migraine.",0
W2017165238,"Dose finding, placebo-controlled study of oral almotriptan in the acute treatment of migraine","OBJECTIVE: To assess the efficacy and tolerability of oral almotriptan, a selective serotonin receptor (5-HT1B/1D) agonist, when used at different doses in the treatment of acute migraine. METHODS: This was a placebo controlled, double-blind, parallel-group, dose-finding study. Patients satisfying International Headache Society criteria for acute migraine were randomized to a single dose of placebo or oral almotriptan 2, 6.25, 12.5, or 25 mg at the onset of moderate or severe pain. Patients graded pain intensity on a 4-point verbal scale from 0 (no pain) to 3 (severe pain) and recorded adverse events. The primary efficacy variable was headache response at 2 hours. Data were analyzed on an intent-to-treat basis. RESULTS: Nine hundred and three patients were randomized, and 742 were included in the evaluation of the efficacy and tolerability. Headache response at 2 hours was 32.5% with placebo, and 30%, 56.3%, 58.5%, and 66.5% with almotriptan 2, 6.25, 12.5, and 25 mg doses (p < 0.05 for 6.25, 12.5, and 25 mg vs placebo). A dose-dependent decrease in the incidence of migraine-associated symptoms and the need for escape medication was observed. The incidence of adverse events with the almotriptan 2-mg, 6.25-mg, and 12.5-mg groups was comparable to that with the placebo group. CONCLUSION: Almotriptan 12.5 mg demonstrated the most favorable ratio between efficacy and tolerability, offering equivalent efficacy and better tolerability compared with the 25 mg dose. The minimum effective dose of almotriptan was 6.25 mg.",0
W2468752276,Migraine and Tension-Type Headache Reduction Through Pericranial Muscular Suppression: A Preliminary Report,"Migraine and tension-type headaches have always plagued mankind. In spite of all the research dollars spent trying to determine the etiologies of these headaches, the neurology community still has not established a known cause of migraine and tension type headaches. This paper describes a study that was conducted for the U.S. Food and Drug Administration in which the efficacy of the Nociceptive Trigeminal Inhibition Tension Suppression System was evaluated and proved safe and efficacious in the reduction of medically diagnosed migraine and tension-type headache.",0
W2126194551,Oral triptans (serotonin 5-HT1B/1D agonists) in acute migraine treatment: a meta-analysis of 53 trials,,0
W1987080598,Intranasal Sumatriptan in Post-ECT Headache: Results of an Open-Label Trial,"BACKGROUND: Significant headaches occur in up to 45% of patients receiving electroconvulsive therapy (ECT) as a result of treatment. Headaches may at times be severe and affect patient compliance with this treatment modality. The 5-HT(1B/1D) receptor agonist sumatriptan has been reported to be effective for post-ECT headache in several case reports. The aim of the present open-label study was to assess the efficacy and tolerability of intranasal sumatriptan for post-ECT headache. METHOD: Patients undergoing ECT who experienced moderate-to-severe post-ECT headache were enrolled in the study. Patients were asked to rate their headache severity and describe headache characteristics using a standard headache diary. Headaches rated as severe or moderate were treated with 20 mg of intranasal sumatriptan. Additional headache ratings were recorded at 0.25, 0.5, 1.0, 1.5, and 2 hours after sumatriptan administration and compared with baseline values. RESULTS: Eight female patients (ages 34-45 years old) participated in the trial and experienced a total of 13 post-ECT headaches, which were treated with intranasal sumatriptan. Of the headaches treated, six (46.2%) were described as severe and seven (53.8%) were characterized as moderate in severity. Twelve (92.3%) of the treated headaches responded by the 2 hour posttreatment time point and 11 (84.6%) had responded within 1 hour. Comparisons made at the 1- and 2-hour time point revealed a statistically significant improvement from baseline (p = 0.002). Of the 12 headaches that responded, 6 (50%) were reported as no pain and 5 (38.5%) were reported as only mild pain at 1 hour following treatment. At the 2-hour assessment, an additional headache, which had previously not responded, was rated at mild resulting in six (50%) headaches with complete resolution of pain and six (50%) with a decrease in pain symptoms from moderate or severe to mild. Overall, sumatriptan treatment was well tolerated, and no significant adverse effects or changes in vital signs were recorded. In no case was a second dose of sumatriptan given. The most common complaint was the taste of the medication (n = 4), which was not treatment limiting. No patient withdrew from the study due to an adverse event. CONCLUSION: Intranasal sumatriptan spray may be an effective, well-tolerated, and prompt treatment for patients experiencing moderate-to-severe post-ECT headache. Preventing post-ECT headache may contribute to patient compliance with the ECT treatment modality. Additionally, the known pharmacologic effects of sumatriptan and the generally positive results found in the present study suggest that ECT-induced headache is vascular in origin. Further placebo-controlled, double-blind studies are needed to confirm our open-label results.",0
W3189690185,Frovatriptan,,0
W2099009754,Assessing Patient Preference in Migraine Treatment,,0
W4252319135,Tolerability of Sumatriptan: Clinical Trials and Postmarketing Experience,,0
W2010032178,Pharmacokinetics and Safety of Oral Eletriptan during Different Phases of the Menstrual Cycle in Healthy Volunteers,"The purpose of this study was to determine the pharmacokinetics and safety of eletriptan in different phases of the menstrual cycle. Female volunteers (n = 16) with a regular menstrual cycle (28 +/- 4 days) received a single oral dose of 80 mg eletriptan during each of the four cycle phases: phase 1 (menses), days 1 to 4; phase 2 (follicular), days 6 to 10; phase 3 (ovulatory), days 11 to 13; and phase 4 (luteal), days 21 to 24. Eletriptan plasma concentrations were determined from serial plasma samples taken during a 24-hourperiod after dosing. Blood pressure, pulse rate, and ECG measurements were performed at baseline, 1 and 24 hours after dosing. No significant differences between phases were observed for maximum plasma concentration (cmax, range of means = 188-234 ng/ml), time to maximum concentration (tmax, range of means = 1.8-2.5 h), or systemic exposure (area under the curve [AUC], range of means = 1194-1514 ng x h/ml). Although there was a statistically significant difference in the terminal phase elimination rate constant (kel) between phases 1 and2 (0.175/h vs. 0.158/h, p = 0.044), the corresponding difference in terminal phase half-life (t 1/2) (4.0 h vs. 4.4 h) was not considered to be clinicallyrelevant. No clinically relevant differences in blood pressure, pulse rate, or ECG were observed, and the incidence, nature, and severity of adverse events were similar in all phases. The different phases of the menstrual cycle had no clinically significant effect on the pharmacokinetics, safety, or tolerability of oral 80 mg eletriptan in healthy females.",0
W2093125501,"Efficacy and tolerability of subcutaneous almotriptan for the treatment of acute migraine: a randomized, double-blind, parallel-group, dose-finding study",,0
W2117253164,Migraine and beyond: cardiovascular therapeutic potential for CGRP modulators,"CGRP is a potent vasodilator that has been shown to have a physiological and/or pathological role in neurogenic inflammation, headaches including migraine, thermal injury, circulatory shock, pregnancy and menopause, hypertension and heart failure and is known to be cardioprotective. CGRP is also a positive inotrope and increases heart rate. Clinical trials have shown beneficial effects of the vasodilatory action of CGRP in hypertension, angina, heart failure, Raynaud's disease and venous stasis ulcers. However, the clinical potential of CGRP is limited as it has to be given by infusion and is quickly broken down. Oral long acting CGRP-mimetics may have potential in disorders in which CGRP has been shown to be beneficial. CGRP-mimetics include capsaicin/vanilloid receptor agonists and gene transfer of an adenoviral vector that encodes prepro-CGRP. CGRP inhibitors have therapeutic potential in conditions in which excessive CGRP-mediated vasodilatation is present; neurogenic inflammation, migraine and other headaches, thermal injury, circulatory shock and flushing in menopause. CGRP inhibitors include capsaicin, antagonists at capsaicin/vanilloid receptors, civamide, CGRP receptor antagonists and 5-HT1D-receptor agonists. Drugs that are 5-HT1D-receptor agonists, the 'triptans' are already commonly used in migraine and the first small molecule CGRP antagonist, BIBN4096BS, is under clinical investigation for the treatment of migraine.",0
W4241182179,Eletriptan,"Eletriptan (Relpax, Pfizer) is one of a group of anti-migraine medications commonly referred to as 'triptans'. It is a potent serotonin agonist at the 5-HT(1B/1D) receptor and is indicated for the acute treatment of migraine headaches. Eletriptan is administered orally. It is rapidly absorbed and has a bioavailability of 50% compared to 14% for sumatriptan. The relatively high lipophilicity of eletriptan compared to sumatriptan may explain its faster oral absorption and shorter time to onset of action. Results from comparative studies between oral eletriptan and sumatriptan indicate that eletriptan 80 mg was superior to sumatriptan 100 mg in onset of action, headache response rate, pain free response rate and relief of associated migraine symptoms at the 1 or 2 h time intervals. Although there was a modest increase in adverse events with eletriptan 80 mg than with sumatriptan 100 mg, eletriptan received a high patient acceptability rating (84%).",0
W2163451842,Emerging treatments for irritable bowel syndrome,"Irritable bowel syndrome (IBS) is a functional GI disorder that is associated with abdominal discomfort and altered bowel habits. It accounts for up to 28% of patients presenting to a gastroenterology practice and poses a significant personal, societal and economic burden internationally. The Manning, Rome I and Rome II criteria were developed to identify appropriate IBS patients for entry into IBS studies in a consistent manner. Refinements in the understanding of the physiology of the enteric nervous system (ENS), which controls motility, secretion and sensation, provided the basis for our comprehension of the pathophysiology of IBS. Visceral hypersensitivity and neurotransmitter imbalance currently receive the most attention as possible mechanisms of IBS. This article outlines conventional treatments and reviews the data on emerging and experimental therapies for IBS. Emerging therapies for IBS using 5-HT mediation include 5-HT(3) antagonists, such as ondasetron, granisetron and alosetron, as well as 5-HT(4) agonists such as tegaserod and prucalopride. In addition to opioid agonists (e.g. fedotozine) several other drugs that act on other ENS receptors are being studied. In spite of significant progress in IBS research, these emerging therapies require more studies before they can be utilised as clinical treatments.",0
W184093693,"Gastroparesis: Prevalence, Clinical Significance and Treatment","The application of novel techniques to quantify gastric motor function and gastric emptying has yielded important insights into the prevalence, pathogenesis and clinical sequelae of gastroparesis. Both acute and chronic gastroparesis occur frequently; gastric emptying of solids is delayed in 30% to 50% of patients with diabetes mellitus, functional dyspepsia and gastroesophageal reflux disease. While many patients with gastroparesis experience upper gastrointestinal symptoms that adversely affect quality of life, the concept that symptoms are inevitably the direct outcome of delay in gastric emptying is now recognized to be overly simplistic. In contrast, the potential impact of gastroparesis on oral drug absorption and blood glucose control in patients with diabetes mellitus has probably been underestimated. While the use of prokinetic drugs (cisapride, domperidone, metoclopramide and erythromycin) forms the mainstay of therapy in symptomatic patients with gastroparesis, a number of novel pharmacological therapies are being evaluated, and preliminary studies using gastric pacing show promise.",0
W2016128719,Sumatriptan challenge in bipolar patients with and without migraine: a neuroendocrine study of 5-HT1D receptor function,"An association between bipolar disorder and migraine has been lately recognized and an abnormality of central serotonergic function is suggested as the underlying neurophysiological disturbance. To examine the role of serotonin in bipolar disorder and migraine, we used the neuroendocrine challenge paradigm, and we chose sumatriptan, a 5HT1D agonist, as the pharmacological probe. We studied nine bipolar patients with migraine, nine bipolar patients without it, seven migraine patients, and nine matched normal controls. A post-hoc analysis showed subsensitivity of serotonergic function, reflected in a blunted growth hormone response to sumatriptan challenge in bipolar patients who also suffered from migraine.",0
W2052258972,Migraine — Current Understanding and Treatment,"Migraine is a common and sometimes debilitating disorder. This review describes the epidemiology, pathophysiology, and preventive and symptomatic treatment of migraine, with special attention to drug therapy with the triptans.",0
W2162419529,The proximal stomach and postprandial symptoms in functional dyspeptics,"OBJECTIVES: It remains unclear whether postprandial symptom profiles in patients with visceral hypersensitivity and in those with impaired fundic accommodation differ. Therefore, we evaluated the postprandial symptoms in functional dyspepsia (FD) patients classified according to proximal stomach function. In addition, the effect of gastric relaxation induced by sumatriptan on postprandial symptoms was studied in FD patients with impaired fundic accommodation. METHODS: Twenty-five healthy volunteers (HVs) and 44 FD patients filled out a disease-specific questionnaire (Nepean Dyspepsia Index) and underwent a gastric barostat study to evaluate visceral sensitivity, meal-induced fundic relaxation, and postprandial symptoms. Postprandial symptoms evoked by a drink test or reported during the barostat study were compared between FD patients subdivided according to the underlying pathophysiological mechanism. Finally, the effect of sumatriptan on postprandial symptoms evoked by a drink test was investigated in HVs and in FD patients with impaired fundic accommodation. RESULTS: There was no clear relationship between any of the 15 Nepean Dyspepsia Index symptoms and proximal stomach function. Postprandial symptoms evoked during the barostat study or after the drink tests were significantly higher in FD patients than in HVs; however, no clear differences in symptom profile could be demonstrated between the different subclasses of FD. Sumatriptan did not affect the maximal ingested volume or the postprandial symptoms in HVs or FD patients after a drink test. CONCLUSIONS: No clear relationship could be demonstrated between postprandial symptoms and proximal stomach function.",0
W2064666101,Almotriptan,,0
W2414263761,Frovatriptan approved as migraine treatment,"Journal Article Frovatriptan approved as migraine treatment Get access CA Thompson CA Thompson Search for other works by this author on: Oxford Academic Google Scholar American Journal of Health-System Pharmacy, Volume 59, Issue 2, 15 January 2002, Pages 116–120, https://doi.org/10.1093/ajhp/59.2.116 Published: 15 January 2002",0
W2088544558,"Zolmitriptan versus a Combination of Acetylsalicylic Acid and Metoclopramide in the Acute Oral Treatment of Migraine: A Double-Blind, Randomised, Three-Attack Study","This multicentre, randomised, double-blind study compared oral zolmitriptan 2.5 mg with a combination of oral acetylsalicylic acid 900 mg and metoclopramide 10 mg as acute anti-migraine therapy for 3 migraine attacks. In total, 666 patients took at least one dose of study medication (326 took zolmitriptan and 340 took acetylsalicylic acid plus metoclopramide). The percentage of patients with a 2-hour headache response after the first dose for all 3 attacks (the primary end point) was 33.4% with zolmitriptan and 32.9% with acetylsalicylic acid plus metoclopramide [odds ratio 1.06, 95% confidence interval (CI) 0.77-1.47; p = 0.7228]. For the majority of secondary end points, the two treatments demonstrated comparable efficacy. However, post hoc analysis showed that significantly more patients receiving zolmitriptan were free of pain 2 h after the first dose in all 3 attacks compared with patients receiving acetylsalicylic acid plus metoclopramide (10.7 vs. 5.3%; odds ratio 2.19, 95% CI 1.23-4.03; p = 0.0095). In addition, post hoc analysis showed that the overall 2-hour pain-free response rate was consistently higher with zolmitriptan (34.6%) than with acetylsalicylic acid plus metoclopramide (27.9%) (odds ratio 1.40, 95% CI 1.09-1.78; p = 0.007). Both treatments reduced migraine-associated nausea, vomiting, phonophobia and photophobia. There were no important inter-group differences with respect to the onset of meaningful migraine relief, the frequency of headache recurrence, the usage or efficacy of a second dose of medication or the use of escape medication. However, at the last attack, the proportion of patients who expressed overall satisfaction with the treatment was significantly higher in the zolmitriptan group, i.e. 83.7%, versus 75.0% with acetylsalicylic acid plus metoclopramide (p = 0.0346). Both agents were well tolerated. Adverse events were reported by 40.8% (133/326) of zolmitriptan-treated patients and 29.1% (99/340) of those treated with acetylsalicylic acid plus metoclopramide. The incidence of withdrawals due to adverse events was very low with both zolmitriptan (0.9%) and the combination regimen (1.5%); the latter percentage included 1 patient who withdrew from the study due to phlebitis, which was classified as a serious adverse event. This study showed that zolmitriptan is effective and well tolerated for the acute treatment of moderate to severe migraine. Zolmitriptan was at least as effective as acetylsalicylic acid plus metoclopramide in achieving a 2-hour headache response, but significantly more effective than the combination therapy for other end points, including the 2-hour pain-free response.",0
W2056320680,"Efficacy, Tolerability and Safety of Oral Eletriptan and Ergotamine plus Caffeine (Cafergot&lt;sup&gt;®&lt;/sup&gt;) in the Acute Treatment of Migraine: A Multicentre, Randomised, Double-Blind, Placebo-Controlled Comparison","The 5-HT(1B/1D/1F) agonist eletriptan, at an oral dose of 80 mg, has been shown to be more efficacious than sumatriptan 100 mg and placebo in the treatment of migraine attacks with or without aura. Another commonly prescribed oral treatment for migraine attacks is Cafergot (1 mg ergotamine tartrate with 100 mg caffeine per tablet). The efficacy, tolerability and safety of 40- and 80-mg doses of eletriptan and 2 tablets of Cafergot were compared in a double-blind, randomised, placebo-controlled, parallel-group trial involving 733 migraine patients. Patients recorded symptoms at baseline (before treatment) and 1, 2, 4 and 24 h after dosing. Headache intensity was assessed on a 4-point scale (3 = severe pain, 2 = moderate pain, 1 = mild pain, 0 = no pain). Significantly more eletriptan-treated patients (80 mg, 68%; 40 mg, 54%) than Cafergot-treated patients (33%; p < 0.001) reported headache response (improvement from moderate-to-severe to mild or no pain) at 2 h. Substantially more eletriptan recipients reported no pain (80 mg, 38%; 40 mg, 28%; Cafergot, 10%; placebo, 5%; p < 0.001). Eletriptan headache response rates at 1 h were significantly higher (80 mg, 39%; 40 mg, 29%; Cafergot, 13%; placebo, 13%; p < 0.002 for each comparison). Both doses of eletriptan were significantly more effective than Cafergot in reducing nausea (p < 0.0001), photophobia (80 mg, p < 0.0001; 40 mg, p < 0.002), phonophobia (80 mg, p < 0.0001; 40 mg, p < 0.003) and functional impairment (p < or = 0.001) at 2 h. Adverse events were generally mild or moderate and transient. This randomised trial shows that oral eletriptan is more efficacious in the acute treatment of migraine than oral Cafergot and is well tolerated.",0
W2071203803,Cluster Headache: Evidence for a Disorder of Circadian Rhythm and Hypothalamic Function,"This article reviews the literature for evidence of a disorder of circadian rhythm and hypothalamic function in cluster headache. Cluster headache exhibits diurnal and seasonal rhythmicity. While cluster headache has traditionally been thought of as a vascular headache disorder, its periodicity suggests involvement of the suprachiasmatic nucleus of the hypothalamus, the biological clock. Normal circadian function and seasonal changes occurring in the suprachiasmatic nucleus and pineal gland are correlated to the clinical features and abnormalities of circadian rhythm seen in cluster headache. Abnormalities in the secretion of melatonin and cortisol in patients with cluster headache, neuroimaging of cluster headache attacks, and the use of melatonin as preventative therapy in cluster headache are discussed in this review. While the majority of studies exploring the relationship between circadian rhythms and cluster headache are not new, we have entered a new diagnostic and therapeutic era in primary headache disorders. The time has come to use the evidence for a disorder of circadian rhythm in cluster headache to further development of chronobiotics in the treatment of this disorder.",0
W207396821,Divalproex sodium in the treatment of migraine and cluster headaches.,"The discovery of a new class of effective migraine-abortive medications, the triptans, has sparked a new interest in the study of vascular headache. Over the past few years, the Food and Drug Administration (FDA) has approved six new abortive pharmacologic therapies, with several others in various stages of clinical trials. Unfortunately, concurrent pharmacologic changes in headache prophylaxis have not kept pace with their abortive counterparts. However, divalproex sodium (Depakote), which is approved by the FDA as a migraine prophylactic agent, is the first in the anticonvulsant class of medication for migraine headache and has expanded the options in headache treatment. The objective of this retrospective multicenter study of 284 patients with migraine or cluster headaches was to examine the clinical efficacy and safety of divalproex sodium as prophylaxis in monotherapy and in polytherapy. Sixty-one percent of migraineurs and 73% of cluster patients noted a decrease in pain with divalproex sodium and continued that therapy for more than 3 months. Reported negative side effects included weight gain, nausea, somnolence, tremor, alopecia, dysequilibrium, and rash. However, only 14% of subjects discontinued therapy due to these side effects. Overall, divalproex sodium was found to be an effective and generally well-tolerated prophylactic treatment option as monotherapy or in polytherapy for migraine and cluster headache.",0
W2025227391,Pharmacoeconomic evidence and considerations for triptan treatment of migraine,"The 5-hydroxytriptamine (5-HT)(1B/1D) agonists (i.e., the triptans) are highly effective in migraine but their high cost relative to other treatments necessitates careful analysis of their cost-effectiveness. The majority of pharmacoeconomic evaluations, nearly all of which deal with sumatriptan, indicate that from the societal perspective triptans are dominant: health outcomes are improved while the overall cost of migraine is reduced. However, the results are more ambiguous from the perspective of the health care payer: reductions in non-drug medical costs are unlikely to offset fully the high drug cost. Thus far, few analyses have explicitly included quality of life (QOL) in their analyses and pharmacoeconomic analyses comparing the different triptans are scant. More research is required in these areas.",0
W1964966858,The complexity of drug development for irritable bowel syndrome,"Drug development for functional gastrointestinal disorders is complex. These conditions involve central and peripheral physiological changes, together with psychological factors. Methodological problems have included a poor appreciation of the physiological and psychological correlates of patients' symptoms, a lack of animal models of proven relevance, and safety issues. Government, patient pressure groups and the Internet can also influence a drug's success. Most recent interest has focused on the serotonin (5-HT) modifying drugs. Cisapride has been withdrawn in some countries because of concerns related to QT prolongation and cardiac arrhythmias. The 5-HT3 antagonists, developed to modify visceral sensation, have caused constipation; alosetron, also withdrawn, caused ischaemic colitis. The 5-HT4 agonists induce peristalsis; tegaserod and prucalopride, both delayed in their development due to issues of safety and efficacy, benefit patients with 'constipation-predominant' irritable bowel syndrome or idiopathic constipation. 5-HT1 agonists improve impaired gastric accommodation and symptoms in patients with functional dyspepsia. Antidepressants also affect serotonin metabolism. Previous examples of success in this area involved drugs targeted at peripheral receptors mediating motor function or secretion. Modification of sensory function is a much more challenging objective. The experience with serotonin modifying drugs has been mixed, and some important lessons are there to be learnt.",0
W2143911290,Diagnosis and Treatment of Migraine,,0
W2244194759,Assessing the Efficacy of Drugs for the Acute Treatment of Migraine,,0
W2039580458,Cost-Effectiveness Analysis of Stratified Versus Stepped Care Strategies for Acute Treatment of Migraine,,0
W2075335330,The medical benefit of 5-HT research,,0
W2093616150,Evidence-Based Migraine Therapy,,0
W2171472795,Gastric emptying in diabetes: clinical significance and treatment,"The outcome of recent studies has led to redefinition of concepts relating to the prevalence, pathogenesis and clinical significance of disordered gastric emptying in patients with diabetes mellitus. The use of scintigraphic techniques has established that gastric emptying is abnormally slow in approx. 30-50% of outpatients with long-standing Type 1 or Type 2 diabetes, although the magnitude of this delay is modest in many cases. Upper gastrointestinal symptoms occur frequently and affect quality of life adversely in patients with diabetes, although the relationship between symptoms and the rate of gastric emptying is weak. Acute changes in blood glucose concentration affect both gastric motor function and upper gastrointestinal symptoms. Gastric emptying is slower during hyperglycaemia when compared with euglycaemia and accelerated during hypoglycaemia. The blood glucose concentration may influence the response to prokinetic drugs. Conversely, the rate of gastric emptying is a major determinant of post-prandial glycaemic excursions in healthy subjects, as well as in Type 1 and Type 2 patients. A number of therapies currently in development are designed to improve post-prandial glycaemic control by modulating the rate of delivery of nutrients to the small intestine.",0
W2410712054,DIPYRIDAMOLE MAY BE USED SAFELY IN PATIENTS WITH ISCHAEMIC HEART DISEASE,"It is thought that up to 50% of patients with cerebrovascular disease will have concurrent ischaemic heart disease. Dipyridamole co-formulated with aspirin has been shown to increase the relative reduction in risk of second stroke in patients with prior stroke/transient ischaemic attack beyond that obtaining with aspirin alone. We have sought to resolve the question of whether dipyridamole treatment increases the risk of cardiac adverse events in patients with co-existing ischaemic heart disease. The published literature, periodic safety update reports, the randomised controlled trials of antiplatelet agents in stroke prevention and those including dipyridamole in cardiovascular indications, have been reviewed and analysed. The early reports of serious adverse cardiac effect attributable to dipyridamole occurred in patients with severe coronary artery disease using dipyridamole as a stress test adjunct to cardiac imaging. The randomised controlled trials databases show no evidence of mortality and only isolated cases of significant cardiac morbidity attributable to dipyridamole at recommended oral doses in patients with ischaemic heart disease. We conclude that patients with cerebrovascular and mild to moderate concomitant ischaemic heart disease may be treated safely with dipyridamole for the secondary prevention of stroke.",0
W2001061822,Emergency Department Treatment of Migraine Headaches,,0
W1998720703,Treatment of acute cluster headache with 20 mg sumatriptan nasal spray – an open pilot study,,0
W2053817847,Acute migraine headache,"OBJECTIVE: To investigate trigeminal sensory processing in patients with migraine using a novel ""nociception-specific"" blink reflex. METHODS: Seventeen patients with unilateral migraine headache were studied within 6 hours of onset. Blink reflexes were elicited with a standard stimulating electrode (standard blink reflex) and concentric stimulating electrode (nociception-specific blink reflex) during the acute migraine attack, after treatment with IV lysine acetylsalicylate (1,000 mg) or oral zolmitriptan (5 mg) and interictally. RESULTS: After standard stimulation, no differences were detected for the R1 and R2 onset latencies and areas under the curve (AUC) between the different time points and the headache and nonheadache side. Nociception-specific stimulation revealed a shortening of R2 onset latencies (44.3 +/- 5.4 ms for headache side vs 48.9 +/- 5.8 ms for nonheadache side) during the acute migraine attack compared with the headache-free interval (49.8 +/- 5.3 vs 49.8 +/- 4.5 ms). The AUC of the R2 increased on the headache side by 680% and on the nonheadache side by 230% compared with the headache-free interval. Drug treatment parallel to pain relief increased the onset latencies (zolmitriptan: 48.0 +/- 8.2 ms for headache side vs 52.3 +/- 7.6 ms for nonheadache side; lysine acetylsalicylate: 48.0 +/- 5.0 ms for headache side vs 51.2 +/- 5.6 ms for nonheadache side) and reduced the AUC of R2 (zolmitriptan by 45% and lysine acetylsalicylate by 48%). CONCLUSION: The data suggest temporary sensitization of central trigeminal neurons during acute migraine attacks.",0
W2059236456,Zolmitriptan Orally Disintegrating Tablet is Effective in the Acute Treatment of Migraine,"A new formulation of zolmitriptan has been developed that dissolves on the tongue without the need for additional fluid intake. In this double-blind, parallel study, 471 patients were randomized to receive the zolmitriptan orally disintegrating tablet 2.5 mg (n=231) or matching placebo (n=240) to treat a single moderate or severe migraine. Headache relief following zolmitriptan 2.5 mg (63%) was significantly greater than with placebo (22%) at 2 h post-dose (primary endpoint; P < 0.0001). The zolmitriptan orally disintegrating tablet was also significantly more effective than placebo for 1-, 2- and 4-h pain-free response (8% vs. 3%, P=0.0207, 27% vs. 7%, P < 0.0001, and 37% vs. 11%, P < 0.0001, respectively). Of those patients stating a preference, 70% of patients preferred the orally disintegrating tablet to a conventional tablet. Zolmitriptan orally disintegrating tablets are an effective and convenient alternative to a conventional tablet, allowing migraine attacks to be treated anytime a migraine strikes, which can facilitate earlier treatment.",1
W2006281976,Intraoral Chilling Versus Oral Sumatriptan for Acute Migraine,"Migraine pathophysiology is associated with a dural inflammation. Recent evidence suggests that the primary inflammation occurs in a maxillary nerve segment, accessible intraorally. Local tenderness, related to symptom laterality, has been palpated consistently in asymptomatic migraine patients, and significant migraine relief has been obtained from chilling confined to this area. Thirty-five symptomatic episodic migraine patients were enrolled in this study, comparing 40 minutes of bilateral intraoral chilling, 50 mg of oral sumatriptan, and 40 minutes of sham (tongue) chilling. Hollow metal tubes chilled by circulating ice water were held in the maxillary molar periapical areas by the patient. Pain and nausea were recorded at baseline and 1, 2, 4, and 24 hours after start of treatment, using a numeric symptom-relief scale. Significant mean headache relief was obtained by maxillary chilling and sumatriptan at all four time intervals, with poor relief obtained by placebo. Maxillary chilling was more effective than sumatriptan at all four time intervals. Significant nausea relief was obtained by maxillary chilling and sumatriptan at posttreatment and 2 and 4 hours later. At 24 hours, some headache and nausea recurrence was noted with sumatriptan. The repeated-measures analysis of variance indicated that both treatments, drug (P = 0.024) and maxillary chilling (P = 0.001), reduced the headache, as compared with the control group. Tenderness suggests local inflammation associated with vasodilatation and edema. Because chilling can resolve local edema, these findings raise the possibility that an intraoral inflammation may be a factor in migraine etiology.",0
W2437281642,Which oral triptans are effective for the treatment of acute migraine?,,0
W1977330276,Chronic tension-type headache: advice for the viselike-headache patient.,"About 3% of people experience daily viselike headaches without other associated symptoms, a condition called chronic tension-type headache. Therapy consists of tricyclic antidepressants, biofeedback, and stress management, although compelling data from randomized controlled trials are lacking.",0
W2005537302,"Efficacy, Safety and Tolerability of Oral Eletriptan in the Acute Treatment of Migraine: Results of A Phase Iii, Multicentre, Placebo-Controlled Study Across Three Attacks","The efficacy, safety and tolerability of the 5-HT1B/D receptor agonist eletriptan (40 mg and 80 mg) in acute treatment of migraine was evaluated in a multinational, randomized, double-blind, parallel-group, placebo-controlled, three-attack study treating 1153 patients. In the initial attack, significantly more eletriptan patients reported headache relief and complete pain relief at 2 h vs. placebo (40 mg 62% and 32%, 80 mg 65% and 34%, placebo 19% and 3%; P < 0.0001). Headache relief occurred faster after eletriptan, with more patients at both doses reporting relief 30 min (P < 0.01) and 1 h (P < 0.0001) after treatment than after placebo. There was a significantly lower recurrence rate with eletriptan 80 mg compared with placebo (P < 0.01). Adverse events for all treatments were generally mild or moderate and self-limiting. Eletriptan 40 mg and eletriptan 80 mg both appear to be effective and well-tolerated acute migraine treatments.",1
W1986797712,Almotriptan Increases Sustained Pain‐Free Outcomes in Acute Migraine: Results From Three Controlled Clinical Trials,"OBJECTIVE: Evaluate the effect of almotriptan on sustained pain-free outcome in patients with acute migraine. METHODS: Three randomized, double-blind, placebo-controlled trials of almotriptan for the treatment of acute migraine were examined. Two trials evaluated almotriptan 6.25 mg and 12.5 mg, and the third evaluated almotriptan 12.5 mg and sumatriptan 100 mg. Patients aged 18 to 65 years were instructed to take 1 dose of study medication at the onset of a moderate-to-severe migraine headache. A second dose was allowed for relapse. Sustained pain-free was defined as a decrease in pain severity from moderate or severe at baseline to no pain at 2 hours postdose and without relapse or the use of escape medication between 2 and 24 hours. RESULTS: A total of 1791 adult migraine sufferers were studied. The proportion of patients achieving a sustained pain-free state was significantly (P<.05) higher in the almotriptan 6.25-mg (21.7% to 22.5%) and 12.5-mg (24.6% to 27.6%) groups than in the placebo group (7.5% to 12.1%). The proportion of patients achieving a sustained pain-free state was comparable between almotriptan 12.5 mg (24.6%) and sumatriptan 100 mg (28.5%) and significantly (P<.05) greater than with placebo (12.1%). Among patients with severe baseline pain, a sustained pain-free state was achieved in significantly more patients (P<.05) with almotriptan 12.5 mg (17.3% to 20.9%) than with placebo (3.1% to 3.2%). Among those with moderate baseline pain, a sustained pain-free state was achieved in significantly more patients (P<.01) with almotriptan 12.5 mg (31.3% to 32.0%) than with placebo (10.2% to 16.1%). CONCLUSIONS: Almotriptan 12.5 mg is significantly better than placebo and comparable to sumatriptan 100 mg for achieving a sustained pain-free state.",0
W1990698167,Within‐Patient Early Versus Delayed Treatment of Migraine Attacks With Almotriptan: The Sooner the Better,"BACKGROUND: Migraine sufferers typically have been instructed to delay triptan therapy until headache intensity is at least moderate. Recent data suggest that earlier use of triptans may be more beneficial. OBJECTIVE: To address the potential ""within-patient"" benefit of intervention with almotriptan 12.5 mg for migraine headache of mild intensity. METHODS: We performed a post hoc analysis of a subgroup of patients from a large, open-label, long-term clinical trial wherein 762 migraineurs used almotriptan 12.5 mg for headache attacks of any severity. Specifically, we evaluated the efficacy and safety of treatment in those patients who had treated at least 3 ""mild"" attacks and 3 ""moderate/severe"" attacks, examining rates of pain-free status, use of rescue medication, early recurrence, and adverse events for the first 3 mild and the first 3 moderate/severe attacks treated. RESULTS: There were 118 migraineurs and 708 attacks available for analysis. At 1 hour following treatment, pain-free status was achieved in 47% of mild attacks versus 14% of moderate/severe attacks (P<.001); incidences at 2 hours were 84% of mild attacks and 53% of moderate/severe attacks (P<.001). The chance of achieving pain-free status at 1 hour in at least 2 of 3 treated attacks was 45% for mild attacks and 9% for moderate/severe attacks; at 2 hours the percentages were 88% for mild attacks and 56% for moderate/severe attacks. Rescue medication was required in 8% of mild attacks and in 13% of moderate/severe attacks (P<.01). The incidence of early recurrence was 28% for mild attacks and 33% for moderate/severe attacks (P<.01). There was no difference in the incidence of adverse events for mild versus moderate/severe attacks (6% versus 7%). CONCLUSION: These results support early intervention with oral triptan therapy. When used for mild intensity head pain, almotriptan 12.5 mg produced a significantly higher incidence of pain-free status at 1 and 2 hours and lower incidences of early headache recurrence or need for rescue medication.",0
W2132867515,Frovatriptan for the Acute Treatment of Migraine: A Dose‐Finding Study,"OBJECTIVE: To determine the optimal dose and tolerability of frovatriptan in the acute treatment of migraine. BACKGROUND: Frovatriptan has a distinctive pharmacological and pharmacokinetic profile compared with sumatriptan. A previous study has shown that frovatriptan doses of 2.5, 5, 10, 20, and 40 mg are equally effective in relieving headache with no evidence of a dose-response relationship. The incidence of adverse events tended to increase with doses of 10 mg and above. METHODS: This study was a randomized, double-blind, placebo-controlled, parallel-group multicenter trial. Patients (n=635) took a single oral dose of placebo or frovatriptan, 0.5, 1, 2.5, or 5 mg, at the onset of a moderate or severe migraine headache and recorded headache intensity, functional impairment, and migraine-associated symptoms over 24 hours. RESULTS: Frovatriptan 2.5 mg produced clinically and statistically significant headache relief 2 hours post-dose, whereas the effect of lower doses was not significantly different from that of placebo at that time point. The 2.5-mg dose also produced significant symptom relief and improvement in functional impairment. All doses of frovatriptan were well tolerated, and the majority of adverse events were of mild or moderate severity. CONCLUSION: It is concluded that the 2.5-mg dose of frovatriptan offers optimal efficacy and tolerability in the treatment of acute migraine. Higher doses do not appear to confer greater efficacy and are associated with an increased incidence of adverse effects.",0
W2116593011,"Rizatriptan 5 mg for the Acute Treatment of Migraine in Adolescents: A Randomized, Double‐Blind, Placebo‐Controlled Study","OBJECTIVE: To investigate the tolerability and efficacy of rizatriptan 5 mg in adolescent migraineurs. METHODS: Randomized, double-blind, placebo-controlled study. Patients aged 12 to 17 years received rizatriptan 5 mg (n = 149) or placebo (n = 147) for a moderate or severe headache and for up to two recurrences. Headache severity, presence or absence of associated symptoms, and functional disability were assessed over a 4-hour postdose period, and any adverse events were recorded. The primary efficacy measure was pain-free status at 2 hours postdose. RESULTS: Rizatriptan 5 mg was well tolerated. The most commonly reported adverse events (all with incidence of 5% or less) among patients receiving rizatriptan were dry mouth, dizziness, asthenia/fatigue, nausea, and somnolence. The percentage of patients pain-free at 2 hours was 32% for rizatriptan 5 mg versus 28% for placebo (P=.474). The percentage of patients with pain relief (reduction of predose pain intensity to mild or none) at 2 hours was 66% for rizatriptan versus 56% for placebo (P=.079). Placebo response rates were higher than those typically observed in previous studies of rizatriptan in adults. Compared with placebo, rizatriptan significantly improved functional disability at 1.5 and 2 hours, and nausea at 1 and 1.5 hours. Post hoc analysis showed a significant benefit of rizatriptan versus placebo in the percentage of patients who had pain relief when their migraine attacks were treated on weekends (65% versus 36%, P=.046) compared with weekdays (66% versus 61%, P=.365), and the weekend placebo response rate was similar to that seen in adults. CONCLUSIONS: Rizatriptan 5 mg was well tolerated and effective on some measures when used in adolescents for the treatment of a migraine attack.",0
W2033503246,New Paradigms in the Recognition and Acute Treatment of Migraine,"It would be ideal if clinical decisions regarding acute migraine treatment could be made on the basis of three parameters: a critical appraisal of available scientific evidence, clinical experience (including knowledge of the individual patient and his/her attack characteristics), and, of course, patient preferences. Patients are likely to prefer agents that offer rapid relief, pain-free status within 2 hours, no recurrence or need for rescue medication, extended time to recurrence (if present), consistency of therapeutic effect over multiple attacks, oral administration. good tolerability, safety, and minimal drug interactions. Fortunately, a number of specific therapies now are available which place these objectives within the patient's reach. Ongoing barriers to optimal migraine care include underrecognition, underconsultation, undertreatment, restrictions imposed by insurance companies, and exaggerated concerns regarding the safety of the triptans. Overcoming these barriers is likely to prove a more important contribution to patient care than endeavoring to establish the relative merits of one triptan over another. We have described in detail a number of strategies for improving recognition and treatment of migraine. Many headache specialists now believe that recurrent episodes of disabling headache, with a stable pattern over years, should be viewed as migraine until proven otherwise. In the end, this may represent the most useful paradigm in the primary care setting, where time is of the essence. Studies to validate this approach are needed. Acute treatment intervention that is based on scientific evidence, clinical experience, and patients' needs and desires will provide better outcomes than those presently obtained. Preliminary evidence favors early intervention with oral triptans, and randomized, prospective, double-blind, placebo-controlled studies, ideally employing a crossover design, are required to confirm this. The US Consortium's evidence-based guidelines, the National Headache Foundation's standards of care, and the Canadian guidelines have applied the standards of scientific inquiry to the field of headache management and ""translation"" of these guidelines into practical instruments for clinicians through vehicles such as the Primary Care Network's Patient-Centered Strategies for Effective Management of Migraine should raise the general standard of care for patients with migraine. Last, but far from least, initiatives undertaken by the World Health Organization (WHO) will add credibility to the many layfolk and professionals who have struggled to present headache as a disabling disorder worthy of scientific investigation and aggressive medical management. The WHO states: ""These common complaints impose a significant health burden ... Despite this, both the public and the majority of healthcare professionals tend to perceive headache as a minor or trivial complaint. As a result, the physical, emotional, social and economic burdens of headache are poorly acknowledged in comparison with those of other, less prevalent, neurologic disorders."" Migraine is finally out of the closet.",0
W1973369402,Headache Recurrence as a Criterion for Assessing Efficacy of Triptans: A Perspective,,0
W2077241252,Evidence‐Based Assessment of Pregnancy Outcome After Sumatriptan Exposure,"OBJECTIVE: Assessment of best available evidence for tolerability of sumatriptan after inadvertent exposure during pregnancy. BACKGROUND: Migraine's demography suggests that inadvertent exposure to acute therapies is likely during the earliest undiagnosed stages of pregnancy. The tolerability of such therapies under these conditions is not amenable to clinical trial for ethical reasons. In the United States, sumatriptan is currently labeled pregnancy category C (ie, not recommended for use during pregnancy unless the potential benefit justifies the potential risk to the fetus). METHODS: Three types of adverse events were studied: spontaneous abortion, fetal abnormality, and obstetric complications. Traditional evidence-based criteria were used to assess a search-protocol product of four clinical studies and two case reports. RESULTS: The single positive finding (""preterm delivery"" without low birth weight) was in the smallest study; this study was retrospective and the finding was externally inconsistent with the other three larger studies, all of which were prospective. No study followed children for more than 4 years, which is the period needed to identify the maximum number of congenital anomalies. Rigorous teratological technique was generally not employed. Post hoc power calculations were used to provide parameters of the hazard detectable by these studies in aggregate. CONCLUSIONS: Pregnancy categories B and C both seem feasible for sumatriptan. Within the limits of the examined studies, there is no evidence for any specific effect of sumatriptan on pregnancy outcome. Patients inadvertently exposed to sumatriptan during an early stage of pregnancy should be reassured by these data.",0
W2095107610,Triptans for Migraine Prodrome,,0
W2043276466,Comparison of Triptan Tablet Consumption per Attack: A Prospective Study of Migraineurs in Spain,"OBJECTIVES: To compare patient self-reported tablet consumption of rizatriptan 10 mg per attack (24 hours) with that of sumatriptan 50 mg, zolmitriptan 2.5 mg, and naratriptan 2.5 mg on an unselected, prescription-based, Spanish migraine population. METHODS: One hundred twenty community pharmacies recruited patients with migraine, who used their pharmacies, to fill a triptan prescription. In diaries, patients recorded baseline pain intensity and the number of triptan tablets and additional medication taken per attack. Patients treated a maximum of three attacks. Analysis of variance or the Student t test and chi-square or Fisher exact tests were used for univariate comparisons. Hochberg corrections were used for multiple-group comparisons. A generalized estimating equation method was used to correct for within-subject correlation. Adjusted odds ratios (ORs) and 95% confidence intervals (CIs) were calculated. RESULTS: Two hundred thirty-one patients (84% women) treated 589 evaluable migraine attacks (sumatriptan, n = 135; naratriptan, n = 90; zolmitriptan, n = 149; rizatriptan, n = 149). Triptan tablet consumption per attack (mean +/- SD) for rizatriptan (1.24 +/- 0.56) was significantly lower than that of sumatriptan (1.75 +/- 1.2; P< .05), zolmitriptan (1.61 +/- 0.86; P < .05), or naratriptan (1.46 +/- 0.62; P= .05). The average number of triptan tablets taken and additional medication use increased according to baseline pain severity. More attacks were treated with one tablet of rizatriptan (81.2%) than with one tablet of sumatriptan (51.9%), zolmitriptan (55.7%), or naratriptan (60%). The probability of using more than one triptan tablet per attack (24 hours) was more than three times greater for sumatriptan (adjusted OR = 3.71; CI, 2.05 to 6.7; P = .001) and zolmitriptan (adjusted OR = 3.32; CI, 1.82 to 6.17; P = .001), and more than two times greater for naratriptan (adjusted OR = 2.66; CI, 1.36 to 5.21; P =.004) than for rizatriptan. CONCLUSIONS: Rizatriptan was associated with significantly lower triptan tablet use and additional medication use per attack than the other triptans. Additional randomized studies are needed to confirm the conclusions of this study.",0
W2023489938,How Does Almotriptan Compare With Other Triptans? A Review of Data From Placebo‐Controlled Clinical Trials,"Almotriptan, the new selective 5-HT1B/1D agonist, has a higher oral bioavailability than any other triptan, with more than two thirds of the administered dose absorbed within the first hour both inside and outside of a migraine attack. Gender or the presence of food in the stomach does not affect its pharmacokinetic profile, and the compound has no clinically relevant interactions with other drugs. Among the available triptans, response rates at 2 hours range from 50% to 80%, with 20% to 50% of patients pain-free. Almotriptan 12.5 mg provides similar efficacy, with significant advantage over placebo at 30 minutes and a reliable consistency (75% in two of three attacks). Headache typically recurs in 25% to 45% of patients with most triptans. The recurrence rate with almotriptan 12.5 mg, 18% to 27%, is among the lowest reported. The tolerability of almotriptan 12.5 mg is close to that of placebo with a low incidence of central nervous system side effects and chest symptoms. In conclusion, almotriptan's consistent pharmacokinetics and good efficacy, in combination with excellent tolerability, make it an attractive choice in the acute treatment of migraine attacks.",0
W4246013770,Mixing Sumatriptan,,0
W4239221706,Clinical features of withdrawal headache following overuse of triptans and other headache drugs,,0
W2074550961,The Pharmacokinetics and Safety of Single Escalating Oral Doses of Eletriptan,"The pharmacokinetics, safety, and tolerability of the 5-HT(1B/1D) agonist eletriptan were characterized in a randomized, double-blind, placebo-controlled, dose escalation study. Healthy males received single oral doses of 10 to 120 mg. Following screening and baseline measurements, plasma and saliva eletriptan concentrations were measured at intervals over 48 hours and 24 hours, respectively. Samples were analyzed using high-performance liquid chromatography with ultraviolet detection. Both the maximum plasma concentration and the area under the plasma eletriptan concentration-time curve showed an essentially linear relationship to the administered dose. Eletriptan exhibited a median time to maximum plasma concentration of 1 to 1.25 hours and a mean elimination half-life of 3.6 to 7.0 hours. Mean salivary-plasma ratios for pharmacokinetic parameters generally remained constant across the 30 to 90 mg dose range. Eletriptan was well tolerated, with mostly mild and transient adverse events. In conclusion, oral doses of eletriptan in the therapeutic range were rapidly absorbed and exhibited essentially linear plasma and saliva pharmacokinetics.",0
W2092450423,"Pharmacokinetics, Pharmacodynamics, and Safety of the 5‐HT<sub>1B/1D</sub> Agonist Eletriptan following Intravenous and Oral Administration","Four separate studies were conducted to examine the safety, tolerability, pharmacokinetics (PK), and pharmacodynamics (PD) of eletriptan, a 5-HT(1B/1D) receptor agonist being developed for the treatment of migraines, after oral and intravenous administration. Fifty-five males received oral (1.5-30 mg or 30-120 mg) or intravenous (1.67-50 microg/kg or 50-102 microg/kg) eletriptan in four double- and single-blind, placebo-controlled, ascending-dose crossover studies. The maximum plasma concentration (Cmax) and area under the concentration curve (AUC) appeared linear over all dose ranges, with an apparent terminal half-life of 4 to 5 hours. Clearance and volume of distribution remained constant with dose. The time to first occurrence of Cmax (tmax) for oral eletriptan was approximately 1 hour and was unaffected by dose. Comparison of AUC values suggested an absolute bioavailability of approximately 50%. A linear PK/PD model, fitted to the data, predicted small, transient elevations in diastolic blood pressure following eletriptan doses > or = 60 mg. These effects were considered unlikely to be clinically significant. Eletriptan was well tolerated, and treatment-related adverse events were mild to moderate and transient. These PK properties should result in eletriptan having a rapid onset and sustained duration of action in terms of migraine efficacy.",0
W2071220793,Use of rescue medication in trials of almotriptan versus placebo in the treatment of acute migraine,,0
W2050630815,The pharmacokinetics of sumatriptan when administered with clarithromycin in healthy volunteers,,0
W4301432316,Migraine headache.,,0
W2075660312,Practical Approaches to Migraine Management,,0
W2027261838,Pharmacological treatments for acute migraine: quantitative systematic review,"We wanted to compare the analgesic efficacy and adverse effects of pharmacological treatments for acute migraine through a systematic review of randomised controlled trials in patients with acute migraine pain of moderate to severe intensity. Trials were identified from systematic searching of bibliographic databases. For eletriptan information from all trials was supplied by Pfizer Inc. Outcomes sought were headache relief at 1 and 2h, patients pain free at 2h and sustained relief over 24h for treatments compared with placebo. Numbers-needed-to-treat (NNTs) were calculated, together with relative benefit. Information on adverse effects was also collected. Comparisons of relative efficacy used the same definition of headache, the same degree of pain at the start of treatment and the same definitions of outcomes, and always compared with placebo. Forty-eight publications reporting on 54 trials were included in the meta-analyses, with 79 placebo comparisons for the primary outcome of headache relief at 2h. Information on any outcome was available for nine oral medications, two intranasal medications and subcutaneous sumatriptan in 21,022 patients. For headache relief at 2h NNTs ranged from 2.0 for subcutaneous sumatriptan 6mg to 5.4 for naratriptan 2.5mg. For patients pain free at 2h NNTs ranged from 2.1 for subcutaneous sumatriptan 6mg to 8.6 for aspirin 900mg plus metoclopramide 10mg. For sustained relief over 24h NNTs ranged from 2.8 for eletriptan 80mg to 8.3 for rizatriptan 5mg. It was not possible to systematically review adverse effects data. Most interventions are effective. There is considerable information on relative efficacy for a number of outcomes.",0
W2411291476,Sensitization: its role in primary headache.,"The pathophysiology of the two most common primary headaches, migraine and tension-type headache, is complex and not yet fully understood. Recent animal and human studies examining these headaches indicate that the nociceptive input to the central nervous system (CNS) may be increased due to activation or sensitization of peripheral sensory afferents. The barrage of nociceptive impulses may result in sensitization of second- and third-order neurons in the CNS. In this way, sensitization may play a role in initiation and maintenance of migraine and tension-type headache. It is likely that the effects of established medication for both disorders may be partly due to a reduction in sensitization. Several interesting drugs that counteract sensitization are under development, and targeting this mode of action seems to be a promising way of improving the treatment for these prevalent disorders.",0
W1982373420,Spotlight on Almotriptan in Migraine*,,0
W2123102151,Efficacy of oral ketoprofen in acute migraine,"BACKGROUND: Certain nonsteroidal anti-inflammatory drugs are effective in the acute treatment of migraine attacks. The authors report a double-blind, placebo-controlled, randomized cross-over trial of a dual-release formulation of oral ketoprofen in the acute treatment of migraine attacks. METHODS: The authors compared the efficacy of two doses of ketoprofen (75 or 150 mg) with that of placebo (primary analysis) and zolmitriptan 2.5 mg (secondary analysis) on one to four consecutive attacks in 235 intent-to-treat patients (out of 257 randomized patients) with migraine with or without aura. The principal efficacy outcome was headache relief (reduction in headache severity from severe or moderate to mild or absent at 2 hours). RESULTS: Results are based on 838 attacks with a severe or moderate headache that were evaluable at 2 hours. Relief was reported for 62.6% of headaches treated with ketoprofen 75 mg, 61.6% with ketoprofen 150 mg, and 66.8% with zolmitriptan. The difference between the three active treatments and placebo (27.8% relief) was highly significant, both tests of ketoprofen vs placebo being globally controlled at a 5% level for the type I error (primary analysis). Headaches at 2 hours disappeared more frequently for the active treatments than for placebo. The authors also demonstrated efficacy on most other secondary outcomes. The tolerance of ketoprofen was good (similar to that of placebo). CONCLUSIONS: Oral ketoprofen (75 mg or 150 mg) in a dual-release formulation is an effective and well-tolerated drug in the acute treatment of migraine attacks.",0
W1965773865,Signal Generation in the New Zealand Intensive Medicines Monitoring Programme,,0
W2102212528,Review of zolmitriptan and its clinical applications in migraine,"Preclinical studies have shown that zolmitriptan is a selective serotonin 5-HT(1B/1D) receptor agonist (triptan). Randomised, placebo-controlled, double-blind trials in patients with migraine have shown that zolmitriptan has good efficacy measured using 2 h response and pain-free rates. Migraine-associated symptoms, including nausea, photophobia and phonophobia, are also improved with zolmitriptan. Oral zolmitriptan (2.5 and 5 mg) has an onset of action within 45 min and efficacy is sustained in most patients who respond at 2 h. The orally-disintegrating zolmitriptan tablet has the advantage that it may be taken immediately, without the need for additional fluids, any time a migraine headache occurs. Patients may benefit in terms of improved efficacy from the convenience of the disintegrating tablet, since there is evidence that taking triptan therapy as early as possible in an attack is advantageous. For similar reasons, as well as improved efficacy, a nasal spray formulation is in development. Zolmitriptan is effective in the treatment of migraine associated with menses and migraine with aura. There is no tachyphylaxis following repeated doses for multiple attacks of migraine over a prolonged period of time. Compared to placebo, the incidence of persistent migraine headache is reduced by zolmitriptan and recurrent migraine headache occurs less frequently. Zolmitriptan has also shown efficacy in the treatment of persistent and/or recurrent migraine headache. Comparative clinical studies have shown overall that zolmitriptan has similar or superior efficacy to sumatriptan in the treatment of migraine. Specifically, zolmitriptan 2.5 mg was significantly more effective than sumatriptan 25 or 50 mg according to a number of end points, including headache response at 2 h. Oral zolmitriptan is also effective in the acute treatment of cluster headache. Zolmitriptan is generally well tolerated, with most adverse events being mild-to-moderate, transient and resolving without intervention or the need for treatment withdrawal. The consistent efficacy in treating all types of migraine and the choice of available formulations make zolmitriptan acceptable to patients and a suitable first-line therapy for the treatment of migraine.",0
W1991159125,Rizatriptan,,0
W2035003589,Cns Effects of Sumatriptan and Rizatriptan in Healthy Female Volunteers,"This study investigates the CNS effects of sumatriptan and rizatriptan, with temazepam as an active comparator, in healthy female volunteers. Sixteen volunteers completed a randomized, double-blind, crossover study and on four separate occasions received either 100 mg sumatriptan, 20 mg rizatriptan or 20 mg temazepam. The main parameters were eye movements, EEG, body sway, visual analogue scales and a cognitive test battery. Rizatriptan and sumatriptan decreased saccadic peak velocity by 18.3 (95% CI: 5.7, 30.8) and 15.0 (2.2, 27.9) degrees/sec, respectively, about half the decrease induced by temazepam (35.0 (22.1, 47.8) degrees/sec). Body sway increased (30% for rizatriptan (16%, 45%) and 14% for sumatriptan (1%, 27%), respectively). Temazepam caused larger, similar effects. In contrast to temazepam, sumatriptan and rizatriptan decreased reaction times of recognition tasks and increased EEG alpha power (significant for sumatriptan, 0.477 (0.02, 0.935). Therapeutic doses of sumatriptan and rizatriptan caused CNS effects indicative of mild sedation. For EEG and recognition reaction times the effects were opposite to temazepam, indicating central stimulation.",0
W2049123766,A Pharmacokinetic Interaction Study Between Butorphanol and Sumatriptan Nasal Sprays in Healthy Subjects: Importance of the Timing of Butorphanol Administration,"Sumatriptan and butorphanol nasal sprays are commonly used agents for the management of migraine headaches. Under certain circumstances, these two agents may be administered closely in time. However, the possibility of a pharmacokinetic interaction and the safety of this regime have not been examined. In this crossover design study, 24 healthy subjects received the following four treatments, each separated by at least 7 days: 1 mg butorphanol (Stadol NS7); 20 mg sumatriptan (Imitrex Nasal Spray); or both formulations together with butorphanol administered either 1 or 30 min after sumatriptan. Serial plasma samples were collected for 24 h post-dose and analysed for butorphanol and/or sumatriptan by HPLC-MS/MS. Butorphanol plasma concentrations were reduced when it was administered 1 min (mean 28.6% decrease in AUC(0-infinity)), but not 30 min, after sumatriptan. The pharmacokinetics of sumatriptan were not substantially altered by butorphanol. The combination of nasally administered sumatriptan and butorphanol appeared safe. However, if butorphanol nasal spray is administered <30 min after sumatriptan nasal spray, the analgesic effect of butorphanol may be diminished due to reduced nasal absorption resulting from probable transient vasoconstriction of nasal blood vessels by sumatriptan.",0
W2036937589,Rizatriptan Combined with Rofecoxib Vs. Rizatriptan for the Acute Treatment of Migraine: an Open Label Pilot Study,"Rizatriptan is an effective and fast acting drug for the acute treatment of migraine. As with any other acute treatment for migraine, headache recurrence may occur in up to one-third of responders. Combination with non-steroidal anti-inflammatory drugs (NSAIDs) seems to reduce the incidence of headache recurrence in clinical practice. Rofecoxib is a member of a new class of NSAIDs, which selectively inhibits the COX-2 enzyme and therefore is associated with a lower risk of gastrointestinal side-effects; the drug has a long plasma half-life (17 h). This open label study compared rizatriptan with rizatriptan plus rofecoxib in the acute treatment of migraine. Fifty-six triptan naive patients from a tertiary centre (37 women and 19 men, ages 16-55 years, mean 35 years) with International Headache Society migraine were randomized into two groups. They were instructed to treat three consecutive moderate or severe attacks with either 10 mg rizatriptan (group 1: 18 women and 10 men) or with 10 mg rizatriptan plus 25 mg rofecoxib (group 2: 19 women and 9 men). The presence of headache and nausea at 1, 2 and 4 h, and of side-effects, use of rescue medication and recurrence were compared. Fifty-four patients completed the study. Group 1 treated 76 attacks and group 2 treated 81 attacks. Absence of headache at 1 h was seen in 19 attacks (25%) in group 1 and in 34 attacks (42%) in group 2 (P=0.082); at 2 h absence of headache was seen in 60% of group 1 attacks and in 76% of group 2 attacks (P=0.115). At 4 h, 75% of group 1 attacks and 88% of group 2 attacks were pain free (P=0.122). With regard to nausea, of those who had nausea at baseline, 31% and 49% of attacks in groups 1 and 2, respectively, were nausea free at 1 h (P=0.091), 75% and 79% at 2 h (P=0.736) and 82% and 91% (P=0.479) at 4 h. Recurrence, based on all attacks of those patients who achieved pain free at 4 h, was observed in 53% of group 1 and 20% of group 2 attacks (P<0.001). Sustained pain-free rates (for the 4-h time point) were 45.6% of group 1 and 78.9% of group 2 attacks. There were no significant differences with regard to rescue medication consumption after 4 h and side-effects in both groups. There was a non-significant trend for the combination group to have a higher response rate. The group treated with rizatriptan and rofecoxib had a lower recurrence rate than the group treated with rizatriptan. This study demonstrated that combining a fast acting triptan such as rizatriptan with rofecoxib reduced headache recurrence rates, was well tolerated and may be more effective than the use of rizatriptan alone. Double-blind, placebo-controlled studies are necessary to confirm these observations.",0
W1484746306,Serotonergic modulating drugs for functional gastrointestinal diseases,"After many years of basic research we have now begun to learn how to manipulate the serotonergic mechanisms within the gut. This has lead to a number of significant advances including 5HT3 antagonists for the treatment of functional diarrhoea, 5HT4 agonists for the treatment of constipation and 5HT1 agonists for the treatment of impaired fundal relaxation. Initial enthusiasm has been somewhat dented by the withdrawal of alosetron because of ischaemic colitis, but it remains to be seen whether this adverse event will be seen with other 5HT3 antagonists. Finally it should be recognized that, in a substantial proportion of patients attending clinics complaining of functional symptoms, anxiety is a major component. The drugs so far described are by and large devoid of CNS effects. It remains possible therefore that a drug which combines both peripheral and central effects would likely to be beneficial.",0
W1513568822,"The effect of rizatriptan, ergotamine, and their combination on human peripheral arteries: a double‐blind, placebo‐controlled, crossover study in normal subjects","AIMS: To compare the peripheral vasoconstrictor effects of ergotamine, rizatriptan, and their combination, in normal subjects. METHODS: This was a double-blind, four-way, crossover study. Sixteen young male volunteers, selected as responders to the vasoconstrictor effect of 0.5 mg ergotamine i.v., were administered 10 mg oral rizatriptan, 0.25 mg i.v. ergotamine, 10 mg oral rizatriptan+0.25 mg i.v. ergotamine, and placebo. The vasoconstrictor effect on peripheral arteries was measured with strain gauge plethysmography up to 8 h after dosing. The 8 h assessment period was divided into two 4 h intervals to assess the immediate (0-4 h) vs sustained effect (4-8 h) of treatment. RESULTS: For the 0-4 h interval, the decreases in peripheral systolic blood pressure gradients were: placebo (-1 mmHg [95% CI: -3, 1])<rizatriptan (-5 mmHg [95% CI: -7, -3])<ergotamine (-15 mmHg [95% CI: -16, -13])=rizatriptan+ergotamine (-15 mmHg [95% CI: -17, -13]). For the 4-8 h interval, the decreases were: placebo (-5 mmHg [95% CI: -8, -3])=rizatriptan (-8 mmHg [95% CI: -11, -5])<ergotamine (-26 mmHg [95% CI: -29, -24])=rizatriptan+ergotamine (-28 mmHg [95% CI: -31, -26]). CONCLUSIONS: In normal subjects, rizatriptan 10 mg orally had only a small transient vasoconstrictor effect on peripheral arteries compared with the sustained and more pronounced effect of 0.25 mg i.v. ergotamine. Furthermore, rizatriptan exerted no additional effect on ergotamine-induced constriction of peripheral arteries when the two drugs were given in combination.",0
W2169954976,Neurocognitive sequelae of cancer treatment,"Low-grade gliomas, which compose up to 40% of all intracranial gliomas in adults, are often relatively localized at the time of diagnosis.1 Therapeutic options include observation, surgical resection, local radiotherapy, and most recently, chemotherapy. A major issue in the management of intracerebral low-grade gliomas is whether earlier treatment, be it with aggressive surgery, chemotherapy, or local radiotherapy, improves outcome.2 It is unclear whether early intervention results in transient or permanent deterioration of neurologic function and, thus, outweighs the potential benefits of early treatment.

Uncertainty surrounds the effectiveness and safety of radiotherapy. Whole brain radiotherapy results in significant, usually progressive, cognitive decline in children with cancer, and doses greater 2,000 cGy in children with leukemia and medulloblastoma cause a measurable decrease in cognition. Thirty-six hundred cGy will result in a 20- to 30-point decline in IQ score over a 3- to 4-year period in children with medulloblastoma between 3 and 7 years of age.3 However, the cognitive sequelae of whole brain radiotherapy are not well delineated in adults and the potential detrimental effects of partial brain radiotherapy is even less well characterized.4-7⇓⇓⇓ Two articles in this issue of Neurology address the effects of local brain radiotherapy. Armstrong et al.8 describe the cognitive and radiographic outcome of 26 patients with low-grade, supratentorial brain tumors followed prospectively for up to 6 years. Postma et al.9 evaluated neuroradiographic abnormalities and neuropsychological performance in 49 patients with low-grade gliomas, 23 of whom had been treated with local radiotherapy. Armstrong et al.8 did not find a general cognitive …",0
W2030786505,Zolmitriptan is Effective and Well Tolerated in Japanese Patients with Migraine: A Dose-Response Study,"This phase II study investigated the efficacy, tolerability and dose-response relationship of oral zolmitriptan in the treatment of a single migraine attack in Japanese patients. A bridging analysis then assessed the validity of extrapolating western clinical data to these Japanese patients. In this multicentre, randomized, double-blind, placebo-controlled study, patients received a single dose of placebo or zolmitriptan 1, 2.5 or 5 mg. The primary endpoints were 2-h headache response and the tolerability of zolmitriptan. A statistically significant dose-response relationship was observed for the 2-h headache response (P=0.003). The 2.5 mg group had significantly greater 2-h headache response than the placebo group (P=0.032). The adverse event profile was similar to that reported in western patients, and no adverse events unique to the Japanese population were observed. The bridging analysis report confirmed similar efficacy and tolerability of zolmitriptan in Japanese and western populations. In the Japanese patients, the estimated response rates were 34.3%, 45.2%, 57.7% and 66.2% for placebo, and zolmitriptan 1, 2.5 and 5 mg, respectively, while in the western population the corresponding rates were 39.9%, 49.6%, 61.2% and 71.7%. Zolmitriptan is effective and well tolerated in the acute treatment of migraine in Japanese patients. The optimal dose was 2.5 mg, although the 5 mg dose may provide further benefit for some patients. The bridging analysis supports extrapolation of data from western to Japanese patients.",1
W2152838323,Mechanisms of Action of the 5-HT1B/1D Receptor Agonists,"Recent studies of the pathophysiology of migraine provide evidence that the headache phase is associated with multiple physiologic actions. These actions include the release of vasoactive neuropeptides by the trigeminovascular system, vasodilation of intracranial extracerebral vessels, and increased nociceptive neurotransmission within the central trigeminocervical complex. The 5-HT(1B/1D) receptor agonists, collectively known as triptans, are a major advance in the treatment of migraine. The beneficial effects of the triptans in patients with migraine are related to their multiple mechanisms of action at sites implicated in the pathophysiology of migraine. These mechanisms are mediated by 5-HT(1B/1D) receptors and include vasoconstriction of painfully dilated cerebral blood vessels, inhibition of the release of vasoactive neuropeptides by trigeminal nerves, and inhibition of nociceptive neurotransmission. The high affinity of the triptans for 5-HT(1B/1D) receptors and their favorable pharmacologic properties contribute to the beneficial effects of these drugs, including rapid onset of action, effective relief of headache and associated symptoms, and low incidence of adverse effects.",0
W264614438,Headache in primary care: how important is diagnosis to management?,"Headache is a common presentation in primary care. The classification of headache was overhauled by the International Headache Society (IHS) in 1988, and the past decade has seen rapid growth in the understanding of headache disorders. The IHS places particular importance on precise headache diagnosis. This paper discusses the relevance of such an approach to primary care. A review of the literature revealed a dearth of evidence regarding headache management in primary care settings. The evidence from other settings is considered and gaps in the literature highlighted.",0
W1923043032,"Efficacy and Safety of Eletriptan 20 Mg, 40 Mg and 80 Mg in Japanese Migraineurs","This prospective multicentre, double-blind, randomized, parallel-group, placebo-controlled trial evaluated the efficacy and safety of a single dose of eletriptan 20 mg, 40 mg and 80 mg in Japanese migraineurs. A total of 402 adult Japanese migraineurs were diagnosed using International Headache Society (IHS) criteria. At 2 h after a single dose, the headache response rates of eletriptan 20 mg, 40 mg, 80 mg and placebo were 64%, 67%, 76% and 51%, respectively, with all doses significantly superior to placebo (P<0.05). Eletriptan had a statistically significant dose response for headache relief and pain-free response at 2 h post-dose (P=0.0011 and P=0.0291, respectively). Most all-causality adverse events were mild and there were no deaths or discontinuations. Saliva samples were used to assess serum eletriptan levels 2 h post-dose. Pharmacokinetic evaluations showed no clinically significant differences between Japanese and Western subjects. Eletriptan was shown to be efficacious, safe, and well tolerated in Japanese migraineurs.",0
W2023595959,"Almotriptan is an Effective and Well-Tolerated Treatment for Migraine Pain: Results of A Randomized, Double-Blind, Placebo-Controlled Clinical Trial","Almotriptan is a novel and specific serotonin 5-HT1B/1D agonist for the acute treatment of migraine. This randomized, single-dose, double-blind, multicentre, study assessed the efficacy and safety of oral almotriptan (12.5 mg and 25 mg) in patients with migraine, and compared it with the standard treatment (sumatriptan 100 mg) and placebo. A total of 668 patients treated one migraine attack of moderate or severe intensity with study medication. The primary efficacy assessment was migraine pain relief, improvement from severe or moderate pain to mild or no pain, at 2 h after treatment. Response rates, stratified for variation in baseline pain levels, for both almotriptan doses were equivalent to sumatriptan and significantly better than placebo. Other efficacy assessments confirmed the equivalence of the almotriptan groups with the sumatriptan group. Almotriptan 12.5 mg was as well tolerated as placebo (P=0.493) and significantly better tolerated than sumatriptan (P<0.001), in terms of the overall incidence of adverse events. There was no statistically significant difference in the incidence of adverse events between almotriptan 25 mg and sumatriptan 100 mg (P=0.376). The results from this large clinical study indicate that the new, specific 5-HT1B/1D agonist, almotriptan, is an effective and well-tolerated treatment for migraine pain.",0
W2004599966,The pharmacokinetics of the antimigraine compound zolmitriptan in Japanese and Caucasian subjects,,0
W2163236015,Intravenous Valproate Sodium in the Treatment of Daily Headache,"BACKGROUND: Treatment of chronic daily headache/transformed migraine is challenging, especially when it is complicated by overuse of analgesics, triptans, or both. One common approach involves the use of repetitive intravenous dihydroergotamine. We investigated the use of intravenous valproate sodium in the treatment of chronic daily headache/transformed migraine in patients who had contraindications to the use of or had failed treatment with dihydroergotamine. METHODS: We administered intravenous valproate sodium (Depacon) to patients with chronic daily headache/transformed migraine (loading dose 15 mg/kg, followed by 5 mg/kg every 8 hours). All analgesics and triptans were discontinued prior to treatment with divalproex sodium, and preventative medications for migraine were begun or continued. All patients received instruction in behavioral modification and the proper use of analgesics and triptans. RESULTS: Improvement in headache was reported by 80% of the patients treated, and valproate sodium was tolerated well by most. CONCLUSION: Intravenous valproate sodium may be of assistance in the initial management of patients with chronic daily headache/transformed migraine and analgesic/triptan overuse, especially when dihydroergotamine is ineffective or contraindicated.",0
W2092656448,Non-invasive assessment of selective 5-HT 1B/1D -receptor agonist-induced peripheral vascular effects in humans: comparison of different techniques,,0
W1983027274,Clinical Pharmacokinetics of Intranasal Sumatriptan,,0
W2035901223,Global Trends in Migraine Care,,0
W4299901040,Selegiline: a second look. Six years later: too risky in Parkinson's disease.,"(1) The reference treatment for Parkinson's disease is levodopa plus a peripheral dopadecarboxylase inhibitor (benserazide or carbidopa). (2) In 1996, selegiline, a type B MAOI marketed in France since 1988, saw its indications extended to cover single-agent therapy of early-stage Parkinson's disease, and in combination with levodopa, before onset of complications of levodopa therapy. The initial clinical file failed to show that selegiline had any benefit in these indications. (3) Now, in 2002, new data from trials involving hundreds of untreated patients show that selegiline postpones the need for levodopa therapy for a few months but fails to substantially alter the progression of Parkinson's disease. (4) A clinical trial and a retrospective epidemiological study of patients with advanced Parkinson's disease showed excess mortality on selegiline. (5) The side effects of selegiline are similar to those of other antiparkinsonian drugs and amphetamine. Notable side effects include cardiovascular problems (postural hypotension, atrial fibrillation and arterial hypertension). (6) Selegiline can cause a serotoninergic syndrome and arterial hypertension, so must not be combined with pethidine, tramadol, bupropion, sumatriptan, zolmitriptan or naratriptan. Concurrent treatment with serotonin reuptake inhibitor antidepressants should also be avoided. (7) Given the only moderate effects of selegiline in Parkinson's disease, and the possibility of a slight increase in mortality, there is no justification for prescribing this medication in patients with Parkinson's disease. (8) Whatever the stage of Parkinson's disease, there is no justification for starting patients on selegiline. Patients who are already taking selegiline should only continue to take it if they feel a clear benefit and are free from risk factors for early mortality, especially cardiovascular disease.",0
W1979425588,Prospective Study Designs in Outcomes Research,,0
W2440769060,The comparative clinical and economic benefits of drugs should be established and discussed as part of any formulary decision process.,,0
W2057580306,Spotlight on Rizatriptan in Migraine*,,0
W2072927591,"Almotriptan, a New Anti‐Migraine Agent: A Review","Almotriptan is a new anti-migraine agent with nanomolar affinity for human 5-HT(1B), 5-HT(1D), and 5-HT(1F) receptors, weak affinity for 5-HT(1A) and 5-HT(7) receptors and no significant affinity for more than 20 other pharmacological receptors. Almotriptan was effective in animal models predictive of anti-migraine activity in humans and had a good safety profile in animal studies. From the toxicological point of view, almotriptan has a profile similar to that of other marketed triptans. In animal studies, at levels substantially higher than required for therapeutic activity in humans, almotriptan was devoid of any oncogenic, genotoxic or teratogenic effects. Almotriptan is well absorbed orally; its absolute bioavailability in humans is 70%. Its peak plasma levels are reached at 1 to 3 h after its administration; its elimination half-life is 3 to 4 h. Almotriptan is metabolized by monoamine oxidase-mediated oxidative deamination and cytochrome P450-mediated oxidation as the major metabolic route and by flavin monooxygenase as the minor route. No dose adjustment is required for gender or age, and only in the case of severe renal impairment the dose should not exceed 12.5 mg over a 24-h period. There was no significant interaction between a single dose of almotriptan and propranolol, fluoxetine or verapamil, at multiple doses. The efficacy of almotriptan in the treatment of acute migraine was demonstrated in clinical trials on more than 3000 patients with migraine. At two h after oral administration of almotriptan, 12.5 mg, the percentages of patients showing pain relief and a pain-free score were 64 and 36%, respectively. The effects of almotriptan were significantly better than those of placebo. When almotriptan was administered in the early phase of migraine, the percentage of pain-free patients at 2 h rose to 84%. In a phase III, double-blind and placebo-controlled study, the incidence of adverse events with almotriptan was not statistically different from that of placebo. Based on the available data, it appears that almotriptan is the triptan of choice when good efficacy and high tolerability are desired.",1
W1999895981,Statins as immunomodulators,"BACKGROUND: Recent data suggest that statins may be potent immunomodulatory agents. In order to evaluate the potential role of statins as immunomodulators in MS, the authors studied their immunologic effects in vitro and compared them to interferon (IFN)beta-1b. METHODS: Peripheral blood mononuclear cells (PBMC) obtained from untreated or IFN beta-1-treated patients with relapsing-remitting MS or from healthy donors (HD) and T cells were stimulated with concanavalin A, phytohemagglutinin, or antibody to CD3 in the presence of lovastatin, simvastatin, mevastatin, IFN beta-1b, or statins plus IFN beta-1b. The authors analyzed proliferative activity of T cells and B cells, cytokine production and release, activity of matrix metalloproteinases (MMP), and surface expression of activation markers, adhesion molecules, and chemokine receptors on both T and B cells. RESULTS: All three statins inhibited proliferation of stimulated PBMC in a dose-dependent manner, with simvastatin being the most potent, followed by lovastatin and mevastatin. IFN beta-1b showed a similar effect; statins and IFN beta-1b together added their inhibitory potentials. Furthermore, statins reduced the expression of activation-induced adhesion molecules on T cells, modified the T helper 1/T helper 2 cytokine balance, reduced MMP-9, and downregulated chemokine receptors on both B and T cells. Besides strong anti-inflammatory properties, statins also exhibited some proinflammatory effects. CONCLUSIONS: Statins are effective immunomodulators in vitro that merit evaluation as treatment for MS.",0
W2141068130,New drugs with novel therapeutic characteristics. Have they been subject to randomized controlled trials?,"OBJECTIVE: To determine how many randomized controlled trials on the safety or efficacy of new drugs are published when these drugs are first marketed in Canada, and to determine the quality of the information in those trials. DESIGN: A MEDLINE search was conducted on each drug identified as having novel therapeutic characteristics and first marketed between 1990 and 2000. MAIN OUTCOME MEASURES: Number of trials dealing with the safety or efficacy of each drug published at the time the drug was marketed. Number of patients taking the study drug, length of the trial, and type of control. RESULTS: The number of trials varied substantially. For some drugs, there were more than 20 studies; for others only a single study. Many trials were small and short-term, and used placebo controls. CONCLUSION: Too few trials or inadequate trials on the safety and efficacy of new drugs are published when these drugs are first marketed in Canada. The lack of published trials means that physicians do not know whether results are generalizable to their patients, how to position the drug in relation to other treatments, or whether the drugs have long-term safety and efficacy.",0
W2001002864,Restoring Migraine Sufferers’ Ability to Function Normally: A Comparison of Rizatriptan and Other Triptans in Randomized Trials,"BACKGROUND: Many migraine patients are unable to function normally during a migraine attack. Assessments of treatment efficacy have tended to focus on migraine symptoms, rather than looking at functional impact. This study compared the efficacy of different oral triptans for restoring normal function in migraine sufferers. METHODS: Retrospective subgroup analysis of data from five randomized, placebo-controlled, double-blind clinical trials in which oral rizatriptan was directly compared with oral sumatriptan 100 mg (772 attacks), 50 mg (2,227 attacks), and 25 mg (1,182 attacks), naratriptan 2.5 mg (413 attacks), and zolmitriptan 2.5 mg (578 attacks) for the acute treatment of a moderate or severe migraine attack. Functional disability was evaluated by patients on a 4-grade scale ('normal', 'mild impairment', 'severe impairment', 'requires bedrest') at baseline and at 0.5, 1, 1.5, 2, 3 and 4 h after dosing. This analysis looked at the percentage of patients who had normal functional ability at 2 h, the last time point before escape medications were allowed, in the subgroup of patients who had some level of disability at baseline. RESULTS: Most patients in each trial and treatment group had some level of disability at baseline (range = 94-100%). At 2 h, more patients on rizatriptan 10 mg were able to function normally compared with sumatriptan 100 mg (39 vs. 32%, odds ratio = 1.4, p = 0.021), sumatriptan 50 mg (47 vs. 42%, odds ratio = 1.2, p = 0.033), sumatriptan 25 mg (48 vs. 36%, odds ratio = 1.7, p < 0.001), naratriptan 2.5 mg (39 vs. 22%, odds ratio = 2.5, p < 0.001), and zolmitriptan 2.5 mg (45 vs. 36%, odds ratio = 1.6, p = 0.008). CONCLUSION: In direct head-to-head comparative clinical trials, oral rizatriptan 10 mg enabled more migraine sufferers to function normally at 2 h after dosing than oral sumatriptan, naratriptan, and zolmitriptan.",1
W2047700866,"Triptans (Serotonin, 5-HT <sub>1B/1D</sub> Agonists) in Migraine: Detailed Results and Methods of A Meta-Analysis of 53 Trials","The triptans, selective serotonin 5-HT1B/1D agonists, are very effective acute migraine drugs. Soon, seven different triptans will be clinically available at 13 different oral doses, making evidence-based selection guidelines necessary. Triptan trials have similar designs, facilitating meta-analysis. We wished to provide an evidence-based foundation for using triptans in clinical practice, and to review the methodological issues surrounding triptan trials. We asked pharmaceutical companies and the principal investigators of company-independent trials for the 'raw patient data' of all double-blind, randomized, controlled, clinical trials with oral triptans in migraine. All data were cross-checked with published or presented data. We calculated summary estimates across studies for important efficacy and tolerability parameters, and compared these with those from direct, head-to-head, comparator trials. Out of 76 eligible clinical trials, 53 (12 not yet published) involving 24089 patients met the criteria for inclusion. Mean results (and 95% confidence intervals) for sumatriptan 100 mg, the first available and most widely prescribed oral triptan, are 59% (57-60) for 2 h headache response (improvement from moderate or severe to mild or no pain); 29% (27-30) for 2 h pain free (improvement to no pain); 20% (18-21) for sustained pain free (pain free by 2 h and no headache recurrence or use of rescue medication 2-24 h post-dose), and 67% (63-70) for consistency (response in at least two out of three treated attacks); placebo-subtracted proportions for patients with at least one adverse event (AE) are 13% (8-18), for at least one central nervous system AE 6% (3-9), and for at least one chest AE 1.9% (1.0-2.7). Compared with these data: rizatriptan 10 mg shows better efficacy and consistency, and similar tolerability; eletriptan 80 mg shows better efficacy, similar consistency, but lower tolerability; almotriptan 12.5 mg shows similar efficacy at 2 h but better sustained pain-free response, consistency, and tolerability; sumatriptan 25 mg, naratriptan 2.5 mg and eletriptan 20 mg show lower efficacy and better tolerability; zolmitriptan 2.5 mg and 5 mg, eletriptan 40 mg, and rizatriptan 5 mg show very similar results. The results of the 22 trials that directly compared triptans show the same overall pattern. We received no data on frovatriptan, but publicly available data suggest substantially lower efficacy. The major methodological issues involve the choice of the primary endpoint, consistency over multiple attacks, how to evaluate headache recurrence, use of placebo-subtracted proportions to control for across-study differences, and the difference between tolerability and safety. In addition, there are a number of methodological issues specific for direct comparator trials, including encapsulation and patient selection. At marketed doses, all oral triptans are effective and well tolerated. Differences among them are in general relatively small, but clinically relevant for individual patients. Rizatriptan 10 mg, eletriptan 80 mg and almotriptan 12.5 mg provide the highest likelihood of consistent success. Sumatriptan features the longest clinical experience and the widest range of formulations. All triptans are contra-indicated in the presence of cardiovascular disease.",0
W2088514069,Sum of Pain Intensity Differences (Spid) in Migraine Trials. A Comment Based on Four Rizatriptan Trials,"Sum of Pain Intensity Difference (SPID) is an outcome measure that summarizes treatment response over a clinically relevant period. SPID is widely reported in clinical trials of analgesics but has been little used in migraine trials. We compared SPID over 2 h with the standard migraine outcome measures of pain-free at 2 h and headache relief at 2 h using data from four published clinical trials of rizatriptan in migraine patients. In assessing treatment response (rizatriptan and sumatriptan versus placebo, rizatriptan versus sumatriptan, within-treatment dose effects), SPID usually yielded similar results to the more easily understood pain-free measure.",0
W2123955989,Determinants of Migraine-Specific Quality of Life,"This paper reports an analysis of two randomized controlled trials of rizatriptan, in which the 24-h Migraine Quality of Life QuestionnaireCopyright was used to assess migraine-specific quality of life in patients receiving acute treatment. The objective of the analysis was to determine which clinical effects of a migraine medication, as measured by traditional clinical trial endpoints, contribute to a better short-term health-related quality of life. The results demonstrate that patients who experience complete pain relief and are able to function at their normal ability within 2 h and experience no headache recurrence have the highest migraine-specific quality of life scores. Patients who were satisfied with medication at 2 h had higher migraine-specific quality of life scores than those who were not satisfied. In conclusion, migraine therapy that provides rapid, complete, and sustained pain relief, with restoration of functional ability, has the most beneficial impact on short-term health-related quality of life for migraineurs.",1
W2045779837,Triptans Versus Analgesics,"OBJECTIVES: To retrospectively assess patient preferences between triptans and analgesics in treating migraine headache. METHODS: The study assessed patient preferences for triptans versus commonly used migraine analgesic preparations. Over a 3-month period, 663 patients with migraine between the ages of 17 and 62 years completed an office-based survey. RESULTS: Most patients preferred a treatment regimen that included either a triptan alone (52%) or a triptan with an analgesic medication within 1 hour (18%). Overall, 70% of patients who had been given triptans in the past chose to continue to use them, either alone or with an analgesic. Patients who preferred analgesics alone comprised 21% of the total. Nine percent preferred not to take either triptans or analgesic medications. Among the patients who preferred triptans, 62% stated that increased efficacy was the primary reason for their preference. Thirty percent cited both efficacy and decreased adverse events. The remaining 8% believed that decreased adverse events was the basis for their preference. CONCLUSIONS: Despite cost and other limitations of triptans, most patients prefer them over nontriptan medications. Enhanced efficacy was the main reason for choosing triptans over analgesics.",0
W1993894565,Further Evaluation of Rizatriptan in Menstrual Migraine: Retrospective Analysis of Long‐term Data,"OBJECTIVE: To determine the long-term efficacy of oral rizatriptan 10-mg wafers in the treatment of menstrual migraine attacks. METHODS: Data from an extension study where patients with migraine used rizatriptan 10 mg to treat moderate or severe migraine attacks occurring over periods of up to 6 months were included in a retrospective analysis. Patients used a diary card to record details of each migraine attack and onset of menstruation. Attacks in women were classified as menstrual or nonmenstrual according to 3 time windows relative to onset of menstruation (day 0): -3 to +3 days (7-day window), -2 to + 2 days (5-day window), and 0 to +1 days (2-day window). The analysis looked at the efficacy of rizatriptan 10 mg by menstrual category of attack for each definition on three measures: pain relief at 2 hours (reduction of pain to mild or none), pain free at 2 hours, 24-hours sustained pain free (pain free at 2 hours with no headache recurrence and no use of additional medications from 2 to 24 hours). RESULTS: Ninety-five women used rizatriptan 10 mg to treat a total of 1,839 attacks. The percentage of menstrual attacks was 30% for the -3 to +3 days definition, 23% for the -2 to +2 days definition, and 11% for the 0 to +1 days definition. Rizatriptan 10 mg was equally effective in menstrual and nonmenstrual migraine attacks regardless of the definition used. For example, using the -3 to +3 days definition, 78% of menstrual migraine attacks were relieved at 2 hours after dosing compared with 78% of nonmenstrual attacks. Pain relief rates for the other definitions were as follows: -2 to +2 days, menstrual = 78%, nonmenstrual = 78%; 0 to +1 days, menstrual = 79%, and nonmenstrual = 78%. No differences between menstrual and nonmenstrual attacks were found for the 2-hour pain free and 24-hour sustained pain free measures for any of the three definitions. CONCLUSIONS: Rizatriptan 10-mg wafers were equally effective in the treatment of menstrual and nonmenstrual migraine attacks occurring over 6 months, regardless of the precise definition of menstrual association used and even when the outcome criteria were very stringent. These data provide further evidence that triptans are effective treatments for menstrual migraine.",0
W2020321945,Decreased Sensitivity of 5‐HT <sub>1D</sub> Receptors in Chronic Tension‐Type Headache,"OBJECTIVE: To assess the sensitivity of 5-HT1D receptors in chronic tension-type headache using sumatriptan as a pharmacological probe. BACKGROUND: Previous studies have suggested involvement of serotonergic systems in chronic tension-type headache (CTTH), but relevant experimental data are limited. Sumatriptan, a 5-HT1B/1D receptor agonist, stimulates the release of growth hormone (GH) and inhibits the release of ACTH, cortisol, and prolactin. These effects may be used to explore the function of serotonergic systems in vivo. METHODS: We measured GH, ACTH, cortisol and prolactin (PRL) plasma concentrations in 15 patients with chronic tension-type headache and in 18 healthy controls after subcutaneous administration of sumatriptan (6 mg) or placebo. RESULTS: Placebo administration had no effect on hormone concentrations. GH and PRL secretion after sumatriptan administration was significantly (P<0.01 and <0.05) altered in CTTH patients in comparison with controls. CONCLUSION: Our results suggest that cerebral serotonergic functions mediated by 5-HT1D receptors are altered in CTTH.",0
W2070090549,Intractable Cluster Headaches in a Migraineur,Some migraineurs have the additional misfortune of suffering from cluster headaches; this situation can be challenging.,0
W1548404106,St John's wort (<i>Hypericum perforatum</i>): drug interactions and clinical outcomes,"AIMS: The aim of this work is to identify the medicines which interact with the herbal remedy St John's wort (SJW), and the mechanisms responsible. METHODS: A systematic review of all the available evidence, including worldwide published literature and spontaneous case reports provided by healthcare professionals and regulatory authorities within Europe has been undertaken. RESULTS: A number of clinically significant interactions have been identified with prescribed medicines including warfarin, phenprocoumon, cyclosporin, HIV protease inhibitors, theophylline, digoxin and oral contraceptives resulting in a decrease in concentration or effect of the medicines. These interactions are probably due to the induction of cytochrome P450 isoenzymes CYP3A4, CYP2C9, CYP1A2 and the transport protein P-glycoprotein by constituent(s) in SJW. The degree of induction is unpredictable due to factors such as the variable quality and quantity of constituent(s) in SJW preparations. In addition, possible pharmacodynamic interactions with selective serotonin re-uptake inhibitors and serotonin (5-HT(1d)) receptor-agonists such as triptans used to treat migraine were identified. These interactions are associated with an increased risk of adverse reactions. CONCLUSIONS: In Sweden and the UK the potential risks to patients were judged to be significant and therefore information about the interactions was provided to health care professionals and patients. The product information of the licensed medicines involved has been amended to reflect these newly identified interactions and SJW preparations have been voluntarily labelled with appropriate warnings.",0
W2010385322,Preliminary Studies of the Pharmacokinetics and Tolerability of Zolmitriptan Nasal Spray in Healthy Volunteers,"Two preliminary studies of the pharmacokinetics and tolerability of zolmitriptan nasal spray were conducted, each involving 12 healthy volunteers. In study 1, an initial double-blind, dose escalation phase (placebo or 2.5, 5.0, or 10 mg zolmitriptan intranasally) was followed by an open crossover phase in which all subjects received 10 mg zolmitriptan as a nasal spray, tablet, and oral solution. In study 2, subjects received, on three separate occasions, zolmitriptan 2.5 mg as an intranasal solution at pH 7.4, at pH 5.0, and as an oral tablet. In study 1, plasma concentrations of zolmitriptan and its active metabolite, 183C91, were broadly dose proportional. Plasma concentrations of zolmitriptan were detected earlier following nasal spray administration than after either tablet or oral solution. Similarly, in study 2, zolmitriptan was absorbed more rapidly following nasal spray administration with detectable plasma concentrations 5 minutes after dosing. Plasma levels were maintained at a plateau between 1 and 6 hours postdose, then decreased with a half-life of approximately 3 hours. There was no statistically significant difference for AUG or C(max) values between the two nasal spray solutions or between nasal spray and oral formulations. Other pharmacokinetic parameters for zolmitriptan were similar between the formulations. Plasma concentrations of 183C91 were higher for the first 2 hours after oral than after nasal spray administration. All formulations of zolmitriptan were well tolerated.",0
W2041652427,"Pharmacokinetics, Dose Proportionality, and Tolerability of Single and Repeat Doses of a Nasal Spray Formulation of Zolmitriptan in Healthy Volunteers","The objective of this study was to investigate the pharmacokinetics, dose proportionality, and tolerability of a range of single and multiple doses of a nasal spray formulation of zolmitriptan in a randomized, double-blind, placebo-controlled, balanced, incomplete crossover study. Thirty healthy male or female volunteers received two of five dose levels of zolmitriptan nasal spray: 0 (placebo), 0.5, 1, 2.5, and 5 mg. At each level, treatment comprised a single dose on day 1 and two doses (separated by 2 h) on each of days 2, 3, and 4. Zolmitriptan was well tolerated, and symptoms were generally mild and of short duration. The most commonly reported adverse events were taste disturbance, paresthesia, hyperesthesia, headache, and nasal/throat discomfort. Volunteers generally reported fewer adverse events during the multiple-dose phase than after the single-dose phase. Zolmitriptan was detectable in plasma within 15 minutes, and t(max) was similar for each dose and after single and multiple dosing. Dose proportionality was shown for the C(max) and AUC of both zolmitriptan and its active metabolite, 183C91. Mean t1/2 for zolmitriptan and 183C91 was approximately 3 hours. It was concluded that the pharmacokinetics (C(max) and AUC) for both zolmitriptan and 183C91 was proportional to dose after both single and multiple dosing. Nasal spray zolmitriptan was well tolerated; the frequency and nature of adverse events did not increase after multiple dosing.",0
W1997528319,"Review: several drugs, especially triptans, are effective for pain relief in acute migraine","(2002) Pain. 97, 247; Oldman AD, Smith LA, McQuay HJ, Moore A. . Pharmacological treatments for acute migraine: quantitative systematic review. . Jun; . : . –57. . [OpenUrl][1][CrossRef][2][PubMed][3][Web of Science][4] QUESTION: In patients with acute migraine, are pharmacological treatments better than placebo for short and long term pain relief? Studies in any language were identified by searching Medline (1966–2000), EMBASE/Excerpta Medica (1980–2000), the Cochrane Library, and the Oxford Pain Relief Database. Pfizer Inc. was contacted for data on all randomised controlled trials (RCTs) of eletriptan. Studies were selected if they were double-blind, placebo-controlled RCTs of pharmacological treatment for acute migraine (International Headache Society diagnostic criteria for migraine with or without aura) in adults. Other inclusion criteria were single migraine attack, single-dose treatment at standard doses, baseline pain of moderate or severe intensity, and dichotomous or percentage data for ≥1 efficacy outcome. Studies were read independently by 2 reviewers and assigned a quality score. Data were extracted on study design, number of patients, dosing regimens, and timing or type of rescue medication. Outcomes were headache relief at 1 and 2 hours, freedom from … [1]: {openurl}?query=rft.jtitle%253DPain%26rft.stitle%253DPain%26rft.aulast%253DOldman%26rft.auinit1%253DA.%2BD.%26rft.volume%253D97%26rft.issue%253D3%26rft.spage%253D247%26rft.epage%253D257%26rft.atitle%253DPharmacological%2Btreatments%2Bfor%2Bacute%2Bmigraine%253A%2Bquantitative%2Bsystematic%2Breview.%26rft_id%253Dinfo%253Adoi%252F10.1016%252FS0304-3959%252802%252900024-6%26rft_id%253Dinfo%253Apmid%252F12044621%26rft.genre%253Darticle%26rft_val_fmt%253Dinfo%253Aofi%252Ffmt%253Akev%253Amtx%253Ajournal%26ctx_ver%253DZ39.88-2004%26url_ver%253DZ39.88-2004%26url_ctx_fmt%253Dinfo%253Aofi%252Ffmt%253Akev%253Amtx%253Actx [2]: /lookup/external-ref?access_num=10.1016/S0304-3959(02)00024-6&link_type=DOI [3]: /lookup/external-ref?access_num=12044621&link_type=MED&atom=%2Febmed%2F7%2F6%2F180.atom [4]: /lookup/external-ref?access_num=000176719700008&link_type=ISI",0
W2158187693,Tinted Spectacles and Visually Sensitive Migraine,"A double-masked randomized controlled study with cross-over design compared the effectiveness of precision ophthalmic tints in the prevention of headache in migraine sufferers. Seventeen patients chose the colour of light that optimally reduced perceptual distortion of text and maximized clarity and comfort. They were later given glasses with spectral filters providing optimal colour under conventional white lighting ('optimal' tint) or glasses that provided a slightly different colour ('control' tint). The tints were supplied in random order, each for 6 weeks, separated by an interval of at least 2 weeks with no tints. Headache diaries showed that the frequency of headaches was marginally lower when the 'optimal' tint was worn, compared with the 'control'. The trial extends to adults with migraine, the results of a previous double-masked study demonstrating, in children with reading difficulty, beneficial effects of precision tints in reducing symptom frequency. In the present study, however, the effects are suggestive rather than conclusive.",0
W3958515,Impact of migraine symptoms on health care use and work loss in Canada in patients randomly assigned in a phase III clinical trial.,"BACKGROUND: Migraine is prevalent and associated with substantial direct and indirect costs that may vary across geographic and national boundaries. The effects of migraine, self-reported by Canadians, on health care resource use as well as paid and unpaid work loss were examined. PATIENTS AND METHODS: The Migraine Background Questionnaire (MBQ) was self-administered during the screening visit of a phase III clinical trial of rizatriptan (a potent, selective 5-hydroxytryptamine(1B/1D)-receptor agonist or 'triptan'). Patients suffering from moderate to severe migraine in the previous six months were offered the opportunity to participate. Migraine frequency was determined and costs were estimated and assigned based on known direct costs of health care resource utilization, and indirect costs of paid and unpaid work and productivity loss. RESULTS: One hundred thirty-four patients completed the MBQ. In the previous year, 89% of those patients reported visiting a clinic, 23% reported visiting an emergency room and 5% reported being hospitalized for migraine. Patients reported an average of 6.5 days absent from work, 44 days working with migraine headache and 10.4 reduced workday equivalents due to ineffectiveness at work with migraine. Based on data obtained from the Ontario, the average overall annual cost due to migraine was estimated to be 3,025 dollars/patient; most of this (87%) due to indirect costs. CONCLUSION: In Canada, patients with moderate to severe migraine, as identified in a phase III clinical trial, reported lost work days and reduced effectiveness while at work, as well as increased health care resource utilization due to migraine. The associated cost was estimated to be substantial.",0
W2121750957,Pharmacologic Management of Acute Attacks of Migraine and Prevention of Migraine Headache,"Clinical Guidelines19 November 2002Pharmacologic Management of Acute Attacks of Migraine and Prevention of Migraine HeadacheFREEVincenza Snow, MD, Kevin Weiss, MD, Eric M. Wall, MD, MPH, and Christel Mottur-Pilson, PhD, for the American Academy of Family Physicians and the American College of Physicians–American Society of Internal Medicine*Vincenza Snow, MDFrom American Academy of Family Physicians, Leawood, Kansas; Hines Veterans Affairs Medical Center and Northwestern University Feinberg School of Medicine, Chicago, Illinois; and American College of Physicians–American Society of Internal Medicine, Philadelphia, Pennsylvania., Kevin Weiss, MDFrom American Academy of Family Physicians, Leawood, Kansas; Hines Veterans Affairs Medical Center and Northwestern University Feinberg School of Medicine, Chicago, Illinois; and American College of Physicians–American Society of Internal Medicine, Philadelphia, Pennsylvania., Eric M. Wall, MD, MPHFrom American Academy of Family Physicians, Leawood, Kansas; Hines Veterans Affairs Medical Center and Northwestern University Feinberg School of Medicine, Chicago, Illinois; and American College of Physicians–American Society of Internal Medicine, Philadelphia, Pennsylvania., and Christel Mottur-Pilson, PhDFrom American Academy of Family Physicians, Leawood, Kansas; Hines Veterans Affairs Medical Center and Northwestern University Feinberg School of Medicine, Chicago, Illinois; and American College of Physicians–American Society of Internal Medicine, Philadelphia, Pennsylvania., for the American Academy of Family Physicians and the American College of Physicians–American Society of Internal Medicine*Author, Article, and Disclosure Informationhttps://doi.org/10.7326/0003-4819-137-10-200211190-00014 SectionsAboutVisual AbstractPDF ToolsAdd to favoritesDownload CitationsTrack CitationsPermissions ShareFacebookTwitterLinkedInRedditEmail Migraine headache is a common disorder seen in primary care. It affects 18% of women and 6.5% of men in the United States, almost half of whom are undiagnosed or undertreated (1, 2). These guidelines, developed by the American Academy of Family Physicians and the American College of Physicians–American Society of Internal Medicine, with assistance from the American Headache Society, are based on two previously published papers (3, 4). The papers, titled ""Evidence-Based Guidelines for Migraine Headache in the Primary Care Setting: Pharmacological Management of Acute Attacks,"" by Matchar and colleagues (3), and ""Evidence-Based Guidelines for Migraine Headache in the Primary Care Setting: Pharmacological Management for Prevention of Migraine,"" by Ramadan and coworkers (4), can be found at www.aan.com/professionals/practice/guidelines.cfm. 1 The target audience for this guideline is primary care physicians. The guideline applies to patients with acute migraine attacks, with or without aura, and patients with migraine who are candidates for preventive drug therapy. Although these guidelines are all based on the articles by Matchar and Ramadan and colleagues, the recommendations may differ because different thresholds of evidence were needed for making a positive recommendation. Table 1 compares the AAFP/ACP–ASIM guideline and the U.S. Headache Consortium Guideline.Table 1. Summary of U.S. Headache Consortium Recommendations Compared with AAFP/ACP–ASIM RecommendationsThroughout the text, asterisks indicate drugs that are currently not available in the United States.DiagnosisHeadache has many potential causes. Most headaches are caused by the primary headache disorders, which include migraine, cluster, and tension-type headaches. Secondary headaches, which are those with underlying pathologic causes, are far less common. Migraine is a chronic condition with recurrent acute attacks whose characteristics vary among patients and often among attacks within a single patient. Migraine is a syndrome with a wide variety of neurologic and non-neurologic manifestations. The International Headache Society (6) has developed diagnostic criteria for migraine with and without aura (Appendix Table 1). This classification system serves to diagnose headache syndromes, not patients. Thus, one patient could have more than one type of headache disorder. For example, it is not uncommon for migraine patients to also have episodic tension-type headaches.Management of Acute AttacksEffective long-term management of patients with migraine is challenging because of the complexity of the condition. Experts suggest several goals for successful treatment of acute attacks of migraine. These include treating attacks rapidly and consistently to avoid headache recurrence, to restore the patient's ability to function, and to minimize the use of backup and rescue medications.Clinicians need to educate people with migraine about their condition and its treatment and encourage them to participate in their own management. The physician must help the patient establish realistic expectations by discussing therapeutic options and their benefits and harms. Patient input can provide the best guide to treatment selection and helps the physician to better understand and accommodate patient treatment goals. Developing an effective acute migraine management strategy can be complex, and an engaged patient is more likely to negotiate this process successfully. Encouraging patients to identify and avoid triggers (Table 2) and to be actively involved in their own management by tracking their own progress may be especially useful.Table 2. Some Commonly Reported Triggers of Migraine HeadacheOnce a diagnosis of migraine is established, patients and their health care providers should decide together how to treat acute attacks and whether the patient is a candidate for preventive medications. A wide range of acute treatments with varying efficacies is currently in use (Appendix Table 2). A comprehensive review of the scientific literature, especially the data from randomized, controlled trials, provides a list of treatments that have demonstrated efficacy in the management of acute migraine headache. It also provides a clear understanding of the adverse events associated with various agents.The Headache Consortium's review of the evidence on antiemetics, barbiturate hypnotics, ergot alkaloids and derivatives, nonsteroidal anti-inflammatory drugs (NSAIDs), combination analgesics and nonopiate analgesics, opiate analgesics, triptans, and other agents found good evidence of the efficacy of only a few agents in the treatment of acute migraine (3).Available AgentsNSAIDsTheir demonstrated efficacy and favorable tolerability make NSAIDs a first-line treatment choice for all migraine attacks, including severe attacks that have responded to NSAIDs in the past. Among the NSAIDs, the most consistent evidence exists for aspirin (8-10), ibuprofen (11, 12), naproxen sodium (13, 14), tolfenamic acid* (8, 15), and the combination agent acetaminophen plus aspirin plus caffeine for the acute treatment of migraine (16). The evidence shows that acetaminophen alone is ineffective (17).Serotonin1B/1D Agonists (Triptans)There is good evidence for the effectiveness of the oral triptans naratriptan (18, 19), rizatriptan (20-23), sumatriptan (24-31), and zolmitriptan (32-34). In addition, there is good evidence for the effectiveness of subcutaneous (35-38) and intranasal (39-41) sumatriptan, making it an option for patients with nausea and vomiting. Adverse effects of the triptans include chest symptoms, but postmarketing data indicate that true ischemic events are rare. Triptans are contraindicated in patients with risk for heart disease, basilar or hemiplegic migraine, or uncontrolled hypertension. Subcutaneous sumatriptan is associated with a very rapid onset of action, and oral naratriptan is associated with a slower onset of action.ErgotaminesThere is good evidence for the efficacy and safety of intranasal dihydroergotamine (DHE) as monotherapy for acute migraine attacks (42-46). Placebo-controlled studies of intravenous DHE did not clearly establish its efficacy in the acute treatment of migraine (47, 48). The evidence was inconsistent to support efficacy of ergotamine or ergotamine–caffeine, and the studies documented frequent adverse events.OpioidsIt is well recognized that opiates are good analgesics, but there is good evidence only for the efficacy of butorphanol nasal spray (49, 50). Although opioids are commonly used, surprisingly few studies of opioid use in headache pain document whether overuse and the development of dependence are as frequent as clinically perceived. Until further data are available, these drugs may be better reserved for use when other medications cannot be used, when sedation effects are not a concern, or the risk for abuse has been addressed.Other AgentsFair evidence suggests that the antiemetic metoclopramide, given intravenously, may be an appropriate choice as monotherapy for acute attacks (51-53), particularly in patients with nausea and vomiting when the sedating side effect may also be useful. Isometheptene and isometheptene combinations obtained only borderline significance in relieving headache pain (17, 54, 55). Other agents used in practice, such as intravenous corticosteroids and intranasal lidocaine, are not effective.Choice of TreatmentSince patient responses to these therapies are not always predictable, individualized management is important. The choice of treatment should be based on, among other characteristics, the frequency and severity of attacks; the presence and degree of temporary disability; and the profile of associated symptoms, such as nausea and vomiting. The patient's history of, response to, and tolerance for specific medications must also be considered. Coexisting conditions (such as heart disease, pregnancy, and uncontrolled hypertension) may limit treatment choices.No studies document the effectiveness of specific treatment schedules, but experts suggest that acute therapy should be limited to no more than two times per week to guard against medication-overuse headache (or drug-induced headache). Medication-overuse headache is thought to result from frequent use of acute medication and has a pattern of increasing headache frequency, often resulting in daily headaches. In patients with suspected medication overuse or patients at risk for medication overuse, preventive migraine therapy should be considered.Although some use the term rebound headache interchangeably with the term medication-overuse headache, rebound headache is a distinct entity. Rebound headache is associated with withdrawal of analgesics or abortive migraine medication. There is no uniform agreement about which agents can cause rebound headache, although ergotamine (not DHE); opiates; triptans; and simple and mixed analgesics containing butalbital, caffeine, or isometheptene are generally thought to do so. There is less uniform opinion about other antimigraine agents.Another clinical consideration is the use of a self-administered rescue medication for patients with severe migraine attack that is not responding to (or failing) other treatments. A rescue medication is an agent such as an opioid or a butalbital-containing compound that the patient can use at home when other treatments have failed. Although rescue medications often do not completely eliminate pain and allow patients to return to normal activities, they permit the patient to achieve relief without the discomfort and expense of a visit to the physician's office or emergency department. A cooperative arrangement between provider and patient may extend to the use of rescue medication in appropriate situations.Summary of Treatment of Acute MigraineA body of evidence now points to effective first- and second-line agents for acute treatment of migraine. Beyond the choice of agent lies the choice of management strategy. Recently, interest and research in step care versus stratified care have increased. Step care refers to the initial use of safe, effective, and inexpensive medications as first-line agents in acute attacks of any severity. If the initial agent fails, a second-line, more expensive, migraine-specific medication is then used. The stratified care model initially stratifies migraine attacks by severity, advocating migraine-specific agents for moderate to severe attacks, regardless of previous response to or an unknown response to other agents. Which approach is more effective is still an open question (56).Management of Migraine with Preventive TherapyOnce patients and their health care providers decide how to treat acute attacks, use of preventive medications should be considered. Generally accepted indications for migraine prevention include 1) two or more attacks per month that produce disability lasting 3 or more days per month; 2) contraindication to, or failure of, acute treatments; 3) the use of abortive medication more than twice per week; and 4) the presence of uncommon migraine conditions, including hemiplegic migraine, migraine with prolonged aura, or migrainous infarction. Other factors to consider are adverse events with acute therapies, patient preference, and the cost of both acute and preventive therapies. (The U.S. Headache Consortium also produced a document on behavioral and other nonpharmacologic therapies for headache prevention, which can be found at www.aan.com/professionals/practice/guidelines.cfm.)A wide range of preventive treatments with varying efficacies is currently in use (Appendix Table 3). A comprehensive review of the scientific literature, especially the data from randomized, controlled trials, provides a list of treatments that have demonstrated efficacy in the prevention of migraine headache. It also provides a clear understanding of the adverse events associated with various agents. The Headache Consortium's review of the evidence on α2-agonists, anticonvulsants, antidepressants, β-blockers, calcium-channel blockers, NSAIDs, serotonergic agents (ergot derivatives, methysergide, and others), hormone therapy, feverfew, magnesium, and riboflavin found that there was good evidence of the efficacy of only a few agents in migraine prevention. A summary of these results follows.Available Agentsβ-BlockersEvidence consistently showed the efficacy of propranolol, 80 to 240 mg/d (57-63), and timolol, 20 to 30 mg/d (63-65), for the prevention of migraine. One trial comparing propranolol and amitriptyline suggested that propranolol is more efficacious in patients with migraine alone; amitriptyline was superior for patients with mixed migraine and tension-type headache (66). There is limited evidence of a moderate effect for atenolol (67, 68), metoprolol (69-71), and nadolol (72-74). β-Blockers with intrinsic sympathomimetic activity (acebutolol, alprenolol, oxprenolol, pindolol) seem to be ineffective for the prevention of migraine. Adverse effects reported most commonly with β-blockers were fatigue, depression, nausea, dizziness, and insomnia. These symptoms appear to be fairly well tolerated and seldom caused premature withdrawal from trials.AntidepressantsAmitriptyline has been more frequently studied than the other antidepressants and is the only one with consistent support for efficacy in migraine prevention (75-77). The dosages that were most efficacious in the clinical trials ranged from 30 to 150 mg/d. Drowsiness, weight gain, and anticholinergic symptoms were frequently reported with the tricyclic antidepressants studied, including amitriptyline. There is no evidence for the use of nortriptyline, protriptyline, doxepin, clomipramine, or imipramine. There is limited evidence of a modest effect for fluoxetine at dosages ranging from 20 mg every other day to 40 mg per day (78, 79). There is no evidence from controlled trials for the use of fluvoxamine, paroxetine, sertraline, phenelzine, bupropion, mirtazapine, trazodone, or venlafaxine.AnticonvulsantsFor the anticonvulsants, there is good evidence for the efficacy of divalproex sodium (80-82) and sodium valproate (83, 84). Adverse events with these therapies are not uncommon and include weight gain, hair loss, tremor, and teratogenic potential, such as neural tube defects. These agents may be especially useful in patients with prolonged or atypical migraine aura. Carbamazepine and vigabatrin* have been shown to be ineffective, and there is limited evidence for moderate efficacy of gabapentin (85).NSAIDsA meta-analysis (4) of five of seven placebo-controlled trials of naproxen or naproxen sodium showed a modest effect on headache prevention (62, 86-92). Similar trends were observed in single placebo-controlled trials of flurbiprofen, indobufen*, ketoprofen, lornoxicam*, and mefenamic acid and in two trials of tolfenamic acid*. Placebo-controlled trials of aspirin, aspirin plus dipyridamole, fenoprofen, and indomethacin were inconclusive. There is no evidence for the use of ibuprofen or nabumetone in the prevention of migraine.Side effect rates for naproxen were not significantly higher than those seen with placebo. The most commonly reported adverse events with all NSAIDs were gastrointestinal symptoms, including nausea, vomiting, gastritis, and blood in the stool. In the trials reviewed, such symptoms were reported by 3% to 45% of participants (86).Serotonergic AgentsOf these agents, time-released DHE* had the strongest support, with consistently positive findings in four placebo-controlled trials (93-96). Evidence is insufficient for the efficacy of ergotamine or ergotamine plus caffeine plus butalbital plus belladonna alkaloids or methylergonovine for migraine prevention. Limited information was reported on adverse events associated with these agents. The most commonly reported events for all the ergot alkaloids were gastrointestinal symptoms.There is strong evidence for the efficacy of methysergide (97-100), a semisynthetic ergot alkaloid. However, there are reports of retroperitoneal and retropleural fibrosis associated with long-term, mostly uninterrupted administration. The manufacturer suggests that methysergide therapy be discontinued for 3 to 4 weeks after each 6-month course of treatment. Other adverse events most commonly reported included gastrointestinal symptoms and leg symptoms (restlessness or pain).Other serotonergic agents that have been evaluated for the prevention of migraine include pizotifen*, lisuride*, oxitriptan*, iprazochrome*, and tropisetron*. Only lisuride (101-104) and pizotifen (87, 99, 105-110) have consistent evidence that supports their efficacy in the prevention of migraine. Published data on adverse events associated with lisuride are limited, and pizotifen is often associated with weight gain and drowsiness.Calcium-Channel BlockersThe evidence for nifedipine, nimodipine, cyclandelate*, and verapamil is poor quality and difficult to interpret, suggesting only a modest effect (see reference 4 for study references). There is no evidence for the use of diltiazem in the prevention of migraine. Symptoms reported with these agents included dizziness, edema, flushing, and constipation.Flunarizine*, 10 mg/d, has proven efficacy in the prevention of migraine and is commonly used in countries where it is available (111-115). Adverse events reported with flunarizine include sedation, weight gain, and abdominal pain. Depression and extrapyramidal symptoms can be observed, particularly in elderly persons.α2-AgonistsThere is good evidence for the lack of efficacy of the α2-agonist clonidine in the prevention of migraine (116-120). Limited evidence shows moderate efficacy of guanfacine (121).Hormone Therapy, Feverfew, Magnesium, and RiboflavinThere is fair evidence for modest efficacy of these agents in certain circumstances, but more trials need to be done. Most of the existing trials had small sample sizes, had self-referred or special patient samples, or had other methodologic flaws (see reference 4 for more details and references).Summary of Preventive TherapyTo alleviate the suffering of many patients with migraine, clinicians need to be aware of the commonly accepted indications for preventive therapy and initiate effective therapy in those patients. Although many agents are available for the preventive treatment of migraine, only a few have proven efficacy. Once an agent has been chosen, clinicians should initiate therapy with a low dose and titrate the dose slowly up until clinical benefits are achieved in the absence of adverse events or until limited by adverse events. Because a clinical benefit may take as long as 2 to 3 months to manifest, each treatment should be given an adequate trial. Once preventive treatment is under way, interfering medications, such as overused acute medications such as ergotamine, should be avoided. After a period of stability, clinicians should consider tapering or discontinuing treatment. Patient and clinician need to engage in an ongoing dialogue in which patient expectations and goals for therapy are taken into account when agents are chosen, titrated, or discontinued.RecommendationsRecommendation 1: For most migraine sufferers, nonsteroidal anti-inflammatory drugs (NSAIDs) are first-line therapy.To date, the most consistent evidence exists for aspirin, ibuprofen, naproxen sodium, tolfenamic acid*, and the combination agent acetaminophen plus aspirin plus caffeine. There is no evidence for the use of acetaminophen alone.Recommendation 2: In patients whose migraine attack has not responded to NSAIDs, use migraine-specific agents (triptans, DHE).There is good evidence for the following triptans: oral naratriptan, rizatriptan, and zolmitriptan; oral and subcutaneous sumatriptan; and DHE nasal spray. Few data in the literature demonstrate which triptans are more effective. Oral opiate combinations and butorphanol may be considered in acute migraine when sedation side effects are not a concern and the risk for abuse has been addressed.Recommendation 3: Select a nonoral route of administration for patients whose migraines present early with nausea or vomiting as a significant component of the symptom complex. Treat nausea and vomiting with an antiemetic.Evidence is limited, but in some patients, concomitant treatment with an antiemetic and an oral migraine medication may be appropriate. Antiemetics should not be restricted to patients who are vomiting or likely to vomit. Nausea itself is one of the most aversive and disabling symptoms of a migraine attack and should be treated appropriately.Recommendation 4: Migraine sufferers should be evaluated for use of preventive therapy.Generally accepted indications for migraine prevention include 1) two or more attacks per month that produce disability lasting 3 or more days per month; 2) contraindication to, or failure of, acute treatments; 3) use of abortive medication more than twice per week; or 4) the presence of uncommon migraine conditions, including hemiplegic migraine, migraine with prolonged aura, or migrainous infarction.Recommendation 5: Recommended first-line agents for the prevention of migraine headache are propranolol (80 to 240 mg/d), timolol (20 to 30 mg/d), amitriptyline (30 to 150 mg/d), divalproex sodium to mg/d), and sodium valproate to with proven efficacy but limited published data on adverse events or frequent or severe adverse events include lisuride*, pizotifen*, time-released and migraine sufferers about the of acute attacks and preventive therapy and engage them in the of a management should be on a is strong about the need for people with migraine. The physician must help the patient establish realistic expectations by discussing therapeutic options and their benefits and such as medication-overuse headache. Encouraging patients to be actively involved in their own management by tracking their own progress daily for example, may be especially useful. should attack frequency, severity, and resulting disability; response to type of and adverse effects of medication. Patient input can provide the best guide to treatment Table 1. International Headache Society Table 2. Summary of the Evidence for Acute Table Summary of the Evidence for Preventive M. and of migraine in the United data from the American Migraine Migraine diagnosis and results from the American Migraine Matchar guidelines for migraine headache in the primary care management of acute at www.aan.com/professionals/practice/guidelines.cfm. Ramadan guidelines for migraine headache in the primary care management for prevention of migraine. at www.aan.com/professionals/practice/guidelines.cfm. Matchar guidelines for migraine of and at www.aan.com/professionals/practice/guidelines.cfm. and diagnostic criteria for headache disorders, and pain. Headache of the International Headache and diagnosis of Headache in Clinical Medical acid is as effective as ergotamine migraine of an acetaminophen mg combination versus aspirin mg and in acute migraine and aspirin versus aspirin or for migraine a Treatment of acute migraine ibuprofen and A study of ibuprofen versus in the treatment of acute migraine a migraine naproxen sodium ergotamine plus caffeine. M. sodium in the treatment of migraine. metoclopramide, caffeine and their combinations in the treatment of migraine and safety of aspirin, and caffeine in migraine headache randomized, placebo-controlled Treatment of migraine with and a trial. is effective and well tolerated in the acute treatment of migraine. of a is effective and well tolerated in the acute treatment of migraine. of a The study of in migraine. sumatriptan in the acute treatment of migraine. A study of rizatriptan in the acute treatment of migraine.",0
W2031080648,Cost‐Effectiveness of Antiepileptic Drugs in Migraine Prophylaxis,"OBJECTIVE: To analyze the cost-effectiveness of antiepileptics in migraine prophylaxis. METHODS: A cost-effectiveness analysis was performed using efficacy data from three recent, double-blind, placebo-controlled, clinical trials of antiepileptic drugs studied for migraine prevention and cost data. Two measures of cost-effectiveness were used: cost per headache prevented and the cost-equivalent number. RESULTS: In the double-blind, placebo-controlled, clinical trials evaluated, three antiepileptic drugs were shown to be effective in migraine prevention. All three antiepileptic drugs had high costs per migraine reduced. Gabapentin was the most costly at dollars 138.00 per migraine prevented, whereas the cost per migraine prevented with topiramate was US dollars 114.80 and with divalproex sodium was US dollars 48.00. For migraine prevention divalproex sodium became cost-effective with 10 migraines per month, whereas gabapentin and topiramate required considerably more migraines per month to be cost-effective. CONCLUSIONS: Antiepileptic drugs have proven effectiveness in migraine prophylaxis. However, in patients responsive to their acute care medications, the antiepileptic drugs are only cost-effective for those patients with a high frequency of migraines and those with comorbid diseases. Future studies should be done with antiepileptic drugs in patients exhibiting a migraine frequency of 10 or more headaches per month.",0
W2397321315,Efficacy and safety of almotriptan malate for migraine,"The pharmacology, pharmacokinetics, clinical efficacy, adverse effects, and dosage and administration of almotriptan are reviewed. Migraine is a common disorder with a serious impact on quality of life. Newer serotonin-receptor agonists have been developed with the aim of improving pharmacokinetic characteristics. Almotriptan, a selective agonist of serotonin receptors 1B and 1D, carries FDA-approved labeling for use in the management of migraine with or without aura in adults. The efficacy and receptor affinity resemble those of sumatriptan, but almotriptan has a more favorable pharmacokinetic profile. It has a rapid onset of action, an oral bioavailability of 70-80%, and a longer half-life than sumatriptan. In clinical trials, almotriptan has been significantly more effective than placebo and as effective as sumatriptan. However, it has been associated with better tolerability and greater patient satisfaction. In clinical trials, the most commonly reported adverse effects were nausea, dry mouth, dizziness, somnolence, fatigue, vomiting, and paresthesia. Almotriptan is contraindicated in patients with known ischemic heart disease, coronary vasospasm, and other significant cardiovascular disorders. Almotriptan has a lower acquisition cost than other triptans and possibly lower overall health care costs because of a lower frequency of cardiovascular adverse effects. The recommended dose of almotriptan is one 6.25- or 12.5-mg tablet given at the onset of symptoms. Almotriptan is effective for the management of migraine and offers the potential for fewer adverse effects than other agents in its class.",0
W2076760179,"Absolute Bioavailability, Pharmacokinetics, and Urinary Excretion of the Novel Antimigraine Agent Almotriptan in Healthy Male Volunteers","Absolute bioavailability, pharmacokinetics, and urinary excretion of almotriptan, a novel 5-HT(1B/1D) receptor agonist, were studied in 18 healthy males following single intravenous (i.v.) (3 mg), subcutaneous (s.c.) (6 mg), and oral (25 mg) doses. Volunteers received each dose in a randomized sequence separated by a 7-day washout. Blood and urine samples for pharmacokinetic evaluations were taken for up to 24 hours after dosing. The disposition kinetics of almotriptan after i.v. and s.c. administration showed biphasic decline described by a two-compartment model. The fastest disposition phase was well observed, although estimates of the rate constant showed high variability. After s.c. administration of almotriptan, the bioavailability was 100% with a time to maximum plasma concentration (tmax) of 5 to 15 minutes, whereas after oral administration, the bioavailability was about 70% with a tmax of 1.5 to 3.0 hours. No significant differences were observed between administration routes in the elimination half-life (t(1/2), obtaining mean values ranging from 3.4 to 3.6 hours. The volume of distribution, total clearance, and t(1/2) indicated that almotriptan was extensively distributed and rapidly cleared from the body irrespective of dose or route of administration. The primary route of elimination was renal clearance (approximately 50%-60% of total body clearance). About 65% of the i.v. and s.c. dose and 45% of the oral dose were excreted unchanged in urine in 24 hours, with nearly 90% of this in the first 12 hours. Renal clearance was approximately 2- to 3-fold that of the glomerular filtration rate in man, suggesting that almotriptan is eliminated in part by renal tubular secretion.",0
W2157064761,Crossover Comparison of Efficacy and Preference for Rizatriptan 10 mg versus Ergotamine/Caffeine in Migraine,"Rizatriptan is a selective 5-HT(1B/1D) receptor agonist with rapid oral absorption and early onset of action in the acute treatment of migraine. This randomized double- blind crossover outpatient study assessed the preference for 1 rizatriptan 10 mg tablet to 2 ergotamine 1 mg/caffeine 100 mg tablets in 439 patients treating a single migraine attack with each therapy. Of patients expressing a preference (89.1%), more than twice as many preferred rizatriptan to ergotamine/caffeine (69.9 vs. 30.1%, p < or = 0.001). Faster relief of headache was the most important reason for preference, cited by 67.3% of patients preferring rizatriptan and 54.2% of patients who preferred ergotamine/caffeine. The co-primary endpoint of being pain free at 2 h was also in favor of rizatriptan. Forty-nine percent of patients were pain free 2 h after rizatriptan, compared with 24.3% treated with ergotamine/caffeine (p < or = 0.001), rizatriptan being superior within 1 h of treatment. Headache relief at 2 h was 75.9% for rizatriptan and 47.3% for ergotamine/caffeine (p < or = 0.001), with rizatriptan being superior to ergotamine/caffeine within 30 min of dosing. Almost 36% of patients taking rizatriptan were pain free at 2 h and had no recurrence or need for additional medication within 24 h, compared to 20% of patients on ergotamine/caffeine (p < or = 0.001). Rizatriptan was also superior to ergotamine/caffeine in the proportions of patients with no nausea, vomiting, phonophobia or photophobia and for patients with normal function 2 h after drug intake (p < or = 0.001). More patients were (completely, very or somewhat) satisfied 2 h after treatment with rizatriptan (69.8%) than at 2 h after treatment with ergotamine/caffeine (38.6%, p < or = 0.001). Recurrence rates were 31.4% with rizatriptan and 15.3% with ergotamine/caffeine. Both active treatments were well tolerated. The most common adverse events (incidence > or = 5% in one group) after rizatriptan and ergotamine/caffeine, respectively, were dizziness (6.7 and 5.3%), nausea (4.2 and 8.5%) and somnolence (5.5 and 2.3%).",1
W2028454549,Safety of Sumatriptan in Pregnancy,,0
W49157362,SUMATRIPTAN NASAL SPRAY FOR MIGRAINE: A REVIEW OF STUDIES IN PATIENTS AGED 17 YEARS AND YOUNGER,"This review considers the epidemiology, clinical manifestations and functional consequences of migraine in children and adolescents and surveys the studies establishing the efficacy and tolerability of sumatriptan nasal spray in this patient population. Although therapeutic advances in paediatric and adolescent migraine have lagged behind those in adult migraine, the first systematic studies of migraine medications in young patients have brought about progress in the past five years. These studies show that therapeutic approaches suitable for adult patients are not always applicable to paediatric and adolescent patients. Because of the unique characteristics of paediatric and adolescent migraine, it has been difficult to demonstrate in young patients the efficacy of oral sumatriptan and other triptan tablets, which are the medications of choice for adult migraine. With sumatriptan, this finding has proven to be a consequence of the form in which the drug was administered rather than the inherent properties of the drug. The availability of sumatriptan nasal spray allows the benefits of migraine-specific therapy to be extended to children and adolescents. In both well-controlled, single-episode studies and long-term, multiple-episode studies, sumatriptan nasal spray has been effective and well tolerated for the acute treatment of migraine in children and adolescents. Except for unpleasant taste, which is not significantly distressing to patients, sumatriptan nasal spray has a tolerability profile similar to thatof placebo in young patients.",0
W2163999270,Triptans for Migraine Management in Adolescents,"OBJECTIVE: To review triptan efficacy and tolerability data for adolescent migraine sufferers to assist clinicians in selecting triptans for this age group. BACKGROUND: Migraine is a common cause of headache among adolescents. To date, no medications, including those with proven headache relief in adults, have been approved for treatment of migraine in adolescents. METHODS: Recent triptan clinical trials conducted in adolescent migraine sufferers 12 to 17 years of age were reviewed and results were summarized. RESULTS: The success of individual triptan clinical trials conducted in adolescent appears related to time to treatment (1.9 to 6 hours), placebo response (25% to 57%), and day of the week (weekday versus weekend). Overall, triptan tolerability in adolescents is similar to that reported in adults. CONCLUSION: Study results suggest that the triptan class of antimigraine drugs may effectively alleviate migraine in adolescents. Future research should address placebo response and earlier treatment paradigms.",0
W2090199295,Comparison of Therapeutic Gain With Therapeutic Ratio for the Assessment of Selective 5HT <sub>1B/1D</sub> Agonist Efficacy in Migraine,"OBJECTIVE: Comparison of use of therapeutic gain (TG) and therapeutic ratio (TR) for relative assessments of selective 5HT(1B/1D) agonist efficacy in the acute treatment of migraine. BACKGROUND: Comparison of selective 5HT(1B/1D) agonist efficacy in the acute treatment of migraine is complicated by the impracticality of conducting high-quality head-to-head active comparator trials for all permutations of drug, dose, and route of administration; the clinical trials that are available are usually noncontemporaneous, and have fluctuating active and placebo response rates (ARR and PRR, respectively) for the necessarily subjective endpoints. The standard primary endpoint is conversion of headache score 2 (moderate pain) or score 3 (severe pain) into score 0 (no pain) or score 1 (mild pain) at a single timepoint (usually 2 or 4 hours postdose). Two principal methods have been used for comparison of ARR between studies: TG = ARR - PRR and TR = ARR/PRR. Secondary endpoints can be treated in the same way, although the 24-hour remedication rate is the only secondary endpoint that is subject to regulatory authority standardization. Does either TG or TR have an advantage over the other? METHODS: Efficacy data were collected from published sources and included pain score conversion at 2- and 4-hour, as well as 24-hour remedication rates. TG and TR were calculated for each endpoint, as shown above. The ranges of these variables were found from all observed measures. Correlations between TG and TR were found using least squares methods. The 95% confidence intervals (CI) for TG and TR were then found for all clinical trials, and for the whole range of observed PRR. RESULTS: Values for TR and TG generally were well correlated for pain score conversion at 2 hours postdose (n = 51 clinical trials). Deviations from this correlation were greatest for drugs that were evidently very efficacious. When standardized for the observed ranges of PRR and ARR, the 95% CI for TR were narrower than for TG. A subset of these studies also reported 4-hour data (n = 23 clinical trials), but the correlation between TR and TG was again good, with narrower 95% CI for TR than TG. For the 24-hour remedication data (n = 18 trials), PRR was less variable; TR and TG again correlated well, but there was little difference in their relative 95% CI. CONCLUSIONS: For comparison of drugs in noncontemporaneous studies, when PRR fluctuates, relative ranges for TR are narrower than for TG. For assessing single clinical trial results (ie, point estimates of efficacy) TR will generally be relatively nearer to its mean than TG. For both these reasons, TR is a more robust statistic than TG.",0
W2336580589,Management of the acute migraine headache.,"As many as 30 million Americans have migraine headaches. The impact on patients and their families can be tremendous, and treatment of migraines can present diagnostic and therapeutic challenges for family physicians. Abortive treatment options include nonspecific and migraine-specific therapy. Nonspecific therapies include analgesics (aspirin, nonsteroidal anti-inflammatory drugs, and opiates), adjunctive therapies (antiemetics and sedatives), and other nonspecific medications (intranasal lidocaine or steroids). Migraine-specific abortive therapies include ergotamine and its derivatives, and triptans. Complementary and alternative therapies can also be used to abort the headache or enhance the efficacy of another therapeutic modality. Treatment choices for acute migraine should be based on headache severity, migraine frequency, associated symptoms, and comorbidities.",0
W2143161809,Naratriptan in the Preventive Treatment of Cluster Headache,"We describe the preventive use of naratriptan, mostly as add-on to high-dose verapamil treatment, in nine patients with cluster headache. The addition of the naratriptan further improved the headaches in seven of the nine patients.",0
W4299557172,Eletriptan Pfizer.,"Pfizer has developed and launched eletriptan, a 5-HT1B/1D agonist, for the potential treatment of migraine with and without aura. Eletriptan has 6-fold greater affinity for the 5-HT1D receptor than sumatriptan, and a 3-fold greater affinity for the 5-HT1B receptor [249570]. Eletriptan pharmacology has also been evaluated in vitro in comparison with zolmitriptan (AstraZeneca plc) and naratriptan (GlaxoSmithKline plc) [290116].",0
W4299601712,Frovatriptan Vernalis.,"Vanguard (now Vernalis) has developed frovatriptan, a selective 5-HT1B/1D partial agonist licensed from GlaxoSmithKline as a potential treatment for migraine [188478], [194382], [377863].",0
W2018781406,The pharmacokinetics of sumatriptan when administered with norethindrone 1 mg/ethinyl estradiol 0.035 mg in healthy volunteers,,0
W2007009569,Prophylactic Treatment of Migraine With an Angiotensin II ReceptorBlocker,"CONTEXT: There is a paucity of effective, well-tolerated drugs available for migraine prophylaxis. OBJECTIVE: To determine whether treatment with the angiotensin II receptor blocker candesartan is effective as a migraine-prophylactic drug. DESIGN AND SETTING: Randomized, double-blind, placebo-controlled crossover study performed in a Norwegian neurological outpatient clinic from January 2001 to February 2002. PATIENTS: Sixty patients aged 18 to 65 years with 2 to 6 migraine attacks per month were recruited mainly from newspaper advertisements. INTERVENTIONS: A placebo run-in period of 4 weeks was followed by two 12-week treatment periods separated by 4 weeks of placebo washout. Thirty patients were randomly assigned to receive one 16-mg candesartan cilexetil tablet daily in the first treatment period followed by 1 placebo tablet daily in the second period. The remaining 30 received placebo followed by candesartan. MAIN OUTCOME MEASURES: The primary end point was number of days with headache; secondary end points included hours with headache, days with migraine, hours with migraine, headache severity index, level of disability, doses of triptans, doses of analgesics, acceptability of treatment, days of sick leave, and quality-of-life variables on the Short Form 36 questionnaire. RESULTS: In a period of 12 weeks, the mean number of days with headache was 18.5 with placebo vs 13.6 with candesartan (P =.001) in the intention-to-treat analysis (n = 57). Some secondary end points also favored candesartan, including hours with headache (139 vs 95; P<.001), days with migraine (12.6 vs 9.0; P<.001), hours with migraine (92.2 vs 59.4; P<.001), headache severity index (293 vs 191; P<.001), level of disability (20.6 vs 14.1; P<.001) and days of sick leave (3.9 vs 1.4; P =.01), although there were no significant differences in health-related quality of life. The number of candesartan responders (reduction of > or =50% compared with placebo) was 18 (31.6%) of 57 for days with headache and 23 (40.4%) of 57 for days with migraine. Adverse events were similar in the 2 periods. CONCLUSION: In this study, the angiotensin II receptor blocker candesartan provided effective migraine prophylaxis, with a tolerability profile comparable with that of placebo.",0
W2143567192,Measuring the impact of MS on walking ability,"OBJECTIVE: To develop a patient-based measure of walking ability in MS. METHODS: Twelve items describing the impact of MS on walking (12-Item MS Walking Scale [MSWS-12]) were generated from 30 patient interviews, expert opinion, and literature review. Preliminary psychometric evaluation (data quality, scaling assumptions, acceptability, reliability, validity) was undertaken in the data generated by 602 people from the MS Society membership database. Further psychometric evaluation (including comprehensive validity assessment, responsiveness, and relative efficiency) was conducted in two hospital-based samples: people with primary progressive MS (PPMS; n = 78) and people with relapses admitted for IV steroid treatment (n = 54). RESULTS: In all samples, missing data were low (< or =3.8%), item test-retest reproducibility was high (> or =0.78), scaling assumptions were satisfied, and reliability was high (> or =0.94). Correlations between the MSWS-12 and other scales were consistent with a priori hypotheses. The MSWS-12 (relative efficiency = 1.0) was more responsive than the Functional Assessment of Multiple Sclerosis mobility scale (0.72), the 36-Item Short Form Health Survey physical functioning scale (0.33), the Expanded Disability Status Scale (0.03), the 25-ft Timed Walk Test (0.44), and Guy's Neurologic Disability Scale lower limb disability item (0.10). CONCLUSIONS: The MSWS-12 satisfies standard criteria as a reliable and valid patient-based measure of the impact of MS on walking. In these samples, the MSWS-12 was more responsive than other walking-based scales.",0
W1980477139,Tolerability of the Triptans,,1
W2054641241,Acupuncture versus placebo versus sumatriptan for early treatment of migraine attacks: a randomized controlled trial,"OBJECTIVES: To investigate whether acupuncture is superior to placebo and equivalent to sumatriptan for the early treatment of an acute migraine attack. DESIGN: Randomized, partly double-blind (sumatriptan versus placebo) trial. SETTING: Two hospitals in Germany (one specialized in traditional Chinese medicine and one in the treatment of headache). SUBJECTS: A total of 179 migraineurs experiencing the first symptoms of a developing migraine attack. INTERVENTIONS: Traditional Chinese acupuncture, sumatriptan (6 mg subcutaneously) or placebo injection. MAIN OUTCOME MEASURE: Number of patients in whom a full migraine attack (defined as severe migraine headache) within 48 h was prevented. In patients who developed a migraine attack in spite of early treatment, acupuncture and sumatriptan were applied a second time, whilst patients initially randomized to placebo received sumatriptan. RESULTS: A full migraine attack was prevented in 21 of 60 (35%) patients receiving acupuncture, 21 of 58 (36%) patients receiving sumatriptan and 11 of 61 (18%) patients receiving placebo (relative risk of having a full attack 0.79 (95% CI, 0.64-0.99) for acupuncture versus placebo, and 0.78 (95% CI, 0.62-0.98) for sumatriptan versus placebo). Response to the second intervention in patients who developed a full attack was better with sumatriptan (17/31 patients who received sumatriptan twice and 37/46 patients who had had placebo first) than with acupuncture (4/31). The number of patients reporting side-effects was 14 in the acupuncture group, 23 in the sumatriptan group and 10 in the placebo group. CONCLUSIONS: In this trial acupuncture and sumatriptan were more effective than a placebo injection in the early treatment of an acute migraine attack. When an attack could not be prevented, sumatriptan was more effective than acupuncture at relieving headache.",0
W2036794860,Nasal drug delivery: new developments and strategies,,0
W2084476204,"Ergotamine and Dihydroergotamine: History, Pharmacology, and Efficacy","Ergotamine and dihydroergotamine share structural similarities with the adrenergic, dopaminergic, and serotonergic neurotransmitters. As a result, they have wide-ranging effects on the physiologic processes that they mediate. Ergotamine and dihydroergotamine are highly potent at the 5-HT1B and 5-HT1D antimigraine receptors and, as a consequence, the plasma concentrations that are necessary to produce the appropriate therapeutic and physiologic effects are very low. The broad spectrum of activity at other monoamine receptors is responsible for their side effect profile (dysphoria, nausea, emesis, unnecessary vascular effects). Both ergotamine and dihydroergotamine have sustained vasoconstrictor actions. In acute migraine treatment, their mechanisms of action involve constricting the pain-producing intracranial extracerebral blood vessels at the 5-HT1B receptors and inhibiting the trigeminal neurotransmission at the peripheral and central 5-HT1D receptors. The scientific evidence for efficacy is stronger for dihydroergotamine than for ergotamine. Their wide use is based on long-term experience.",0
W1971201763,Frovatriptan: A selective type 1B/1D serotonin receptor agonist forthe treatment of migraine headache,"Frovatriptan belongs to an innovative family of compounds aimed at breaking through the long-standing barrier of migraine headache understanding and treatment. While a typology of headaches has been recognized for some time, and a number of therapies have been introduced for reduction of headache pain and duration, the causes of migraine remain a subject of debate. Those prone to attacks continue to endure them and suffer the related symptoms such as nausea and disorientation. Frovatriptan, like all the triptans, acts by inducing vasoconstriction of the meningeal arteries. It has been shown in pharmacological tests to act selectively as a potent agonist of serotonin 5-HT1B/1D receptors. Frovatriptan has been well tolerated in humans and efficacious in reducing headache pain and duration in clinical trials, which have also indicated that dose adjustments for age or gender are not necessary for the drug. Patients have found the use of frovatriptan acceptable over the long-term, and overall a low-incidence of adverse effects has been reported. Though not a prophylactic, frovatriptan has demonstrated the potential to significantly improve the therapeutic approaches to the treatment of migraine.",0
W2127032797,Antidepressants: update on new agents and indications.,"A number of antidepressants have emerged in the U.S. market in the past two decades. Selective serotonin reuptake inhibitors have become the drugs of choice in the treatment of depression, and they are also effective in the treatment of obsessive-compulsive disorder, panic disorder, and social phobia. New indications for selective serotonin reuptake inhibitors include post-traumatic stress disorder, premenstrual dysphoric disorder, and generalized anxiety disorder. Extended-release venlafaxine has recently been approved by the U.S. Food and Drug Administration for the treatment of generalized anxiety disorder. Mirtazapine, which is unrelated to the selective serotonin reuptake inhibitors, is unique in its action--stimulating the release of norepinephrine and serotonin. The choice of antidepressant drug depends on the agent's pharmacologic profile, secondary actions, and tolerability. Sexual dysfunction related to the use of antidepressants may be addressed by reducing the dosage, switching to another agent, or adding another drug to overcome the sexual side effects. Augmentation with lithium or triiodothyronine may be useful in patients who are partially or totally resistant to antidepressant treatment. Finally, tapering antidepressant medication may help to avoid discontinuation syndrome or antidepressant withdrawal.",0
W2042328110,Effect of the 5‐HT<sub>1</sub> agonist sumatriptan on oesophageal motor pattern in patients with ineffective oesophageal motility,"The 5-HT1 agonist sumatriptan (SUM) elicits an increase in amplitude of oesophageal motor waves and of lower oesophageal sphincter (LOS) tone in healthy subjects. The aim of the study was to evaluate whether such an effect occurs also in patients with ineffective oesophageal motility (IOM). 16 patients (nine males and seven females, age range 34-55 years) with chest pain and mild to moderate dysphagia were studied; all had undergone previous cardiologic, radiologic and upper gastrointestinal endoscopic exams that were normal. An oesophageal manometry was performed using an electronic probe to record swallows, oesophageal, LOS and gastric motility. The patients whose motor pattern were compatible with IOM (>30% of motor waves with amplitude <30 mmHg and/or non-transmitted) received SUM or placebo 6 mg s.c., injected in the morning and in the afternoon in a random order. The data analysis was limited to 1 h before and 1 h after the drug injections. Ten out of the 16 patients showed an IOM motor pattern. The administration of SUM caused a significant increase in the number of swallows (SUM 99.5 +/- 15.4 vs 78.6 +/- 16.1 basal, P = 0.03) and of primary oesophageal motor waves (SUM 89.6 +/- 13.4 vs 67.2 +/- 12.9 basal, P = 0.04) with no significant changes in the percentage of swallows associated with propagation. Placebo was not associated with increase in the number of swallows (80.3 +/- 14.6, P = 0.9) or of primary oesophageal motor waves (70.1 +/- 12.3, P = 0.7). The amplitude and the percentage of propagated oesophageal motor waves as well as the mean basal LOS tone were unaltered by SUM. There was no change in the symptoms reported after SUM. Although effective in healthy subjects, SUM 6 mg s.c. improves only the numbers but not the amplitude or propagation of oesophageal motility of patients with IOM. The 5-HT1 pathway and its acute stimulation seem to play only a minor role in the pathogenesis of such a disease.",0
W2100925267,Migraine Preventive Medication Reduces Resource Utilization,"OBJECTIVE: To determine if long-term resource utilization is reduced by adding a preventive medication to a migraine management regimen that already includes acute medication. BACKGROUND: In 2000, new evidence-based guidelines for the treatment of migraine were released by the US Headache Consortium and the American Academy of Neurology. Although these guidelines emphasize the role of preventive medication in achieving significant clinical improvement, little yet is known concerning the impact of such management on medical and pharmaceutical resources. Methods.-Resource utilization information in a large claims database was analyzed retrospectively. RESULTS: Adding a preventive medication to migraine management reduced the use of other migraine medications, as well as visits to physician offices and emergency departments. In addition, both acute and preventive medications were associated with lower utilization of computed tomography and magnetic resonance imaging scans. CONCLUSION: Migraine preventive drug therapy is effective in reducing resource consumption when added to therapy consisting only of an acute medication.",0
W2013751385,"Efficacy, Safety, and Tolerability of Oral Eletriptan for Treatment of Acute Migraine: A Multicenter, Double‐Blind, Placebo‐Controlled Study Conducted in the United States","OBJECTIVE: To investigate the efficacy, consistency, safety, and tolerability of oral eletriptan in the acute treatment of three migraine attacks. BACKGROUND: Eletriptan is a selective 5-HT1B/1D agonist member of a class of agents known to be effective in the acute treatment of migraine. METHODS: Thirteen hundred thirty-four patients were randomized to 20 mg, 40 mg, or 80 mg of eletriptan, or placebo and could treat up to three attacks. The primary efficacy endpoint was 2-hour headache response for the first attack. Secondary endpoints included associated symptom relief, and pain-free, sustained pain-free, and consistency of response. RESULTS: Eletriptan 20 mg, 40 mg, and 80 mg achieved significantly (P <.0001) better headache response rates than placebo at 2 hours (47%, 62%, and 59%, respectively, versus 22%) and 4 hours (64%, 76%, and 79%, respectively, versus 25%). Headache response was observed to be rapid, showing improvement at 0.5 hour and 1 hour. Two-hour pain-free response rates for eletriptan 20 mg, 40 mg, and 80 mg were 14%, 27%, and 27%, respectively, compared with 4% for placebo. Sustained pain-free response rates were significantly (P <.001) better for eletriptan 20 mg (10%), 40 mg (20%), and 80 mg (18%) compared with placebo (3%). Eletriptan had a higher consistency of intrapatient response than placebo in two of three (68% to 82%) and three of three attacks (32% to 60%) versus 16% and 8%, respectively. All eletriptan doses yielded significant functional improvement at 2 hours. Adverse events were generally mild or moderate and transient, with eletriptan 20 mg having an adverse event profile comparable to placebo. CONCLUSIONS: Eletriptan is efficacious, displaying high consistency of response over multiple attacks, and is well tolerated for the acute treatment of migraine.",1
W1983983524,Comparative Efficacy of Eletriptan 40 mg Versus Sumatriptan 100 mg,"OBJECTIVE: To confirm the efficacy advantage of eletriptan 40 mg over sumatriptan 100 mg. Background.-Eletriptan 80 mg has demonstrated significantly greater efficacy when compared to both sumatriptan 50 mg and 100 mg in two studies. Eletriptan 40 mg demonstrated significantly greater efficacy than sumatriptan 100 mg in one previous trial. METHODS: Two thousand one hundred thirteen patients with a diagnosis of migraine according to International Headache Society criteria were randomized using a double-blind, double-dummy, parallel-group design, and treated for a single migraine attack with either eletriptan 40 mg, sumatriptan 100 mg, or placebo. The primary endpoint was 2-hour headache response. Secondary endpoints included headache response rates at 1 hour, pain-free rates, absence of associated symptoms, functional response at 1 and 2 hours, and sustained headache response. RESULTS: Headache response rates at 2 hours postdose were significantly higher for eletriptan 40 mg (67%) than for sumatriptan 100 mg (59%; P <.001) and placebo (26%; P <.0001). Eletriptan 40 mg consistently showed significant (P <.01) efficacy over sumatriptan 100 mg across secondary clinical outcomes, including 1-hour headache response; 2-hour pain-free response; absence of nausea, photophobia, and phonophobia; functional improvement; use of rescue medication; treatment acceptability; and sustained headache response (P <.05). Overall, treatment-related adverse events were low, nausea being the only adverse event with an incidence of 2% or higher (4.9% with eletriptan, 4.2% sumatriptan, 2.8% placebo). CONCLUSION: This trial confirmed that eletriptan 40 mg offers superior efficacy in treating migraine pain and associated symptoms and in restoring patient functioning when compared with sumatriptan 100 mg.",1
W2001654880,Real‐World Experiences in Migraine Therapy With Rizatriptan,"OBJECTIVE: To evaluate the effectiveness of rizatriptan for acute migraine treatment and patient satisfaction with the drug in usual clinical practice settings. BACKGROUND: Although rizatriptan has been shown to effectively relieve migraine symptoms in clinical trials, we wished to assess its utility in typical patient care settings. Design.-Multicenter, open-label design involving the patients of practicing clinicians. METHODS: Adult migraineurs treated two migraine attacks with either rizatriptan 10-mg standard tablets or rizatriptan 10-mg orally disintegrating tablets in a crossover manner. Participants had not taken rizatriptan previously and chose which formulation to take first. Patients reported their treatment experiences via an interactive voice response system approximately 24 hours after treatment. Prior migraine treatment experiences were reported by patients on a baseline questionnaire completed at participating clinics. We used conditional logistic regression analysis adjusted for treatment sequences to test the statistical significance of comparisons with results recorded on the baseline questionnaire. RESULTS: Of the 5388 patients enrolled, 3953 (73%) completed at least one follow-up and 3183 (59%) completed two follow-up reports. Patients reported the following outcomes for attacks treated with the rizatriptan tablet and orally disintegrating tablet formulations, respectively, compared with their prior responses to oral usual care medications (P <.05 in all comparisons with baseline data): onset of pain relief within 30 minutes postdose: 18% and 23% versus 16%; no or mild headache 2 hours postdose: 66% and 67% versus 37%; largely symptom-free within 2 hours postdose: 52% and 54% versus 35%; return to usual activities within 2 hours postdose: 50% and 51% versus 31%; and very or somewhat satisfied with treatment: 72% and 74% versus 53%. CONCLUSIONS: In this ""real-world"" setting involving a patient population selected by clinicians, rizatriptan appeared to offer better treatment outcomes than those from prior treatments with other oral migraine medications.",0
W2030782131,Effect of Autogenic Training on Drug Consumption in Patients With Primary Headache: An 8‐Month Follow‐up Study,"OBJECTIVE: To examine the effects of Schultz-type autogenic training on headache-related drug consumption and headache frequency in patients with migraine, tension-type, or mixed (migraine plus tension-type) headache over an 8-month period. BACKGROUND: Behavioral treatments often are used alone or adjunctively for different types of headache. There are, however, only a few studies that have compared the efficacy and durability of the same treatment in different types of primary headache, and the effects of treatment on headache-related drug consumption rarely have been assessed even in these studies. METHODS: Twenty-five women with primary headache (11 with mixed headache, 8 with migraine, and 6 with tension-type headache) were evaluated via an open-label, self-controlled, 8-month, follow-up study design. After an initial 4 months of observation, patients began learning Schultz-type autogenic training as modified for patients with headache. They practiced autogenic training on a regular basis for 4 months. Based on data from headache diaries and daily medication records, headache frequencies and the amounts of analgesics, ""migraine-specific"" drugs (ergots and triptans), and anxiolytics taken by the patients were compared in the three subgroups over the 8-month period. Results.-From the first month of implementation of autogenic training, headache frequencies were significantly reduced in patients with tension-type and mixed headache. Significant reduction in frequency was achieved in patients with migraine only from the third month of autogenic training. Decreases in headache frequencies were accompanied by decreases in consumption of migraine drugs and analgesics resulting in significant correlations among these parameters. Reduction in consumption of anxiolytic drugs was more rapid and robust in patients with tension-type headache compared to patients with migraine, and this outcome failed to show any correlation with change in headache frequency. CONCLUSION: Schultz-type autogenic training is an effective therapeutic approach that may lead to a reduction in both headache frequency and the use of headache medication.",0
W2020117222,Transient Minor Improvement of High Altitude Headache by Sumatriptan,"High-altitude headache often fulfills the criteria of migraine. Therefore, we hypothesized that sumatriptan, a 5-HT1 receptor agonist specifically effective for treatment of migraine, would also alleviate high altitude headache. A randomized, placebo-controlled double-blind trial was performed on 29 mountaineers with at least moderate headache on the day of arrival at 4559 m. Fourteen subjects received 100 mg sumatriptan orally and 15 subjects received placebo. Before treatment there were no significant differences between groups regarding rate of ascent, duration and severity of headache, and acute mountain sickness score. All 6 female subjects were randomly assigned to placebo. Absolute values and the reduction of headache scores 1, 3, and 12 h after the administration of sumatriptan did not differ between treatment groups, but headache scores tended to be lower with sumatriptan after 1 or 3 h when compared with placebo. Considering only male mountaineers, there was a significant decrease of headache scores after 1 and 3 h. Because there was only a minor transient amelioration of high altitude headache with sumatriptan, we conclude that 5-HT1 receptors do not play a major role in the pathophysiology of high altitude headache.",0
W2019380850,Headache Assessment and Management,"Our website uses cookies to enhance your experience. By continuing to use our site, or clicking ""Continue,"" you are agreeing to our Cookie Policy | Continue JAMA HomeNew OnlineCurrent IssueFor Authors Publications JAMA JAMA Network Open JAMA Cardiology JAMA Dermatology JAMA Health Forum JAMA Internal Medicine JAMA Neurology JAMA Oncology JAMA Ophthalmology JAMA Otolaryngology–Head & Neck Surgery JAMA Pediatrics JAMA Psychiatry JAMA Surgery Archives of Neurology & Psychiatry (1919-1959) Podcasts Clinical Reviews Editors' Summary Medical News Author Interviews More JN Learning / CMESubscribeJobsInstitutions / LibrariansReprints & Permissions Terms of Use | Privacy Policy | Accessibility Statement 2023 American Medical Association. All Rights Reserved Search All JAMA JAMA Network Open JAMA Cardiology JAMA Dermatology JAMA Forum Archive JAMA Health Forum JAMA Internal Medicine JAMA Neurology JAMA Oncology JAMA Ophthalmology JAMA Otolaryngology–Head & Neck Surgery JAMA Pediatrics JAMA Psychiatry JAMA Surgery Archives of Neurology & Psychiatry Input Search Term Sign In Individual Sign In Sign inCreate an Account Access through your institution Sign In Purchase Options: Buy this article Rent this article Subscribe to the JAMA journal",0
W2163478515,An open-label study to assess changes in efficacy and satisfaction with migraine care when patients have access to multiple sumatriptan succinate formulations,,0
W2025228047,Post-dural puncture headaches in children. A literature review,,0
W2019538795,"Migraine Headache Recurrence: Relationship to Clinical, Pharmacological, and Pharmacokinetic Properties of Triptans","BACKGROUND AND OBJECTIVES: Triptan use is associated with headache recurrence, and this has been cited as an important reason for patient dissatisfaction with the treatment. The mechanism by which recurrence occurs is not clear, and the incidence of recurrence varies with the triptan used. In order to explore the pharmacological and physiological interaction of triptans and migraine headache recurrence further, some specific clinical, pharmacological, and pharmacokinetic factors that might influence migraine recurrence were evaluated in a review of the major efficacy data for the drugs in the triptan class. These factors were 5-HT1B and 5-HT1D receptor activities, the pharmacokinetic elimination half-life of each triptan, and the clinical efficacy of each compound, determined by the proportion of patients with headache relief and the therapeutic gain over placebo. METHODS: Clinical data were derived from 31 triptan, placebo-controlled, major efficacy studies used in a previous meta-analysis. The mean recurrence rate, mean headache response, and therapeutic gain were calculated using the results from the individual clinical studies. Mean headache response and therapeutic gain were calculated at the time point used to define recurrence in each study. Data for binding affinity and potency were taken from a direct-comparison in vitro pharmacology study, and the elimination half-life quoted in the data sheet for each triptan was used. Rank correlation with recurrence rate was performed for each of the test parameters. RESULTS: Mean headache recurrence rates ranged from 17% for frovatriptan 2.5 mg to 40% for rizatriptan. Elimination half-life and recurrence were inversely correlated (r = -1.0, P =.0016). There was also a significant inverse correlation between 5-HT1B receptor potency and recurrence (r = -0.68, P =.034), but 5-HT1D receptor potency was not correlated with recurrence (r = -0.20, P =.54). In addition, the binding affinities for the 5-HT1B and 5-HT1D receptors were not correlated to headache recurrence. Importantly, it also was demonstrated that initial clinical efficacy was not correlated to headache recurrence. The correlation coefficient for headache response was 0.18 (P =.53) and for therapeutic gain, -0.11 (P =.71). CONCLUSION: The incidence of migraine headache recurrence varies between drugs in the triptan class. Migraine recurrence does not appear to be related to initial clinical efficacy, but is influenced by the pharmacological and pharmacokinetic properties of the individual triptans. The triptans with longer half-lives and greater 5-HT1B receptor potency had the lowest rates of headache recurrence.",1
W2062414108,Efficacy of Sumatriptan Nasal Spray in Recurrent Migrainous Headache: An Open Prospective Study,"OBJECTIVE: To evaluate the effectiveness of sumatriptan 20 mg via nasal spray and 100-mg tablets in treating migrainous headache in patients without a concomitant migraine diagnosis. METHODS: We prospectively investigated the efficacy of sumatriptan 20 mg via nasal spray and 100-mg tablets in patients with a history of at least 5 moderate to severe headache attacks lasting 2 to 72 hours that consistently did not meet the International Headache Society (IHS) criteria for migraine or episodic tension-type headache. RESULTS: Nineteen headache attacks classifiable as migrainous disorder without aura (IHS 1.7) were evaluated in 13 patients using 20-mg sumatriptan nasal spray within a 10-week period. A 2-point decrease in headache severity on a four-point scale was achieved in 74% (95% confidence interval [CI], 50% to 89%) of the attacks within 2 hours. The pain-free incidence (a reduction in headache severity from moderate or severe to none) was 37% (95% CI, 17% to 63%) after 2 hours. Ten patients completed the second part of the study, taking oral sumatriptan for 14 migrainous attacks: a 2-point decrease in headache severity was achieved in 38% (95% CI, 13% to 71%) of the attacks within 2 hours and in 77% (95% CI, 48% to 92%) within 4 hours. CONCLUSION: This is the first prospective study to show that intranasal or oral sumatriptan may be effective in patients experiencing moderate to severe headache attacks which consistently do not fulfill the IHS criteria for migraine or episodic tension-type headache.",0
W2037880846,Sumatriptan in Migraine With Unilateral Cranial Autonomic Symptoms: An Open Study,"OBJECTIVE: To investigate the response to sumatriptan in migraineurs with unilateral cranial autonomic symptoms such as lacrimation, eye redness, eyelid edema, nasal congestion, and rhinorrhea. BACKGROUND: Given the potential large-scale recruitment of peripheral neurovascular 5-HT1B/1D receptors consequent to the activation of the trigeminal autonomic reflex in such patients, the presence of unilateral cranial autonomic symptoms may predict a positive response to sumatriptan. METHODS: Seventy-two consecutive migraineurs with unilateral cranial autonomic symptoms were given sumatriptan 50-mg tablets to treat 1 migraine attack and were asked to record their clinical response to the drug at different time points. End points were pain-relief and pain-free response at 1 and 2 hours. RESULTS: Pain relief was reported by 47 patients (65.3%) at 1 hour and by 59 (81.9%) at 2 hours. Pain-free response was reported by 22 patients (30.6%) at 1 hour and by 44 (61.1%) at 2 hours. Responsiveness to sumatriptan did not correlate with the type or number of unilateral cranial autonomic symptoms, demographic characteristics, prophylactic treatments, use of contraceptives, or concomitant tension-type headache. CONCLUSIONS: Migraineurs with unilateral cranial autonomic symptoms seem to respond to sumatriptan better than other migraineurs. The presence of unilateral cranial autonomic symptoms may predict a positive response to the triptans.",1
W4243052198,Opinion and Evidence in Neurology and Psychiatry,,0
W2394916769,AAFP/ACP-ASIM release guidelines on the management and prevention of migraines.,Guidelines for primary care physicians on the pharmacologic management of acute migraine attacks and the prevention of migraines are available from the American Academy of Family Physicians (AAFP) and the American College of Physicians–American Society of Internal Medicine (ACP-ASIM).,0
W2338350620,A comparison of familial and sporadic migraine in a headache clinic population.,"We compared the clinical, psychological and pharmacological characteristics of patients with familial migraine and patients with sporadic migraine. Five hundred and thirty consecutive new patients attending our Headache Center over a two-year period were involved in the study. The patients were divided into two groups: A. Familial migraine (famM)--at least one first-degree relative affected; B. Sporadic migraine (spoM)--no first-degree relative affected. Four hundred and twenty-four patients (80%) fulfilled the criteria for famM and 106 (20%) for spoM. The patients with famM showed a significantly (p<0.01) earlier age at onset of the disease. No significant difference in all the remaining features examined was found. Our data suggest that famM and spoM represent a single disease entity.",0
W2132451315,"Quality, efficacy and safety of complementary medicines: fashions, facts and the future. Part II: Efficacy and safety","This is the second of two papers which review issues concerning complementary medicines. The first reviewed the extent of use of complementary medicines, and issues related to the regulation and pharmaceutical quality of these products; the second considers evidence for the efficacy of several well-known complementary medicines, and discusses complementary-medicines pharmacovigilance. The term complementary medicines describes a range of pharmaceutical-type preparations, including herbal medicines, homoeopathic remedies, essential oils and dietary supplements, which mainly sit outside conventional medicine. The use of complementary medicines is a popular healthcare approach in the UK, and there are signs that the use of such products is continuing to increase. Patients and the public use complementary medicines for health maintenance, for the treatment or prevention of minor ailments, and also for serious, chronic illnesses. There is a growing body of evidence from randomized controlled trials and systematic reviews to support the efficacy of certain herbal extracts and dietary supplements in particular conditions. However, many other preparations remain untested. Strictly speaking, evidence of efficacy (and safety) for herbal medicines should be considered to be extract specific. Pharmacovigilance for complementary medicines is in its infancy. Data are lacking in several areas relevant to safety. Standard pharmacovigilance tools have additional limitations when applied to investigating safety concerns with complementary medicines.",0
W2461213543,Update on the role of drug therapy in non-ulcer dyspepsia.,"Non-ulcer dyspepsia is common and is often confused with other diagnoses. It remains a condition identified by exclusion, and continues to be a challenge to manage. Currently, only a limited number of pharmacological options are available. Antacids are no more effective than placebo in treating nonulcer dyspepsia. H2-receptor antagonists appear to be superior to placebo in efficacy, but many of the studies suggesting this finding have had a suboptimal study design. Proton pump inhibitors have been shown to be superior to placebo, although questions remain as to whether the only subgroup that responds is comprised of patients with unrecognized gastroesophageal reflux disease. Studies have found that prokinetic agents are superior to placebo, but currently only a very limited number of agents within this class can be prescribed in the United States. Sparse data support the role of metoclopramide and its side effects limit its use even further. The eradication of Helicobacter pylori has a small but positive therapeutic benefit in non-ulcer dyspepsia, and can be considered in those confirmed to be infected. Sucralfate is unlikely to be effective, and misoprostol is ineffective. Bismuth alone is probably not efficacious. Tricyclic antidepressants may have a therapeutic role, but this is not firmly established and this class of medication should be reserved for resistant cases. Emerging therapies include drugs that relax the gastric fundus, such as buspirone or sumatriptan, and the new prokinetic tegaserod. Psychological therapies may play a role but studies of these therapies are limited. Therapy for non-ulcer dyspepsia remains challenging and is usually empiric; it will remain so until the mechanisms that induce symptoms of dyspepsia are better understood.",0
W174133889,The Triptan Formulations,,0
W1996694341,"Backache, headache, and neurologic deficit after regional anesthesia",,0
W2013275144,Hypersensitivity Reactions to Non-Beta-Lactam Antibiotics,,0
W1972114926,Interaction between Ketoconazole and Almotriptan in Healthy Volunteers,"The interaction between almotriptan, a 5-HT1B/1D agonist, and the potent CYP3A4 inhibitor ketoconazole was examined in 16 healthy volunteers. Subjects received (A) 12.5 mg almotriptan orally on Day 2 of a 3-day regimen of 400 mg ketoconazole once daily and (B) 12.5 mg almotriptan in a crossover design. Plasma and urine concentrations of almotriptan were measured by HPLC. Treatment effects on almotriptan pharmacokinetics were assessed by analysis of variance. Ketoconazole coadministration increased mean almotriptan AUC and Cmax from 312 to 490 ng h/mL and 52.6 to 84.5 ng/mL, respectively. Mean oral clearance was decreased from 40.7 to 26.2 L/h by ketoconazole, with an accompanying increase in the fraction of almotriptan excreted unchanged in the urine (40.6% to 53.3%) and a decrease in renal clearance (16.4 to 13.8 L/h). These effects were statistically significant. The effects of ketoconazole on almotriptan clearance were consistent with inhibition of the CYP3A4-mediated metabolism and a slight effect on the active tubular secretion of almotriptan.",0
W2142791100,Serotonin syndrome after single doses of co-amoxiclav during treatment with venlafaxine,"Drug interactions of several kinds can result in serotonin syndrome, which is diagnosed from its clinical features.",0
W1973447790,Acute and prophylactic management of migraine,,0
W2049914468,Comparative aspects of triptans in treating migraine,,0
W2161813056,A review of the effects of almotriptan and other triptans on clinical trial outcomes that are meaningful to patients with migraine,,1
W2014845870,Demographic and Migraine Characteristics of Adolescents With Migraine: Glaxo Wellcome Clinical Trials' Database,"OBJECTIVE: To describe the demographics and migraine characteristics of patients in the Glaxo Wellcome adolescent clinical trials' database. METHODS: Data from 8 sumatriptan (tablet and nasal spray) and naratriptan (tablet) trials (6 placebo controlled and 2 open label) were reviewed. Adolescents aged 12 to 17 years who had participated in migraine clinical trials and used at least 1 dose of study medication were summarized using descriptive statistics. Patient demographic (gender, age, race, height, and weight) and migraine (diagnosis, pain location and intensity, time and day of migraine onset and treatment, and associated symptoms) characteristics were examined. RESULTS: One thousand nine hundred thirty-two adolescents with migraine were identified; mean age was 14.1 years (standard deviation, 1.64; range, 11 to 18) and 54% of patients were female. More males were represented in the 12- to 14-year-old group (646 [73%] of 885) than in the 15- to 17-year-old group (234 [26%] of 885). Most patients reported migraine without aura (67%, 1121 of 1672), unilateral migraine pain (58%, 458 of 787), and pulsating pain (74%, 582 of 790). Migraine was aggravated by physical activity in most of the adolescents (88%, 526 of 598). Most migraine attacks (73%, 1363 of 1858) began between 6 am and 6 pm, and proportionately more attacks occurred Monday through Wednesday. Pretreatment vomiting was experienced by 5% (97 of 1830) of patients, nausea by 53% (983 of 1849), and photophobia or phonophobia (or both) by 88% (1628 of 1858) of patients. The incidence of associated symptoms was directly related to pretreatment headache severity. CONCLUSIONS: In this large clinical trials' database, adolescents had migraine without aura characterized by unilateral and pulsating pain and aggravated by activity. The incidence of associated symptoms was directly related to pretreatment pain intensity. More migraines occurred Monday through Wednesday during typical school hours. These data may facilitate clinicians' efforts to tailor migraine therapy to the needs of this patient population.",0
W1897575770,"Conscious Expectation and Unconscious Conditioning in Analgesic, Motor, and Hormonal Placebo/Nocebo Responses","The placebo and nocebo effect is believed to be mediated by both cognitive and conditioning mechanisms, although little is known about their role in different circumstances. In this study, we first analyzed the effects of opposing verbal suggestions on experimental ischemic arm pain in healthy volunteers and on motor performance in Parkinsonian patients and found that verbally induced expectations of analgesia/hyperalgesia and motor improvement/worsening antagonized completely the effects of a conditioning procedure. We also measured the effects of opposing verbal suggestions on hormonal secretion and found that verbally induced expectations of increase/decrease of growth hormone (GH) and cortisol did not have any effect on the secretion of these hormones. However, if a preconditioning was performed with sumatriptan, a 5-HT(1B/1D) agonist that stimulates GH and inhibits cortisol secretion, a significant increase of GH and decrease of cortisol plasma concentrations were found after placebo administration, although opposite verbal suggestions were given. These findings indicate that verbally induced expectations have no effect on hormonal secretion, whereas they affect pain and motor performance. This suggests that placebo responses are mediated by conditioning when unconscious physiological functions such as hormonal secretion are involved, whereas they are mediated by expectation when conscious physiological processes such as pain and motor performance come into play, even though a conditioning procedure is performed.",0
W2097191371,Current and potential pharmacological treatments for obsessive-compulsive disorder,"In the past 20 years, several effective treatments have been developed for obsessive-compulsive disorder. Despite this, it is a disorder that is often inadequately treated by available therapies. Recent advances in neuroimaging and neurophysiology have provided some clues to possible treatments that may be more effective in treating this disorder. Serotonin agents remain the cornerstone of pharmacological treatment for obsessive-compulsive disorder. The development of agents that target specific serotonin receptor subtypes may improve the effectiveness of drug treatment. Other possible future treatment approaches are also discussed.",0
W2151644721,The Truth About Frovatriptan,,0
W1967405872,Short latency trigemino-sternocleidomastoid response in patients with migraine,,0
W2108707442,The triptan formulations: a critical evaluation,"The migraine-specific triptans have revolutionized the treatment of migraine and are usually the drugs of choice to treat a migraine attack in progress. Different triptans are available in different strengths and formulations including oral tablets, orally disintegrating tablets, nasal sprays and subcutaneous injections. In Europe, sumatriptan is also available as a suppository. Specific differences among the triptans exist as evidenced by different pharmacological profiles including T1/2, Tmax, Cmax, AUC, metabolism, drug-drug interaction profiles, amongst other parameters. How or whether these differences translate to clinical efficacy and tolerability differences is not well differentiated. Clinical distinctions among these agents are subtle and proper choice of triptan requires attention to the specific characteristics of each individual patient, knowledge of patient preference, accurate history of the efficacy of previous acute care medications as well as individual features of the drug being considered. Delivery systems may play an important role in the onset of action of triptans. The selection of an acute antimigraine drug for a patient depends upon the stratification of the patient's migraine attack by peak intensity, time to peak intensity, level of associated symptoms such as nausea and vomiting, time to associated symptoms, comorbid diseases, and concomitant treatments that might cause drug-drug interactions. The clinician has in his armamentarium an ever-expanding variety of medications, available in multiple formulations and dosages, with good safety and tolerability profiles. Continued clinical use will yield familiarity with the various triptans, and it should become possible for the interested physician to match individual patient needs with the specific characteristics of a triptan to optimize therapeutic benefit.",0
W2004944265,A prospective double-blind study of nasal sumatriptan versus IV ketorolac in migraine,,0
W1992472429,Speed of Onset and Efficacy of Zolmitriptan Nasal Spray in the Acute Treatment of Migraine,,0
W1996823849,A review of the clinical efficacy and tolerability of almotriptan in acute migraine,"Almotriptan is a serotonin (5-hydroxytryptamine, 5HT)(1B/1D)-receptor agonist approved for the acute treatment of migraine. In 3500 acute migraine patients enrolled in short-term trials and 1500 patients in long-term open-label trials, almotriptan 12.5 mg was effective and well-tolerated. Almotriptan maintains a consistency of response across three attacks and patients continue to respond to almotriptan for up to 1 year. Results from two comparative studies and a meta-analysis of 53 randomised, placebo-controlled studies of oral triptans in > 24,000 patients, confirm that almotriptan 12.5 mg demonstrates comparable efficacy with sumatriptan 50 and 100 mg. The incidence of treatment-related adverse events with almotriptan is comparable to that of placebo and significantly lower than that with sumatriptan. Drug-drug interaction studies indicate that almotriptan may be coadministered with other commonly prescribed drugs without dose modification. Almotriptan can be recommended as first-line treatment for acute migraine.",0
W2049305832,Sumatriptan versus eletriptan: which is best?,,0
W2006539690,Pharmacokinetics of Sumatriptan Nasal Spray in Adolescents,"Sumatriptan is a potent and selective vascular 5-HT1 receptor agonist effective for the treatment of migraine. In adults, intranasal sumatriptan is well absorbed and tolerated. The authors evaluated the pharmacokinetics and tolerability of a single dose of 20 mg intranasal sumatriptan in healthy adolescent migraineurs ages 12 to 17 years, administered outside of migraine attack. Serum sumatriptan levels were measured by high-performance liquid chromatography (HPLC) with electrochemical detection in serial samples collected over 8 hours. Physical exam, vital signs, clinical laboratory tests, and electrocardiogram measurements were monitored to assess safety and tolerability. A total of 16 subjects (10 males and 6 females) had pharmacokinetic data that could be analyzed, 2 withdrew from the study 30 and 60 minutes after dosing following the loss of venous access for blood sampling, and a bioanalysis failure resulted in loss of data from 3 subjects. Noncompartmental pharmacokinetic parameters (geometric mean and 95% confidence interval) for the remaining 16 subjects were as follows: Cmax was 13.9 (11.0, 17.6) ng/mL, AUC infinity was 57.3 (47.6, 69.0) ng/mL.h, and t1/2 was 2.0 (1.8, 2.3) hours. Population pharmacokinetic analysis for all subjects (n = 21) showed that clearance and volume of distribution increase slightly with age and body size, but the changes were minimal and would not warrant dose adjustment: CL/F was 316 L (coefficient of variance [CV] = 25%) and Vd/F was 1070 L (CV = 46%). Sumatriptan was well tolerated with only minor adverse events reported, which all resolved spontaneously. The pharmacokinetic parameters in these adolescent subjects were similar to those previously reported in adults, suggesting that adolescents should be dosed similar to adults.",0
W2319856397,Update on cluster headache,"PURPOSE OF REVIEW: Although cluster headache has traditionally been thought of as a vascular headache disorder, its periodicity suggests an involvement of central areas such as the hypothalamus. This review covers the past 3 years, which have seen remarkable progress in understanding the pathophysiology of circadian headache syndromes and have brought exciting news. RECENT FINDINGS: As more cluster headache patients are seen by headache specialists, new forms of this well-defined primary headache syndrome are being identified. In addition, we discuss recent findings with regard to abnormalities in the secretion of hormones, genetic influences, neuroimaging of cluster headache attacks, and the use of newer substances as preventive therapy in cluster headache. SUMMARY: We have entered a new diagnostic and therapeutic era in primary headache disorders. In recent reports, the use of deep brain stimulation of the hypothalamus has enabled intractable chronic cluster headache patients to be successfully operated upon. Further research in this field is urgently needed and the recent possibility of combining deep brain stimulation with positron emission tomography will certainly help to unravel the brain circuitry implicated in stimulation-produced analgesia. The time has come to use the evidence for a disorder of circadian rhythm in cluster headache to further the development of chronobiotics in the treatment of this disorder.",0
W2019018815,The evolving management of migraine,"PURPOSE OF REVIEW: To review recent advances in acute and preventive migraine treatment. RECENT FINDINGS: The number of migraine drugs continues to expand, allowing for more flexible and tolerable treatment plans. Two new triptans, frovatriptan and eletriptan, and a nasal formulation of zolmitriptan have been recently developed. Eletriptan is effective for acute migraine treatment and may have some pharmacologic and clinical advantages. Frovatriptan has a longer half-life and lower headache recurrence rates compared with other triptans. It may be useful for patients who have prolonged attacks and high headache recurrence rate. Zolmitriptan nasal spray has a rapid onset of action and high efficacy. It should be considered when patients have rapid-onset attacks, especially when associated with severe nausea or vomiting. The butyrophenone neuroleptic droperidol is very effective in aborting acute migraine attacks. Central nervous system side effects are common, however, and the ECG should be monitored. Botulinum toxin type A shows promise as a safe, tolerable and effective drug for migraine prevention, with the unique advantages of almost no systemic adverse events and a long interval between treatments. The anticonvulsant topiramate is effective for migraine prevention. Cognitive side effects are of less concern with the lower doses needed for migraine. The angiotensin converting enzyme receptor blocker candesartan appears to be effective and highly tolerable in the prevention of migraine, but needs to be further evaluated. SUMMARY: New drugs expand the spectrum of migraine treatment both for the acute attack and for prevention.",0
W2137516818,A Cost-Effectiveness Analysis of Eletriptan 40 and 80 mg versus Sumatriptan 50 and 100 mg in the Acute Treatment of Migraine,,0
W2046416085,Migraine Prevalence and Treatment Patterns: The Global Migraine and Zolmitriptan Evaluation Survey,"OBJECTIVE: The objectives of the Migraine And Zolmitriptan Evaluation (MAZE) survey were to assess the prevalence of migraine in the general population across 5 different countries, to understand migraineurs' experience of migraine and its management on a global level, and to assess patient perceptions and preferences of current and future treatment formulations. METHODS: A two-phase, international survey was performed in France, Germany, Italy, the UK, and the USA, and involved a total of 5553 adults. In Phase I, >/=1000 adults from the general population in each country were interviewed by telephone using a routine consumer survey. The proportion of subjects meeting International Headache Society (IHS) criteria for migraine was assessed using an adapted Kiel headache questionnaire, whereas the impact of migraine on daily life was assessed using the Migraine Disability Assessment Scale (MIDAS) questionnaire. In Phase II, >/=100 clinically diagnosed migraineurs per country were recruited through their general practitioners and migraine clinics. Semi-structured interviews based on written questionnaires assessed the impact of, and attitudes toward, migraine and its treatments. Respondents also completed the MIDAS questionnaire. Patients also sampled a demonstrator version of the new orange-flavored orally disintegrating tablet of zolmitriptan. RESULTS: Phase I: An estimated 5% to 12% of the population in the different countries were classified as suffering from migraine, with most attacks categorized as fairly severe to very severe. Between 23% and 42% of migraineurs reported>24 attacks in the previous 12 months. Approximately one-half of all migraineurs did not seek medical advice. Of those who did consult a physician, only 3% to 19% were prescribed triptans. In all countries, the most commonly used current treatment was simple analgesics (22% to 54%). Phase II: Current migraine therapy was consistently effective in only 19% to 31% of patients, and only 21% to 50% of patients were satisfied with their current treatment. Many sufferers supplemented their prescription therapy with alternative management strategies, including herbal and homeopathic remedies, stress management, relaxation therapy, avoidance of trigger factors, and bed rest. Patients indicated that the most important attributes of migraine therapies are high efficacy and rapid pain relief. When asked to identify delivery options that they would like to see more of in the future, most patients (73%) specified ""a dissolve-in-the-mouth tablet."" Ninety percent of patients who sampled the demonstrator version of the zolmitriptan orally disintegrating tablet considered it to be ""very easy"" to use, and 99% stated it was suitable for use ""anytime/anywhere."" CONCLUSIONS: In the general population samples we surveyed, there was a 5% to 12% prevalence of migraine across 5 different countries. As reported from previous epidemiologic studies, we found that many migraineurs still do not consult a physician. Despite high levels of disability, as assessed by MIDAS scores and evidenced by the need for bed rest during attacks, many migraineurs continue to treat their headaches with simple analgesics, which, if ineffective, leads to dissatisfaction with treatment. Patients desire a medication with high efficacy and a rapid onset of action, and an orally disintegrating tablet such as that used for the new zolmitriptan formulation, is a favored formulation and route of administration.",0
W2140281167,Coprescription of Triptans With Potentially Interacting Medications: A Cohort Study Involving 240 268 Patients,"BACKGROUND: Little information exists about the actual prescription of triptans within large, geographically diverse populations, in terms of demographic characteristics and co-prescriptions with other medications with potential interactions. OBJECTIVES: To investigate the demographic characteristics associated with triptan use, and examine the rate of co-prescription of triptans with specified pharmacologic agents with the potential for drug interactions. METHODS: This study examined the rate of co-prescription of triptans available in the US up to May 2001 (sumatriptan, naratriptan, rizatriptan, and zolmitriptan) with specified agents with potential for drug interactions. A cohort of 240,268 patients receiving pharmacy benefits from Merck-Medco (N = 65 + M) was followed over a one-year period. This analysis included patients who received at least two triptan prescriptions during the study (6/00-5/01). Ninety-one percent of the cohort remained on the same triptan during the study period. 'Co-prescription' was defined as any fill for a medication that was contraindicated or could potentially adversely interact with a triptan, obtained between and during the first and last triptan fills throughout the study period. RESULTS: Mean patient age was 43 (SD +/- 11.6) and 82% were female. Twenty-one percent were co-prescribed selective serotonin reuptake inhibitors, reflecting the considerable co-morbidity of migraine and depression. Patients taking triptans were almost never co-prescribed monoamine oxidase inhibitors (0.02%), and co-prescription of ergots was also low (1.45%). Less than one percent (0.45%) received cimetidine while taking zolmitriptan, while 2.7% of patients taking rizatriptan 10 mg also took propranolol. While agents unavailable in the U.S. were not evaluated in this cohort, six percent of patients were treated with potent CYP 3A4 inhibitors, which would not be expected to cause any problems with the triptans in the survey. However, such agents are specifically contraindicated for use with one triptan (eletriptan), recently launched in the EU, suggesting that continued vigilance will be necessary to avoid coprescription of medicines with the potential for producing adverse side effects. CONCLUSIONS: Triptan use mirrors migraine demographics. The frequency of co-prescription of triptans with SSRIs is about 20%. Continued vigilance will be necessary to avoid co-prescription of medicines with the potential for producing adverse drug events.",0
W2088330707,Management of Menstrual Migraine,"BACKGROUND: Migraine is more prevalent in women than men. Hormonal changes can influence the occurrence of migraine, particularly related to the menstrual cycle. Menstrual migraine may require both acute and preventive treatment. REVIEW SUMMARY: Gender differences in migraine may be a result of variations in the central nervous system of men and women as well as the effects of estrogen. Migraine attacks occurring in the perimenstrual period respond well to acute treatment with triptans. Hormonal manipulation may reduce migraine occurrence, especially when related to hormonal fluctuations in the perimenstrual period. CONCLUSIONS: Effective migraine management requires an understanding of the unique epidemiologic and pathophysiological factors affecting women. An understanding of associated hormonal influences facilitates development of individualized treatment plans.",0
W2039458015,Sumatriptan Plus Metoclopramide in Triptan‐Nonresponsive Migraineurs,"OBJECTIVES: We evaluated the effectiveness of combination treatment using sumatriptan plus metoclopramide versus sumatriptan alone for the treatment of acute migraine. The patients who were treated had failed to respond to triptans in the past despite adequate doses on at least 2 separate trials of the same triptan or 2 trials involving different triptans. BACKGROUND: There is limited evidence that dopaminergic antagonists may benefit the migraineur by relieving migraine pain and associated symptoms. The exact mechanism of action in migraine is unknown. The postulated action is the inhibition of dopaminergic overactivity. A dopaminergic antagonist, metoclopramide, may improve the efficacy of a 5-HT1B/1D agonist, sumatriptan. METHODS: In this double-blind, randomized, crossover study, 16 adult migraineurs fulfilling International Headache Society (IHS) criteria for migraine with or without aura who had failed to receive adequate relief from triptans treated one migraine with each treatment: sumatriptan 50 mg plus metoclopramide 10 mg or sumatriptan 50 mg plus placebo to match metoclopramide. Patients treated their migraines when they were moderate or severe in intensity and recorded pain severity and symptoms prior to treatment and 30, 60, 90, and 120 minutes and 24 hours after treatment. RESULTS: Thirteen women and 3 men (mean age, 40 years) completed the study; ie, treated 2 migraines (a total of 32 migraines), one attack with each treatment. Meaningful relief was attained in 10 (63%) of 16 migraines treated with the combination of sumatriptan 50 mg plus metoclopramide 10 mg compared with 5 (31%) of 16 migraines treated with sumatriptan 50 mg plus placebo. Headache response (moderate or severe to mild or no pain at 2 hours) was achieved in 7 (44%) of 16 migraines with the combination of sumatriptan 50 mg plus metoclopramide 10 mg compared with 5 (31%) of 16 migraines treated with sumatriptan 50 mg plus placebo. There did not appear to be a difference between treatment groups with respect to associated symptoms. The combination of sumatriptan 50 mg plus metoclopramide 10 mg was well tolerated. CONCLUSIONS: Combining sumatriptan with metoclopramide provided relief in some migraineurs who failed to achieve adequate relief with a triptan alone. It remains unknown whether initiating therapy when pain was mild or using a higher dose of sumatriptan (ie, 100 mg) would have provided additional benefit. Further studies are indicated.",0
W2059935220,Almotriptan Versus Rizatriptan in Patients With Migraine in Spain,"OBJECTIVES: To compare patient-reported use of rizatriptan 10 mg with that of almotriptan 12.5 mg per migraine attack (24 hours) in a Spanish population. METHODS: One hundred twenty Spanish community pharmacies recruited patients with migraine to whom they had dispensed almotriptan and rizatriptan. No other selection criteria were used. Patients kept diaries for baseline pain intensity, the number of triptan tablets used, additional medication taken per attack, and their degree of satisfaction with the medication 2 hours after the initial dose. Patients recorded details for a maximum of 3 attacks. Analysis of variance or the Student t test and chi-squared or Fisher exact tests were used for univariate comparisons. A generalized estimating equation method was used to correct for within-subject variability. Adjusted odds ratios (ORs) and 95% confidence intervals (CIs) were calculated. RESULTS: One hundred twenty-six patients (85% women) recorded data for 318 migraine attacks. Rizatriptan was used to treat 122 attacks, almotriptan was used to treat 110 attacks, and a nontriptan medication was used in the initial treatment of 86 attacks. Triptan use (adjusted mean, 95% CI) per attack in this study was lower for rizatriptan (1.19 tablets; 95% CI, 1.06 to 1.32) than for almotriptan (1.43 tablets; 95% CI, 1.30 to 1.56; P=.003). The use of a triptan and additional medication per attack increased with baseline pain severity. Rizatriptan was used to treat more attacks with only one tablet (78%) than almotriptan (58%). Treatment of attacks with almotriptan was more than twice as likely to involve the use of more than one tablet per attack (24 hours) than those treated with rizatriptan (adjusted OR, 2.42; 95% CI, 1.37 to 4.30; P=.003). Patient satisfaction with treatment response at 2 hours was more than 2-fold greater for rizatriptan (85%) than for almotriptan (68%) (adjusted OR, 2.55; 95% CI, 1.11 to 5.87; P=.03). CONCLUSIONS: In this prescription-selected Spanish population, a significantly lower number of rizatriptan tablets were required to treat migraine attacks compared with almotriptan. Further, patients were more than twice as likely to use more than one tablet or additional medication (or both) for attacks treated with almotriptan than for those treated with rizatriptan. Although these data suggest that rizatriptan may be a more effective treatment for migraine than almotriptan, further randomized studies are required to confirm this conclusion.",0
W2045596884,Droperidol and Other Neuroleptics/Antiemetics for the Management of Migraine,"CLINICAL HISTORYA 30-year-old woman with a history of migraine without aura since her teenaged years presented to the emergency department with an 8-hour history of a severe, left-sided, throbbing headache with nausea, vomiting, and light and noise sensitivity.Her headache was similar to previous migraines.She had tried oral rizatriptan 10 mg at home, without benefit.Questions.-Woulddroperidol be indicated?What route of administration and dosage would you recommend?What are the possible side effects, and how are they treated?What are the contraindications?How would you compare the use of droperidol for acute migraine and migraine status with other agents such as prochlorperazine, intravenous dihydroergotamine, divalproex sodium, and others?Could droperidol be used if the patient did not respond to intravenous dihydroergotamine and metoclopramide, phenergan, or compazine?What are your personal preferences for the use of these drugs for acute migraine and migraine status (ie, do you have a first, second, and third choice, and, if so, why)?",0
W2460906355,Letters to the Editor,,0
W2474531253,"Pain therapeutics-SMi Conference. 11-12 June, 2003, London, UK.",,0
W2144392657,Assessment of meal induced gastric accommodation by a satiety drinking test in health and in severe functional dyspepsia,"AIMS: Impaired gastric accommodation is a major pathophysiological mechanism in functional dyspepsia. The aim of the present work was to assess a satiety drinking test in the evaluation of accommodation in health and dyspepsia. METHODS: Twenty five controls and 37 severely dyspeptic patients seen at a tertiary care centre completed a dyspepsia questionnaire, and gastric emptying and gastric barostat studies. The amount of liquid meal ingested at maximum satiety during a slow satiety drinking test was determined. In controls, we studied the influence of caloric density and of pharmacological agents that influence accommodation. RESULTS: In patients, satiety scores were higher and maximum satiety occurred at lower calories (542 (50) v 1508 (53) kcal; p<0.0001). Six patients had required nutritional support, but excluding these did not alter the correlations. With increasing severity of early satiety, less calories were ingested at maximum satiety. In multivariate analysis, the amount of calories was significantly correlated to accommodation but not to gastric emptying or sensitivity. Sensitivity and specificity of the satiety test in predicting impaired accommodation reached 92% and 86%, respectively. At different caloric densities, ingested volume rather than caloric load determined maximum satiety. Pharmacological agents (sumatriptan, cisapride, erythromycin) affected the satiety test according to their effect on accommodation. CONCLUSION: A slow caloric drinking test can be used to evaluate accommodation and early satiety. It provides a non-invasive method of predicting impaired accommodation and quantifying pharmacological influences on accommodation.",0
W1957212879,ESTABLISHING PRINCIPLES FOR MIGRAINE MANAGEMENT IN PRIMARY CARE,"Published guidelines for the management of migraine in primary care were evaluated by an international advisory board of headache specialists, to establish evidence-based principles of migraine management that could be recommended for international use. Twelve principles of migraine management were identified, covering screening, diagnosis, management and treatments: Almost all headaches are benign/primary and can be managed by all practising clinicians. Use questions/a questionnaire to assess the impact on daily living and everyday activities, for diagnostic screening and to aid management decisions. Share migraine management between the clinician and the patient. Provide individualised care for migraine and encourage patients to manage their migraine. Follow up patients, preferably with migraine calendars or diaries. Regularly re-evaluate the success of therapy using specific outcome measures and monitor the use of acute and prophylactic medications regularly. Adapt migraine management to changes that occur in the illness and its presentation over the years. Provide acute medication to all migraine patients and recommend it is taken at the appropriate time, during the attack. Provide rescue medication/symptomatic treatment for when the initial therapy fails. Offer to prescribe prophylactic medications, as well as lifestyle changes, to patients who have four or more migraine attacks per month or who are resistant to acute medications. Consider concurrent co-morbidities in the choice of appropriate prophylactic medication. Work with the patient to achieve comfort with mutually agreed upon treatment and ensure that it is practical for their lifestyle and headache presentation. Using these principles, practising clinicians can screen and diagnose their headache patients effectively and manage their migraine patients over the long-term natural history of the migraine process. In this way, the majority of migraine patients can be well treated in primary care, ensuring a structured and individualised approach to headache management, and conserving valuable healthcare resources.",0
W2025609969,Tolerability and Consistency of Effect of Zolmitriptan Nasal Spray in a Long-Term Migraine Treatment Trial,,0
W4299577190,Eletriptan issues.,,0
W2099227635,Migraine treatment patterns and patient satisfaction with prior therapy: A substudy of a multicenter trial of rizatriptan effectiveness,,0
W2125175228,The effects of exercise and exercise-related changes in blood nitric oxide level on migraine headache,"OBJECTIVE: To observe the effects of moderate aerobic exercise on migraine headache, to assess exercise-related changes in blood nitric oxide (NO) levels, and to examine the impact of such changes on migraine attacks. DESIGN: Controlled clinical trial. SETTING: School of Physical Therapy and Rehabilitation. SUBJECTS: Forty women with general migraine attending the Neurology Department of the Faculty of Medicine Faculty of Dokuz Eylül University. INTERVENTION: Patients were assigned alternately into two groups: exercise group undertaking 1 hour aerobic exercise three times weekly, and a control group. MAIN OUTCOME MEASURES: Patients were assessed before and after treatment using three clinical scales--visual analogue scale for headache, Pain Disability Index and Quality of Life Scale--and chemiluminescence analysis for plasma nitric oxide. RESULTS: After the eight-week therapy period, patient complaints concerning the intensity, frequency and duration of pain had decreased significantly in both groups; however, visual analogue scale scoring showed better pain relief in the exercised group than in the controls (from 8.8 +/- 1.7 to 4.0 +/- 1.4 and from 8.5 +/- 0.8 to 7.0 +/- 0.9 respectively). Quality of life measures also revealed better migraine relief in the exercised women than in those who received medical treatment only. Blood NO rose significantly from pre- to post-therapy in the exercised group, but the change was not significant in the control group. CONCLUSION: The study showed that regular long-term aerobic exercise reduced migraine pain severity, frequency and duration possibly due to increased nitric oxide production.",0
W1992215253,Central nervous system abnormalities in migraine,"Migraine is associated with structural and functional CNS changes, for example, ictal hyperalgesia and allodynia and interictal neural excitation. Structural abnormalities, most notably white matter changes, occur in greater prevalence in migraineurs (16 - 40%). Several studies have examined the neuropsychological correlates of migraine and/or white matter abnormalities. These studies suggest mild, interictal dysfunction in migraineurs. More research is needed to correlate migraine severity, frequency and/or treatment with neuropsychological testing. Additional studies should: identify interictal cognitive changes; clarify the contribution to long-term cognitive changes from migraine genotype, sequelae of repeated pain episodes or their treatment and the consequences of co-morbid vascular disease; and include cognitive measures as secondary end points in clinical trials.",0
W3025609972,PATIENTS WITH MIGRAINE PREFER ZOLMITRIPTAN ORALLY DISINTEGRATING TABLET TO SUMATRIPTAN CONVENTIONAL ORAL TABLET,"The Zolmitriptan Evaluation versus Sumatriptan Trial (ZEST) assessed patient preference for 2.5 mg zolmitriptan orally disintegrating tablet (ODT) or 50 mg sumatriptan conventional tablet in 218 patients with significant migraine disability. Significantly more patients preferred zolmitriptan ODT to sumatriptan conventional tablet (60.1% vs 39.9%; p = 0.0130). In terms of efficacy, significantly more patients considered zolmitriptan ODT to be an effective migraine treatment than sumatriptan conventional tablet (77% vs 63%; p = 0.0063). When asked about specific formulation attributes, significantly more patients selected zolmitriptan ODT as the least disruptive therapy (83.6% vs 16.4%), the easiest to take (85.5% vs 14.5%), the most convenient to take (86.1% vs 13.9%), and the one which enabled them to maintain an active lifestyle (65.5% vs 34.5%), compared with the sumatriptan conventional tablet (all comparisons p < 0.001). Zolmitriptan ODT is a convenient and beneficial alternative to conventional tablets and is preferred to sumatriptan conventional tablets by migraineurs.",0
W1973743775,Acute Migraine Treatment Guideline,"Letters7 October 2003Acute Migraine Treatment GuidelineCatherine Marino, MDCatherine Marino, MDFrom New Jersey Medical SchoolUniversity of Medicine & Dentistry of New Jersey; Newark, NJ 07103.Search for more papers by this authorAuthor, Article, and Disclosure Informationhttps://doi.org/10.7326/0003-4819-139-7-200310070-00025 SectionsAboutFull TextPDF ToolsAdd to favoritesDownload CitationsTrack CitationsPermissions ShareFacebookTwitterLinkedInRedditEmail TO THE EDITOR:I have had migraines for 30 years and therefore read Snow and colleagues' article on migraine management and prevention (1) with interest. I have used almost all of the medications mentioned in the article and continue to get migraines at least once per week, sometimes twice. My migraines are characterized by nausea, occasional vomiting, photophobia, and intense right-side frontal pain, along with a sense of unease. There is no aura. The triptans I have takensumatriptan, naratriptan, and rizatriptando work with varying onset of action and sometimes rebound pain. I have also used acetaminophen, butalbital, and caffeine (Fioricet, ...References1. Snow V, Weiss K, Wall EM, Mottur-Pilson C. Pharmacologic management of acute attacks of migraine and prevention of migraine headache. Ann Intern Med. 2002;137:840-9. [PMID: 12435222] LinkGoogle Scholar2. Binder WJ, Brin MF, Blitzer A, Schoenrock LD, Pogoda JM. Botulinum toxin type A (BOTOX) for treatment of migraine headaches: an open-label study. Otolaryngol Head Neck Surg. 2000;123:669-76. [PMID: 11112955] CrossrefMedlineGoogle Scholar3. Troost TB. Presented at Annual Meeting of the American Headache Society, Seattle, Washington, 18 June 2002. Google Scholar4. Silberstein SD. Review of botulinum toxin type A and its clinical applications in migraine headache. Expert Opin Pharmacother. 2001;2:1649-54. [PMID: 11825307] CrossrefMedlineGoogle Scholar5. Goadsby PJ, Lipton RB, Ferrari MD. Migrainecurrent understanding and treatment. N Engl J Med. 2002;346:257-70. [PMID: 11807151] CrossrefMedlineGoogle Scholar Author, Article, and Disclosure InformationAffiliations: From New Jersey Medical SchoolUniversity of Medicine & Dentistry of New Jersey; Newark, NJ 07103. PreviousarticleNextarticle Advertisement FiguresReferencesRelatedDetailsSee AlsoPharmacologic Management of Acute Attacks of Migraine and Prevention of Migraine Headache Vincenza Snow , Kevin Weiss , Eric M. Wall , Christel Mottur-Pilson , and Acute Migraine Treatment Guideline Vincenza Snow Metrics Cited ByMigräneMigräne 7 October 2003Volume 139, Issue 7Page: 603KeywordsBotulinum toxinHeadachesHormone replacement therapyMenopauseMigraineNauseaNervous systemSleepTreatment guidelinesVomiting ePublished: 7 October 2003 Issue Published: 7 October 2003 CopyrightCopyright © 2003 by American College of Physicians. All Rights Reserved.PDF DownloadLoading ...",0
W2054670486,"Pain-Free Results With Sumatriptan Taken at the First Sign of Migraine Pain: 2 Randomized, Double-Blind, Placebo-Controlled Studies",,0
W1977488434,Pain-free efficacy after treatment with sumatriptan in the mild pain phase of menstrually associated migraine,"OBJECTIVE: To estimate the efficacy of sumatriptan 50-mg and 100-mg tablets in menstrually associated migraine when treatment is administered during the mild pain phase. METHODS: A randomized, double-blind, placebo-controlled, single-attack study was conducted. Menstrually associated migraine was defined as any migraine beginning on or between day -2 and day 4, with day 1 = first day of flow. Patients had at least a 1-year history of migraine as defined by International Headache Society criteria and reported regularly occurring menstrually associated migraines typically having a mild pain phase. Patients treated attacks within 1 hour of the onset of pain but only if the pain was mild at onset and while the pain was still mild. RESULTS: In the 349 women with menstrually associated migraine, sumatriptan was significantly more effective than placebo: 61% and 51% of patients who used sumatriptan 100 mg and 50 mg, respectively, were pain-free 2 hours after treatment compared with 29% of patients who used placebo (P <.001 for both comparisons). At 2 hours, 51% and 45% of patients who used sumatriptan 100 mg and 50 mg were free of pain and associated symptoms (photophobia, phonophobia, nausea, vomiting) compared with 25% of placebo patients (P <.001 for both comparisons). Adverse events were low for sumatriptan 100 and 50 mg, and both doses were generally well tolerated. CONCLUSION: Sumatriptan 50-mg and 100-mg tablets are generally well tolerated and effective in providing pain-free relief and relief of the associated symptoms of menstrually associated migraine when administered in the mild pain phase.",0
W2022036437,Cyclic vomiting syndrome: a brain–gut disorder,,0
W2166871639,Meta-analysis of Oral Triptan Therapy for Migraine: Number Needed to Treat and Relative Cost to Achieve Relief Within 2 Hours,"OBJECTIVE: To determine the cost-effectiveness of the 5-HT1B/1D agonists, or triptans, in the acute treatment of migraine. METHODS: To determine the cost-effectiveness of the triptans, a meta-analysis was conducted of the efficacy data from 27 oral triptan trials, using the endpoint of ""pain-free"" status within 2 hours after initial dosing as the indicator of efficacy. Efficacy data were used to determine the number needed to treat (NNT) to achieve pain-free status in 1 patient within 2 hours postdose and then applied the per-dose costs for each triptan to the NNT values. RESULTS: Rizatriptan 10 mg and almotriptan 12.5 mg were the most cost-effective of the triptans, costing $48.34 and $48.57 US dollars, respectively, to achieve pain-free status in 1 patient within 2 hours postdose. Frovatriptan 2.5 mg was the most costly, with a cost-effective ratio of $162.49 US dollars. All other triptans fell between these extremes: zolmitriptan 5 mg ($65.18 US dollars), sumatriptan 100 mg ($70.83 US dollars), sumatriptan 50 mg ($75.67 US dollars), zolmitriptan 2.5 mg ($78.74 US dollars), and naratriptan 2.5 mg ($141.43 US dollars), in decreasing order of cost-effectiveness. CONCLUSION: Using an NNT analysis, the least-costly drugs to achieve migraine cure within 2 hours are rizatriptan 10 mg and almotriptan 12.5 mg. From a population health perspective, the lower acquisition cost of almotriptan 12.5 mg allows for effective treatment of more patients than rizatriptan 10 mg for no additional medication cost.",0
W2152831326,Evaluation of a Monthly Coverage Maximum (Drug-Specific Quantity Limit) on the 5-HT1 Agonists (Triptans) and Dihydroergotamine Nasal Spray,"BACKGROUND: Ensuring the appropriate use of migraine therapies is an important consideration for care providers, patients, employers, and managed care organizations (MCOs) because of the high cost of treatment for this fairly prevalent disabling disease. A review of utilization of serotonin 5-HT1 receptor agonists (triptans) in an MCO determined that about 24% of the patients who received triptan therapy exceeded the manufacturers. recommendations regarding the maximum daily dose and safe treatment guidelines in a 30-day period. An initiative was designed to manage the coverage of migraine abortive therapies with the anticipated outcome of decreasing potential misuse or overuse of the medications. OBJECTIVE: The objective of this retrospective, observational study was to determine the impact of a monthly drug-specific milligram coverage maximum (quantity limit) on serotonin 5-HT1 receptor agonists (triptans) and dihydroergotamine (DHE) nasal spray on the utilization and costs of migraine care in an MCO with approximately 600000 covered members. METHODS: A longitudinal, retrospective cohort analysis was conducted. All migraine-related services were analyzed, including outpatient medical visits, emergency department utilization, inpatient hospitalizations, and outpatient prescription drug use. The analysis was conducted using medical and pharmacy administrative claims. Analysis of data was performed for the period 12 months prior (October 1999 to September 2000) and 18 months postimplementation of the monthly drug-specific milligram coverage maximum (October 2000 through March 2002). RESULTS: Imposition of a monthly coverage maximum for migraine-abortive therapies was associated with a 26.1% reduction in overall per- patient-per-month (PPPM) medical costs for migraine care, from US dollars 55.52 PPPM to US dollars 41.02 PPPM (P<0.01). Utilization of serotonin 5-HT1 receptor agonists and DHE nasal spray declined by 16.7%, from 0.18 prescriptions PPPM to 0.15 prescriptions PPPM (P=0.039), and direct drug costs declined by 28.8%, from US dollars 29.18 PPPM to US dollars 20.78 PPPM (P<0.001). Utilization and costs of outpatient and inpatient migraine-related medical services declined by 40% from US dollars 16.58 PPPM in the preperiod to US dollars 9.94 PPPM in the postperiod (P<0.001). CONCLUSION: A monthly drug-specific milligram coverage maximum was associated with significant reduction in drug costs and utilization of serotonin 5-HT1 receptor agonists (triptans) and DHE nasal spray. Utilization and costs of migraine-related medical services also declined after implementation of the coverage maximum for triptans and DHE nasal spray. The monthly drug-specific milligram coverage maximum appeared to have been successful in managing utilization of triptans and DHE nasal spray, including reduction of overall costs of migraine-related medical services and direct drug costs.",0
W2054233983,Comparative Efficacy of Eletriptan vs. Naratriptan in the Acute Treatment of Migraine,"This was a randomized, double-blind study designed to evaluate the comparative efficacy and tolerability of the 40-mg dose of eletriptan and the 2.5-mg dose of naratriptan. Patients (n = 548) meeting International Headache Society (IHS) criteria for migraine were randomized to treat a single migraine attack with either eletriptan 40 mg, naratriptan 2.5 mg, or placebo. Headache response rates at 2 h and 4 h, respectively, were 56% and 80% for eletriptan, 42% and 67% for naratriptan (P < 0.01 for both time-points vs. eletriptan), and 31% and 44% for placebo (P < 0.0001 vs. both active drugs at both time-points). Eletriptan also showed a significantly greater pain-free response at 2 h (35% vs. 18%; P < 0.001) as well as lower use of rescue medication (15% vs. 27%; P < 0.01) and higher sustained headache response at 24 h (38%) compared with naratriptan (27%; P < 0.05) and placebo (19%; P < 0.01). Both eletriptan and naratriptan were well tolerated. The results confirm previous meta-analyses that have suggested the superiority of eletriptan vs. naratriptan in the acute treatment of migraine.",1
W1986269242,The efficacy and safety of subcutaneous sumatriptan in the acute treatment of menstrual migraine,"OBJECTIVE: To compare the efficacy and safety of subcutaneous sumatriptan with placebo in the treatment of menstrual migraine. METHODS: A double-blind, placebo-controlled, parallel group study was conducted to assess the efficacy and safety of subcutaneous sumatriptan in the treatment of menstrual migraine over two attacks. A total of 179 subjects received sumatriptan or placebo to treat at least one menstrual migraine attack. RESULTS: The efficacy results were consistent for attacks one and two. Two hours after treatment in attacks one and two, 53 (73%) and 51 (81%) of the sumatriptan-treated subjects, respectively, reported headache relief (reduction of a severe or moderately severe headache to a mild or no headache), compared with 27 (31%) and 18 (29%) of the placebo-treated subjects (P < .001). Within 24 hours of treatment in attack one, 28 (53%) and 14 (52%) of the initial responders to sumatriptan and placebo, respectively, experienced headache recurrence. The incidence and nature of adverse events in this study were similar to that seen in previous studies. CONCLUSIONS: Subcutaneous sumatriptan is an effective and well-tolerated acute treatment for menstrual migraine.",0
W2106296016,Function of the Peripheral Serotoninergic Pathways in Migraine: A Proposal for An Experimental Model,We propose a model for assessing the function of 5HT receptors in migraine by evaluating their expression on monocytes by means of double-labeling fluorocytometry (CD14-positive cells FITC-labeled). This model demonstrates that during headache induced in migraine without aura sufferers given isosorbide dinitrate followed by sumatriptan treatment 5HT expression on monocytes progressively increases. This increase may be due to the activation of 5HT turnover and to the increased availability of 5HT displaced by sumatriptan from cerebrovascular receptors during head pain.,0
W1968234092,Sumatriptan,,0
W2083821823,Human in vivo evidence for trigeminovascular activation in cluster headache Neuropeptide changes and effects of acute attacks therapies,"Cluster headache is a rare very severe disorder that is clinically well characterized with a relatively poorly understood pathophysiology. In this study patients with episodic cluster headache fulfilling the criteria of the International Headache Society were examined during an acute spontaneous attack of headache to determine the local cranial release of neuropeptides. Blood was sampled from the external jugular vein ipsilateral to the pain before and after treatment of the attack. Samples were assayed for calcitonin gene-related peptide (CGRP), vasoactive intestinal polypeptide (VIP), substance P and neuropeptide Y. Attacks were treated with either oxygen inhalation, sumatriptan or an opiate. Thirteen patients were studied of whom 10 were male and three female. All had well-established typical attacks of cluster headache when blood was sampled. During the attacks external jugular vein blood levels of CGRP and VIP were raised while there was no change in neuropeptide Y or substance P. Calcitonin gene-related peptide levels rose to 110 +/- 7 pmol/l (normal: < 40) while VIP levels rose to 20 +/- 3 pmol/l (normal: < 7). Treatment with both oxygen and subcutaneous sumatriptan reduced the CGRP level to normal, while opiate administration did not alter the peptide levels. These data demonstrate for the first time in vivo human evidence for activation of the trigeminovascular system and the cranial parasympathetic nervous system in an acute attack of cluster headache. Furthermore, it is shown that both oxygen and sumatriptan abort the attacks and terminate activity in the trigeminovascular system.",0
W2019591295,Increase in plasma calcitonin gene-related peptide from the extracerebral circulation during nitroglycerin-induced cluster headache attack,"In this study, changes in plasma levels of calcitonin gene-related peptide (CGRP) and substance P (SP) during a spontaneous-like cluster headache attack provoked by nitroglycerin were evaluated. Peptide variations after spontaneous or sumatriptan-induced remission were also assessed. Blood was collected from the external jugular vein homolateral to the pain side of 30 male cluster headache patients; 18 men were in an active and 12 in a remission one. Plasma levels of CGRP and SP were determined using sensitive radioimmunoassays for each peptide. CGRP-like immunoreactivity (CGRP-LI) was found to be augmented in patients in an active period and became elevated further at the peak of the provoked attack. A complete reversal occurred both after spontaneous and sumatriptan-induced remission. On the contrary, nitroglycerin neither provoked a cluster headache attack nor altered CGRP-LI in the patients in a remission period. The augmented levels of CGRP-LI measured before and after nitroglycerin administration, when the provoked attack reached the maximum intensity, suggest an activation of the trigeminovascular system during the active period of cluster headache. Moreover, the clinical and biochemical actions showed by sumatriptan stress the involvement of serotonin in cluster headache mechanisms.",0
W2408358726,Long-term subcutaneous sumatriptan in cluster headache.,,0
W1988227881,Cluster Headache Attacks Treated for Up Three Months with Subcutaneous Sumatriptan (6 mg),"In the first three months of a 24-month open study to assess the safety and efficacy of subcutaneous sumatriptan 6 mg in the long-term acute treatment of cluster headache, 138 patients treated a maximum of two attacks daily each with a single 6 mg injection. A total of 6353 attacks were treated. Adverse events, reported in 28% of sumatriptan-treated attacks, were qualitatively similar to those seen in migraine long-term trials. Their incidence did not increase with frequent use of sumatriptan. There were no clinically significant treatment effects on vital signs, ECG recordings or laboratory parameters. Headache relief (a reduction from very severe, severe or moderate pain to mild or no pain) at 15 min was obtained for a median of 96% of attacks treated. There was no indication of tachyphylaxis, decrease in the speed of response, or increased frequency of attacks with long-term treatment. This study demonstrated that, in long-term use, subcutaneous sumatriptan 6 mg is a well-tolerated and effective acute treatment for cluster headache.",0
W2143800131,The effectiveness of combined oral lysine acetylsalicylate and metoclopramide compared with oral sumatriptan for migraine,,0
W2037009418,Histamine induces migraine via the H1-receptor. Support for the NO hypothesis of migraine,"In primates, histamine activates cerebral endothelial H1-receptors leading to formation of nitric oxide (NO). Twenty migraine patients received pretreatment with placebo or the histamine-H1-receptor antagonist, mepyramine, in a randomized, double blind fashion, followed in both groups by i.v. histamine (0.5 microgram kg-1 min-1 for 20 min). Headache characteristics were subsequently observed for 12 h. In patients given placebo histamine caused immediate headache during the infusion followed by a delayed migraine attack fulfilling IHS criteria for migraine without aura. The temporal profile of induced headache was exactly the same as after glyceryl trinitrate. Mepyramine pretreatment abolished both immediate headache and delayed migraine attacks. Our results suggest that a migraine attack can be caused by NO formation in the endothelium of cerebral arteries.",0
W1974970907,"The 21st meeting of the british inflammation research society, “inflammatory pain”, King's College, London 19th December, 1994",,0
W1989871310,Brain stem activation in spontaneous human migraine attacks,,0
W2017432789,Experimental Headache in Humans,"The need for valid human experimental models of headache is obvious. Several compounds have been proposed as headache-inducing agents, but only the nitroglycerin (NTG) model has been validated. In healthy subjects, intravenous infusions of the nitric oxide (NO) donor NTG induce a dose-dependent headache and dilatation of the temporal, radial and middle cerebral artery. NTG-induced headache, although less intense, resembles migraine in pain characteristics, but the accompanying symptoms are rarely present. Cephalic large arteries are dilated during migraine headache as well as during NTG headache. N-acetylcysteine enhances the formation of NO and potentiates NTG-induced headache, whereas mepyramine, a H1-antagonist capable of blocking histamine-induced headache, has no effect. Thus, the headache is dependent on NO or other steps in the NO cascade. The model is useful for pharmacological interventions and sumatriptan reduced the NTG-induced headache. The NTG model may be a valuable tool in the development of future migraine drugs.",0
W2130178038,Assessment of Peripheral Vascular Effects of Antimigraine Drugs in Humans,"The vascular beds of the forearm and finger can be used to study the peripheral effects of antimigraine drugs under normal and pathologic circumstances. We have investigated the novel antimigraine drug sumatriptan, a selective agonist for 5HT1 receptors. Its antimigraine effect may be attributed, at least in part, to constriction of cranial arteriovenous anastomoses (AVAs). In assessing the peripheral vascular effects of sumatriptan we used a forearm and finger blood flow model. Forearm blood flow (FBF) is mainly determined by resistance vessels, whereas finger blood flow (FiBF) mainly involves skin vessels, which contain many AVAs. Changes in FBF and FiBF can be assessed using venous occlusion plethysmography. Changes in AVA flow are determined by measuring the patency of the vascular beds of the forearm and hand to well-defined radiolabelled microspheres, which are injected into the brachial artery. We report the effects of sumatriptan on FBF, FiBF and AVA flow when administered into the brachial artery of healthy volunteers, and discuss the peripheral vascular effects of therapeutic doses of sumatriptan when given subcutaneously in migraine patients during and between attacks.",0
W140232390,Efficacy and tolerability of oral sumatriptan in the treatment of acute migraine.,"An open prospective study of the efficacy and tolerability of oral sumatriptan in the treatment of acute migraine attacks at the Kenyatta National Hospital, Nairobi, Kenya, is presented. Thirty two patients were initially recruited and 24 completed the trial giving a drop-out rate of 25%. The age range was 17 to 55 years with a mean of 35 years. Sumatriptan was found to be effective in 22 (92%) out of 24 patients. Side effects occurred in 38% (9/24) patients. These were mild and transient and included nausea, vomiting, numbness of limbs, fever and a feeling of heat in the head. It is concluded that oral sumatriptan is an effective drug in the treatment of acute migraine headaches. It has few side effects and is well tolerated by majority of patients.",0
W2011182769,Health‐Related Quality of Life in Headache Research,,0
W2410084540,High Efficacy and Low Frequency of Headache Recurrence after Oral Sumatriptan,"This multicentre, double-blind study compared (100 mg) sumatriptan administered orally with placebo in treating an acute attack of migraine; 238 patients were studied over a 48-h period. Four hours after treatment, 92 of the 142 evaluable sumatriptan patients (65%) showed significant reductions (P < 0.001) in headache severity, clinical disability and accompanying symptoms compared with 32 of the 80 evaluable placebo-treated patients (40%). The duration of attack prior to taking medication and the history of persistent migraine do not influence the observed difference between the two treatment regimens (sumatriptan and placebo), which remained statistically significant (P < 0.001) in both cases. The incidence of headache recurrence in patients who experienced relief 4 h after initial treatment was low, occurring in 16 (17%) and 4 (13%) of the sumatriptan- and placebo-treated patients, respectively. Only patients with a history of migraine attacks lasting longer than 24 h suffered headache recurrences, and these recurrences were not consistent with the International Headache Society definition of migraine. Treatment with sumatriptan was well tolerated.",0
W2076772808,"Comparison of the economic, clinical, and humanistic attributes of dihydroergotamine and sumatriptan",,0
W2150491578,Validation of a New Quality of Life Questionnaire for Acute Migraine Headache,"A brief migraine-specific quality of life questionnaire was developed to assess the quality of life decrement associated with an acute migraine attack in the 24-hour period following headache onset. The migraine quality of life questionnaire has 15 questions across five domains (work functioning, social functioning, energy, concerns, and symptoms). A prospective, observational study was conducted to evaluate the characteristics of internal consistency, construct and discriminant validity, and responsiveness of the migraine quality of life questionnaire. One hundred thirty-eight subjects with migraine were recruited. One hundred seven subjects completed a baseline and a 24-hour postmigraine quality of life questionnaire, along with a migraine diary for recording headache severity, activity limitation, associated symptoms, duration of headache, and use of migraine medication. All five migraine quality of life questionnaire domains showed good internal consistency (Cronbach's alpha, 0.74-0.95). The strongest correlations were seen between activity limitation and associated symptoms and the migraine quality of life questionnaire work, social, and energy domains. Significant differences in mean questionnaire scores between subjects were found with frequency of medication use, global change in symptoms, headache duration, and severity. All five domains showed significant responses within subjects from a migraine-free period to an acute migraine period (P < 0.0001). In summary, the migraine quality of life questionnaire showed good internal consistency, construct and discriminant validity, and responsiveness to acute migraine attacks.",0
W2397321843,Patient preferences for migraine therapy: subcutaneous sumatriptan compared with other medications.,"BACKGROUND: This study was conducted to identify, from the patient's perspective, the important attributes of a migraine therapy and to assess the performance of subcutaneous sumatriptan, aspirin, acetaminophen, and patients' usual therapies with respect to these attributes. METHODS: Six hundred forty-eight patients who had received subcutaneous sumatriptan (one or two doses, 6 mg per dose, for a single migraine episode) or placebo in a clinical trial completed questionnaires. RESULTS: According to patients, the four most important attributes of a migraine therapy are ""how well it works,"" ""how safe it is,"" ""how fast it works,"" and ""side effects."" The least important attribute is ""cost of drug."" Subcutaneous sumatriptan received significantly more favorable scores than did aspirin, acetaminophen, or patients' usual therapies with respect to the attributes of how well it works, how fast it works, and number of doses needed to relieve pain. Subcutaneous sumatriptan was also rated more favorably than either aspirin or patients' usual therapies with respect to side effects. Acetaminophen and aspirin were rated significantly more favorably than subcutaneous sumatriptan on the attributes ""easy to take"" and ""easy to buy."" Asked which drug they would use again for migraine, more patients selected subcutaneous sumatriptan than any other single medication. More patients also ranked subcutaneous sumatriptan as the best overall performer compared with other migraine medications taken in the last 12 months. CONCLUSIONS: These data indicate that according to patients' preferences, subcutaneous sumatriptan possesses many of the attributes of an ideal migraine therapy.",0
W2080347891,"The effects of oral sumatriptan, a 5‐HT1 receptor agonist, on circulating ACTH and cortisol concentrations in man.","1. The effects of oral sumatriptan (50, 100 and 200 mg), a 5-HT1 receptor agonist, and placebo, on circulating adrenocorticotrophic hormone (ACTH) and cortisol concentrations were determined over 24 h after dosing, in 26 healthy male subjects. ACTH was measured by immunoradiometric assay and cortisol by radioimmunoassay. 2. After sumatriptan all subjects displayed a normal diurnal rhythm for circulating ACTH and cortisol compared with placebo. 3. There was a reduction in the trough circulating ACTH concentration over 0-4 h which was 18% with 100 mg (P = 0.002), and 25% with 200 mg (P < 0.001). The 5 h, post-prandial, peak ACTH concentration was reduced by 21% with 100 mg (P = 0.018) and by 20% with 200 mg (P = 0.024). The weighted mean ACTH over 24 h was reduced by 8% with 100 mg (P = 0.029) and by 8% with 200 mg (P = 0.018). The nadir concentration of ACTH over the 24 h and the ACTH concentration 24 h after sumatriptan were not, however, significantly reduced. All results are compared with placebo. 4. There was a reduction in the trough circulating cortisol concentration over 0-4 h which was 15% with 50 mg (P = 0.015), 14% with 100 mg (P = 0.022) and 24% with 200 mg (P < 0.001). The 5 h, post-prandial, peak cortisol concentration was reduced by 16% with 100 mg (P = 0.012) and by 15% with 200 mg (P = 0.017).(ABSTRACT TRUNCATED AT 250 WORDS)",0
W2040746084,Oral sumatriptan in preventing headache recurrence after treatment of migraine attacks with subcutaneous sumatriptan,"Headache recurrence (HR) may occur within 24 hours in approximately 40% of migraine attacks initially treated successfully with 6 mg subcutaneous (SC) sumatriptan. This may be due to the short plasma half-life of sumatriptan. We studied whether an additional dose of 100 mg oral sumatriptan 4 hours after treatment of a migraine attack with 6 mg SC sumatriptan could prevent HR. Patients (n = 667) treated up to three migraine attacks in a randomized, double-blind, placebo-controlled, parallel-group, multicenter clinical trial. For each attack, they initially took open-label 6 mg SC sumatriptan by autoinjector. Four hours later all patients took either 100 mg oral sumatriptan or matched placebo. Patients could take an additional optional oral dose of 100 mg sumatriptan to treat HR. The primary efficacy end point was the number of successfully treated patients without HR within 24 hours after the initial SC injection for the first study attack. Two hundred twenty-five patients were not assessable for HR, mainly because of protocol violations. Of 442 assessable patients, 82/212 in the sumatriptan-treated group (39%) and 89/230 in the placebo-treated group (39%) reported HR in attack 1. Median times to recurrence were 15.6 hours after sumatriptan and 10.3 hours after placebo (p = 0.006). One hundred mg oral sumatriptan taken 4 hours after 6 mg SC sumatriptan does not prevent HR but significantly delays time to recurrence.",0
W2004283444,Lack of Pharmacokinetic Interaction Between Butorphanol Tartrate Nasal Spray and Sumatriptan Succinate,"The pharmacokinetics of butorphanol tartrate given in a nasal spray with and without the co-administration of sumatriptan succinate were studied in 24 healthy men and women. In this crossover design study, all subjects received 2 treatments: a single 1-mg dose of butorphanol nasal spray and a 1-mg dose of butorphanol nasal spray plus a single 6-mg subcutaneous (SC) dose of sumatriptan. There was a two-week washout period between sessions. Serial blood samples were collected and plasma samples analyzed using validated radioimmunoassay and high-performance liquid chromatography/electrochemical procedures to determine the concentrations of unchanged butorphanol and sumatriptan, respectively. There were no statistically significant differences for butorphanol between the 2 treatments on any of the following pharmacokinetic parameters: Cmax, tmax, AUC, t1/2, CL/f, and Vz/f. Similarly, the pharmacokinetic parameters obtained for sumatriptan (given with butorphanol nasal spray) were comparable with the literature values obtained for a single 6-mg SC dose of sumatriptan. These data show a lack of pharmacokinetic interaction between butorphanol nasal spray and sumatriptan. Butorphanol nasal spray and sumatriptan were well tolerated. The adverse experience profiles of butorphanol nasal spray were comparable between the treatments, with and without sumatriptan. It can be concluded that regimens of butorphanol nasal spray and sumatriptan need not be changed for either pharmacokinetic or safety considerations when the two compounds are co-administered in treating acute migraine attacks.",0
W2412103510,"[Sumatriptan treatment of migraine in general practice. A randomized, double-blind, placebo-controlled cross-over study].","Two hundred and thirty migraineurs diagnosed by their general practitioners in accordance with their usual practice were included. The patients treated two migraine attacks at home by subcutaneous injection of sumatriptan or placebo and the alternative medication for the second attack (cross-over). When sumatriptan was compared to placebo, significantly more of the 209 evaluable patients reported headache relief at one hour (56% v 8%, p < 0.001) and two hours (62% v 15%, p < 0.001) after the first injection. Resolution of nausea, photophobia and phonophobia was significantly more common in patients on sumatriptan than on placebo (p < 0.001 for all comparisons). The adverse events were usually transient and of mild or moderate severity, although, three patients withdrew due to adverse events. Ninety-five percent of patients evaluated by a neurological research fellow met the International Headache Society's criteria for migraine. In general practice, sumatriptan taken subcutaneously using an autoinjector at home was an effective and well tolerated acute treatment for migraine.",0
W149861875,Upregulated expression of peripheral serotonergic receptors in migraine and cluster headache by sumatriptan.,"The double-label flow cytometric analysis of peripheral serotonergic pathways of migraine and cluster headache on a monocyte model has been used to evaluate the activity of drugs with a selective activity on central vascular 5-HT1D receptors, such as sumatriptan, ergotamine and ondansetron. The results indicated that sumatriptan and ergotamine progressively increase the peripheral expression of 5-HT (5-hydroxytryptamine, serotonin). The increase obtained in migraine after ergotamine is more evident than that obtained in cases of cluster headache. Ondansetron produced a moderate increase in serotonergic expression only in cluster headache. The events that occur at intracranic neural and vascular level may cause the described changes of 5-HT expression on the monocyte model as an indirect, reflective, peripheral registration of central serotonergic variations during headache attack as well as during the drug-sustained recovery phase.",0
W2419117137,"A literature review comparing the economic, clinical, and humanistic attributes of dihydroergotamine and sumatriptan.","The value of different pharmaceuticals in treating migraine is frequently based on clinical efficacy only. This article assumes a broader perspective and compares the clinical, economic, and humanistic attributes of two antimigraine medications, dihydroergotamine (DHE) and sumatriptan, based on a literature review. DHE is an established product with over 40 years of use in the treatment of migraine. Sumatriptan is a new product with a higher acquisition cost than DHE. Because sumatriptan costs more than DHE, the question must be asked. ""Does sumatriptan provide advantages that offset this price differential?"" This question reflects the growing concern among payers and patients over the cost and effectiveness of therapies. However, it is not easily answered. Direct comparative data are not available, and data sources are different for the two products. Moreover, the products are currently marketed in different dosage forms--intramuscular for DHE and subcutaneous for sumatriptan. The literature reviewed indicates that the clinical attributes of the two products are similar, with each having slightly different advantages and disadvantages. However, the DHE literature is generally limited to uncontrolled studies, whereas the sumatriptan literature reports the results of rigorously designed, randomized, double-blind, placebo-controlled clinical trials. Published data on the products' economic and humanistic attributes are limited. We concluded that the literature does provide important, albeit limited, data on the economic, clinical, and humanistic attributes of DHE and sumatriptan that permit restricted comparisons. The limitations of the data highlight the need for comparative studies of these products' multidimensional attributes both in controlled clinical trials and under actual practice conditions.",0
W2055316917,Subcutaneous Sumatriptan for Treatment of Acute Migraine in Patients Admitted to the Emergency Department: A Multicenter Study,,0
W2415267686,Sumatriptan: A Clinical Standard?,,0
W2104970199,Pharmacokinetic Considerations in Gastrointestinal Motor Disorders,,0
W1966386441,SUNCT Syndrome: Trials of Drugs and Anesthetic Blockades,"Nine patients with the SUNCT syndrome (Spanish and Norwegian patients) have, over many years, been given several drugs effective in the cluster headache syndrome, trigeminal neuralgia, and other headaches, as well as drugs not previously used in headache. Various cranial nerves were also anesthetized in an endeavor to ameliorate the suffering of those patients. Although a partial effect was obtained with carbamazepine and corticosteroids in some patients, none of the drugs or anesthetic blockades had consistent, lasting, complete effect on headache paroxysms in SUNCT. The essentially negative outcome of this study aids in further characterizing SUNCT as a separate disorder, and, above all, in distinguishing it from trigeminal neuralgia and the cluster headache syndrome.",0
W2159224816,In the Pipeline: A Wave of Valuable Medical Technology,"Prologue: Americans have long been fascinated with high-technology medicine. This is reflected in our taste for science fiction as well as in our appetite for health services and our growing medical costs. In this paper William Schwartz hints at some of the promising new technologies that are in the development pipeline—technologies that will make such advances to date pale by comparison, he asserts. The most exciting of these have to do with molecular and cell biology, which open the door to treating the causes and origins of disease, not simply the consequences. Schwartz believes that in the short term (over the next five to ten years) such technologies are likely to add to the cost of health care. In the longer term, however, costs may go down as a result of technologies now in development, which could bring about less expensive treatments or even cures for maladies that are now very expensive to treat. Schwartz, a physician, has had a long and distinguished career in medicine, academic medicine, and health services research and economics. He received his medical degree from Duke University. Previously he served as chief of the Division of Nephrology at New England Medical Center, and was physician-in-chief there for several years. He has held two endowed chairs in medicine at Tufts University and now is Distinguished Physician of the Department of Veterans Affairs and professor of medicine at the University of Southern California. Schwartz served as principal adviser to the RAND Health Services Program for more than a decade. He has participated in the activities of the National Institutes of Health and was president of the American Society of Nephrology. He is an elected member of the National Academy of Sciences' Institute of Medicine, and has published frequently in Health Affairs and a wide variety of medical and health economics journals. Abstract: Technologic change has proceeded at a rapid pace during the past twenty years, and advances that are even more remarkable are in sight over the next decade. These changes will be driven largely by advances in molecular and cell biology, imaging techniques, and tissue engineering. Therapies directed toward causes rather than consequences of disease could conceivably produce inexpensive cures and thus slow the rise in medical costs. A more likely scenario envisions a continued rise in costs as advances in technology produce many expensive interventions that extend life but are not curative.",0
W2047413724,Intranasal Lidocaine for Cluster Headache,"Thirty male patients with cluster headache were given 4% lidocaine solution to use intranasally as an abortive therapy. Four sprays of lidocaine were used ipsilateral to the pain, and two more were used, if necessary. Twenty-seven percent of the men reported moderate relief, 27% obtained mild relief, and 46% stated that they had no relief from the lidocaine, Side effects were minimal. In this study, intranasal lidocaine was only a marginally helpful therapy for cluster headache. However, because of the ease of administration and lack of side effects, lidocaine may remain worthwhile as an adjunctive medication.",0
W2090820748,Single dose pharmacokinetics of sumatriptan in healthy volunteers,,0
W2400255861,Case in Point,,0
W2035217928,The use of sumatriptan in patients on monoamine oxidase inhibitors,,0
W2017566753,Neuropeptides in Migraine and Cluster Headache,"The cerebral circulation is invested by a rich network of neuropeptide Y (NPY) and noradrenaline containing sympathetic nerve fibers in arteries, arterioles and veins. However, the nerve supply of vasoactive intestinal peptide (VIP), substance P (SP) and calcitonin gene-related peptide (CGRP) containing fibers is sparse. While noradrenaline and NPY cause vasoconstriction, VIP, SP and CGRP are potent vasodilators. Stimulation of the trigeminal ganglion in cat and man elicits release of SP and CGRP. Subjects with spontaneous attacks of migraine show release of CGRP in parallel with headache. Cluster headache patients have release of CGRP and VIP during bouts. Treatment with sumatriptan aborts headache in migraine and cluster headache as well as the concomitant peptide release.",0
W2083616292,"Oral Sumatriptan: Effect of a Second Dose, and Incidence and Treatment of Headache Recurrences","Oral sumatriptan in a dose of 100 mg aborts about 60% of migraine attacks within 2 h, but the headache may recur within 24 h. We investigated: (i) the incidence of headache recurrence after oral sumatriptan (ii) whether a second tablet of sumatriptan at 2 h increases initial efficacy and/or (iii) prevents headache recurrence and (iv) whether a further tablet of sumatriptan treats headache recurrence. In a randomized parallel-group clinical trial, 1246 patients treated one to three migraine attacks (with or without aura), with 100 mg oral sumatriptan. Two hours later they all took a double-blind randomized second table of sumatriptan (group I) or placebo (group II). Patients who initially improved, but then experienced headache recurrence took a further double-blind randomized tablet of sumatriptan or placebo. Proportions of patients who improved from moderate/severe headache to mild/none were similar in groups I and III at 2 h (55 vs 56%) and 4 h (80 vs 77%). Incidences of headache recurrence (moderate/severe-any grade of headache) and median times to headache recurrence were also similar: 22-32% at 16 h in group I and 25-33% at 16.5 h in group II. Sumatriptan was superior to placebo in treating headache recurrence: 74 vs 49% (p = 0.017) in group I and 70 vs 30% (p = 0.0001) in group II. Thus, one-fourth of patients experience headache recurrence at about 16 h after successful treatment of a migraine attack with 100 mg oral sumatriptan. A second tablet of sumatriptan at 2 h does not increase initial efficacy and neither prevents nor delays headache recurrence.(ABSTRACT TRUNCATED AT 250 WORDS)",0
W2088803061,Ergotamine-Induced Headache can be Sustained by Sumatriptan Daily Intake,We describe the case report of a migraine sufferer who developed ergotamine-induced headache and subsequently replaced ergotamine with daily sumatriptan (100 mg p.o.). The features of the headache were unchanged except for the presence of superimposed migraine-like headaches that occurred every 24 h.,0
W1998380789,The Clinical Profile of Sumatriptan: Efficacy in Migraine,"The efficacy of the 5-HT1 receptor agonist sumatriptan in the acute treatment of migraine has been investigated in an extensive programme of controlled clinical trials. Sumatriptan provided rapid relief from migraine headache with onset of relief occurring within 10 min of a 6 mg subcutaneous injection and within 30 min of a 100 mg oral dose. Maximum benefit was observed by 2 h after the injection and 4 h after the oral dose. Sumatriptan also significantly decreased the incidence of associated migraine symptoms (nausea, photophobia, phonophobia) and the need for rescue medication. Sumatriptan was an effective treatment for migraine with and without aura and when used at any time during the attack. Oral sumatriptan 100 mg provided significantly greater pain relief and had a more rapid onset of action than two commonly used acute treatments for migraine. Efficacy is maintained in long-term use, with no evidence of tachyphylaxis or dependence. Sumatriptan, whether given subcutaneously or orally, is an effective long-term acute treatment for migraine.",0
W2089217279,The Clinical Profile of Sumatriptan: Cluster Headache,"Cluster headache is a rare form of severe idiopathic headache characterized by unilateral short-lasting episodes of excruciating pain in association with autonomic disturbances. Subcutaneous sumatriptan has been investigated as an acute treatment for cluster headache in two randomized, double-blind, placebo-controlled, crossover trials. About 75% of patients given subcutaneous sumatriptan 6 mg reported headache relief within 15 min, in comparison with 26-35% given placebo (p < 0.001 in both studies). The need for rescue medication (100% oxygen by inhalation) at 15 min was significantly lower after sumatriptan treatment as were the severity of functional disability and incidence of non-headache symptoms. Results of a long-term study indicate that the tolerability and efficacy of sumatriptan 6 mg is maintained in long-term use, and that there is no evidence of tachyphylaxis.",0
W1978060667,Sumatriptan in Acute Migraine Using a Novel Cartridge System Self‐Injector,"This double-blind, randomized, placebo-controlled, parallel-group, multicenter study assessed the efficacy, acceptability, safety, and tolerability of subcutaneous sumatriptan 6 mg administered using a novel cartridge system self-injector for the acute treatment of migraine. Eighty-six patients treated one migraine attack at home with sumatriptan or placebo. A second identical injection was available after 1 hour for inadequate relief or if the headache recurred. Rescue medication was available 1 hour later. The primary end point was headache relief (improvement in headache from moderate or severe to mild or no pain) within 60 minutes of the first injection. Secondary end points included the acceptability of the self-injector, requirement for and efficacy of a second dose, relief of nonheadache symptoms, use of rescue medication, and adverse events. Significantly more patients taking sumatriptan than placebo reported headache relief 1 hour after the first injection (88% vs 11%, P < 0.001). The device was well accepted by patients; about 90% found it easy to use and wanted to take further medication using it. Significantly fewer patients taking sumatriptan than placebo required a second injection (33% vs 92%, P < 0.001) or rescue medication after the second injection (35% vs 67% P < 0.05). Significantly more patients taking sumatriptan than placebo reported headache relief after the second injection (83% vs 32%, P < 0.01), and resolution of nonheadache migraine symptoms (54% vs 23%, P < 0.01). Sumatriptan was generally well tolerated. Subcutaneous sumatriptan 6 mg self-administered using the novel self-injector is an effective, well accepted, and well tolerated acute treatment of migraine.",0
W2026120920,Treatment of Juvenile Migraine with Subcutaneous Sumatriptan,"An open, prospective study was undertaken to assess the efficacy and safety of subcutaneous sumatriptan in 17 children, ages 6 to 16 years, with severe, recurrent migraine. A 6-mg dose was used in 15 patients and relieved headache within 1 hour in six and by 2 hours in five others. Two smaller children received a 3-mg dose and both were headache-free within 2 hours. Most also reported marked improvement in associated symptoms such as nausea and photophobia. Four subjects had no clinical improvement after a 6-mg dose. Side effects, such as neck pressure, were brief and mild. These findings suggest that subcutaneous sumatriptan can be both effective and safe as an abortive agent in juvenile migraine, but the appropriate dose in smaller children will need further investigation.",0
W2040118723,Alleviation of Migraines with Therapeutic Vitamin D and Calcium,Two postmenopausal migraineurs who developed frequent and excruciating migraine headaches (one following estrogen replacement therapy and the other following a stroke) were treated with combination vitamin D and calcium. Therapeutic replacement with vitamin D and calcium resulted in a dramatic reduction in the frequency and duration of their migraine headaches.,0
W2022568454,Cerebral Blood Flow During Migraine Attacks Without Aura and Effect of Sumatriptan,"OBJECTIVE: To study regional cerebral blood flow (rCBF) during migraine attacks without aura and after treatment with sumatriptan. DESIGN AND INTERVENTION: We performed three technetium Tc99m hexemethyl-propyleneamineoxime single photon emission computed tomography scanning procedures in patients with migraine who participated in a double-blind, placebo-controlled, randomized clinical trial (1) outside an attack, (2) during an attack, and (3) after treatment of the attack with 6 mg of subcutaneous sumatriptan. SETTING: University hospital. PATIENTS: We studied 20 patients with migraine without aura, 15 of whom were evaluated under all three conditions and five of whom were evaluated under only two conditions. OUTCOME MEASURES: The single photon emission computed tomographic images were evaluated semiquantitatively with regard to (1) the degree of asymmetry of the rCBF between the headache side and the nonheadache side and (2) the ratio of the rCBF in regions of interest to the rCBF in two reference areas (cerebellum or frontal cortex). RESULTS: We found no significant rCBF asymmetries outside or during the attack or after treatment with sumatriptan, and there were no significant changes of the rCBF ratios during the attack (compared with outside the attack) or after treatment of the attack (compared with during the attack). CONCLUSION: Migraine attacks without aura and treatment of the attacks with 6 mg of subcutaneous sumatriptan are not associated with detectable focal changes of the rCBF.",0
W2077625383,Sumatriptan Clinical Pharmacokinetics,,0
W2086510848,Neuroendocrine effects of sumatriptan,,0
W1999575658,Emergency pain management: A Canadian Association of emergency Physicians (CAEP) consensus document,,0
W2061569437,Measuring the Functional Status and Well‐Being of Patients with Migraine Headache,"OBJECTIVE: Compare adult migraineurs' health related quality of life to adults in the general U.S. population reporting no chronic conditions, and to samples of patients with other chronic conditions. METHODS: Subjects (n = 845) were surveyed 2-6 months after participation in a placebo-controlled clinical trial and asked to complete a questionnaire including the SF-36 Health Survey, a migraine severity measurement scale and demographics. Results were adjusted for severity of illness and comorbidities. Scores were compared with responses to the same survey by the U.S. sample and by patients with other chronic conditions. RESULTS: Response rate was 67%. After adjustment for comorbid conditions, SF-36 scale scores were significantly (P 0.001) lower in migraineurs, relative to age and sex-adjusted norms for the U.S. sample with no chronic conditions. Some health dimensions were more affected by migraine than other chronic conditions, while other dimensions were less affected by migraine. Measures of bodily pain, role disability due to physical health and social functioning discriminated best between migraineurs, the U.S. sample, and patients with other chronic conditions. Patients reporting moderate, severe and very severe migraines scored significantly (P < or = 0.001) lower on five of the eight SF-36 scales than the U.S. sample. CONCLUSIONS: Migraine has a unique, significant quality of life burden.",0
W2144072224,Abortive Migraine Therapy in the Office with Dexamethasone and Prochlorperazine,"Corticosteroids are commonly used in the abortive therapy of status migrainosus. However, this practice is based more on clinical experience than on published data. At my office, over a period of two years, 108 patients (156 migraine episodes) were treated with intravenous dexamethasone. Most of these patients had prolonged migraines that had resisted other forms of abortive therapy. The first 22 patients (32 migraine episodes) were given 10 mg of dexamethasone over 5 minutes, the next 39 patients (55 migraine episodes) were given 20 mg over 10 minutes, and the last 47 patients (69 migraine episodes) were given 3.5 mg of prochlorperazine over 5 minutes followed by 20 mg of dexamethasone over 10 minutes. Adverse effects were minor and patients with episodic migraines responded more favorably than those with intractable migraines. In the episodic migraine groups, response rates ranged from 80-89%, relapse rates from 29-35%, and remission rates from 57-83%. After the intravenous injections, repetitive oral abortive therapy was often required to treat relapses and secure remission. Adding 3.5 mg of prochlorperazine to 20 mg of intravenous dexamethasone significantly shortened the response time.",0
W1997717056,Peripheral and Central Trigeminovascular Activation in Cat is Blocked by the Serotonin (5HT)‐I D Receptor Agonist 311C90,"SYNOPSIS Migraine headache involves the activation of trigeminal afterents that are predominantly found in the first or ophthalmic division of the nerve. The headache is often pounding and the connections of the trigeminal nerve, the trigeminovascular system, have therefore been implicated in the pathophysiology of migraine and studied extensively. Considerable attention has been given to the peripheral ramifications of the system as a possible locus of action for anti‐migraine drugs while little attention has been focused upon possible central sites of action. It has been shown that certain peptides can act as markers for the trigeminal system, in particular calcitonin gene‐related peptide (CGRP), and that CGRP is elevated in migraine. We have employed an animal model for activation of the trigeminovascular system to evaluate a new anti‐migraine compound, 311C90, that may have central and as well as peripheral trigeminal actions. Cats were anesthetized by halothane induction and alpha‐chloralose maintenance (60 mg/kg, intraperitoneal), intubated, paralyzed and ventilated. Biparietal craniotomies were carried out to measure cerebral blood flow using laser Doppler flowmetry (CBF LDF ). The external jugular vein was cannulated and blood drawn, centrifuged and frozen until processing. Stimulation of the trigeminal ganglion resulted in a mean maximum increase in CBF LDF Of 39 ± 5% at 20/s. The 5HT 1 agonist 311C90 was administered intravenously in two doses (30 and 100 μg/kg) to cover the range of doses likely to be effective clinically. At each dose the CBF LDF effect of trigeminal ganglion stimulation was inhibited. Stimulation of the trigeminal ganglion led to increases in both calcitonin gene‐related peptide and vasoactive intestinal polypeptide (VIP) levels in the external jugular vein. These were both attenuated markedly by administration of 311C90 in a dose of 100 μg/kg. No change in either neuropeptide Y or ß‐endorphin were seen during the study. These data demonstrate that trigeminal ganglion stimulation results in a brisk change in CBF LDF that can be modulated by 311C90. Furthermore the inhibition of VIP release indicates an action of the drug at the synapse in the trigeminal nucleus caudalis suggesting that this central site may have important advantages for the action of 311C90 in migraine.",0
W2042173017,Is chest pain after sumatriptan oesophageal in origin?,,0
W2083330259,Subcutaneous sumatriptan during the migraine aura,"This double-blind, placebo-controlled, multicenter, parallel-group study assessed whether subcutaneous sumatriptan administered during the migraine aura would prolong or modify the aura and prevent or delay development of the headache. One hundred seventy-one patients (88 receiving 6 mg sumatriptan, 83 receiving placebo) treated a single attack of migraine with typical aura at home, by self-injection. The median duration of aura following the first injection was 25 minutes for the sumatriptan group and 30 minutes for the placebo group (NS). The aura symptom profile was similar for the two treatment groups. The proportion of patients who developed a moderate or severe headache within 6 hours after dose administration was similar in the two groups--68% among those receiving sumatriptan and 75% among those receiving placebo (NS). Sumatriptan given during the aura did not prolong or alter the nature of the migraine aura and did not prevent or significantly delay headache development.",0
W2153853866,International Union of Pharmacology classification of receptors for 5-hydroxytryptamine (Serotonin).,,0
W2024889467,A Randomized Double-Blind Placebo-Controlled Crossover Study of Subcutaneous Sumatriptan in General Practice,"OBJECTIVE: To evaluate the therapeutic response to sumatriptan in the acute migraine attack, MATERIAL AND METHODS: Two hundred and thirty migraineurs diagnosed by their general practitioners in accordance with their usual practice were included in the study. The patients treated two migraine attacks at home by subcutaneous injection of sumatriptan or placebo for the first attack and the alternative medication, i.e. placebo or sumatriptan, for the second attack (crossover). Following treatment, a neurology resident interviewed and examined the patients. RESULTS: When sumatriptan was compared to placebo, significantly more of the 209 evaluable patients reported headache relief at 1 h (56% vs 8%, p < 0.001) and 2 h (62% vs 15%, p < 0.001) after the first injection. Resolution of nausea, photophobia, and phonophobia was significantly more common in patients on sumatriptan than in those on placebo (p < 0.001 for all comparisons). The adverse events were usually transient and of mild or moderate severity; however, three patients withdrew due to adverse events. Ninety-five percent of patients evaluated by a neurology resident met the IHS criteria for migraine. CONCLUSION: In general practice, sumatriptan taken subcutaneously using an autoinjector at home was an effective and well tolerated acute treatment for migraine.",0
W2092603115,Combined Oral Lysine Acetylsalicylate and Metoclopramide in the Acute Treatment of Migraine: A Multicentre Double-Blind Placebo-Controlled Study,"This multicentre, double-blind, randomized, placebo-controlled, parallel study was designed to evaluate the efficacy of combined oral lysine acetylsalicylate and metoclopramide (LAS-MCP) in the acute treatment of migraine attacks. A total of 266 patients, 18-65 years old, with two to six attacks of migraine with or without aura (IHS criteria) per month were included. The patients had to treat two migraine attacks with LAS-MCP (1620 mg lysine acetylsalicylate--the equivalent of 900 mg aspirin--combined with 10 mg metoclopramide) or placebo. The main outcome measure was headache relief (reduction in headache severity from grade 3 or 2--severe or moderate--to grade 1 or 0--mild or none) 2 h after treatment. LAS-MCP was superior to placebo for headache relief (56% vs 28%) and for the following secondary outcome measures: complete headache relief (18% vs 7%; p < 0.001), nausea (28% vs 44%; p < 0.001), vomiting (3% vs 11%; p = 0.001), use of rescue medication (47% vs 68%; p < 0.001), global efficacy judged as good or excellent (32% vs 14%; p < 0.001). The tolerability was considered as good in 94% of treated attacks in both groups. Combined oral lysine acetylsalicylate and metoclopramide is an effective and well-tolerated acute treatment of migraine attacks.",0
W1921510254,An Open Study of Self-Administration of Subcutaneous Sumatriptan to Treat Successive Attacks of Acute Migraine,"The efficacy and safety of single doses of 6 mg sumatriptan, self-administered subcutaneously by patients using an auto-injector, for the acute treatment of up to three successive attacks of migraine was investigated in a multicentre, open, uncontrolled study in which 178 patients were enrolled. At attack 1, there was an improvement in headache (from severe or moderate to mild or no headache) in 74% of patients at 1 h, and in 82% at 2 h. The incidence of symptoms associated with migraine was decreased after sumatriptan injection. Nausea, vomiting and photo/phonophobia were reported by 72, 54, and 85% of patients, respectively, before the injection to treat attack 1, but by only 22, 12 and 27%, respectively, 2 h after the injection. Migraine recurred within 24 h in 27% of patients, but in 89% of patients was effectively treated with a further dose of 6 mg sumatriptan. Results for attacks 2 and 3 were similar. About 40% of patients experienced at least one adverse event; most of these were mild or moderate in intensity and were transient. It is concluded that 6 mg sumatriptan, self-administered using an auto-injector, is an effective and well tolerated treatment for migraine. Sumatriptan was as effective at attack 3 as at attack 1, and there was no evidence of a change in the incidence or the nature of adverse events with successive uses of the drug.",0
W2038633449,Intranasal sumatriptan for the acute treatment of migraine,,0
W2011924030,"Intravenous versus rectal prochlorperazine in the treatment of benign vascular or tension headache: A randomized, prospective, double-blind trial",,0
W2046551008,Clinical Experiences From Sweden on the Use of Subcutaneously Administered Sumatriptan in Migraine and Cluster Headache,"This article reviews, from the practitioner's point of view, more than 1 year of clinical experience of the use of subcutaneously administered sumatriptan succinate in the short-term treatment of migraine and cluster headache with regard to advantages and disadvantages of the drug. In accordance with the results of clinical trials, subcutaneous sumatriptan, also in the practitioner's hands, was found to relieve migraine headaches and all other symptoms associated with migraine in most patients and within a reasonable period. Adverse events, however, are common and were perceived by about 70% of the patients. The most common adverse events were pressure/stiffness in the neck and throat (32%), general tiredness (22%), pressure/tightness over the chest (21%), injection site reactions (16%), and tingling sensations in the head and arms (14%). Headache recurrence within 24 hours is a clinical problem not only for the patient but also for the prescribing physician. About every second (53%) migraineur using subcutaneous sumatriptan reports headache recurrence. Headache recurrence appears to be effectively treated by a second injection. Pending valid information about effects, adverse events, headache recurrence, and how to handle the autoinjector, the compliance and tolerability of subcutaneous sumatriptan appear to be most satisfactory among eligible patients with migraine.",0
W2058900669,Oral sumatriptan in the treatment of recurrent headache,"BACKGROUND: Sumatriptan is effective for the treatment of acute migraine. However, headache may recur in about 30% of patients within 24 hours of successful treatment. OBJECTIVE: To evaluate the efficacy of oral sumatriptan, 100 mg, in the treatment of headache recurring within 24 hours of achieving headache resolution with subcutaneous sumatriptan, 6 mg. STUDY DESIGN: Subcutaneous sumatriptan was administered for up to 12 migraine attacks in a randomized, double-blind, parallel-group study. Patients whose headache was completely resolved 90 minutes after subcutaneous dosing received either oral sumatriptan or placebo at the onset of recurrent headache. Patients whose headache was not completely resolved were offered rescue medication, including sumatriptan. Patients rated headache severity for 24 hours. SETTING: Fifteen US outpatient clinics. MAIN OUTCOME MEASURE: Percentage of patients with relief of recurrent headache and adverse events. RESULTS: Approximately 90% of patients achieved relief of headache (severe or moderate headache reduced to mild or no headache) by 90 minutes after unblinded subcutaneous administration of sumatriptan. Efficacy rates were at least 80% regardless of whether the headache fulfilled the International Headache Society criteria for migraine. About 64% of patients achieved complete relief. Oral sumatriptan, 100 mg, relieved moderate or severe recurrent headache within 4 hours in up to 81% of patients. Oral sumatriptan administered as rescue medication to patients not headache-free did not relieve persistent headache. The incidence, pattern, and severity of adverse events after combined subcutaneous and oral administration of sumatriptan were similar to those after subcutaneous administration alone. CONCLUSIONS: Oral sumatriptan was consistently effective in the treatment of headache recurrence.",0
W2415317259,[Sumatriptan in the treatment of migraine in general practice].,"Approximately 5% of the adult Norwegian population suffer from migraine. Sumatriptan is a new anti-migraine drug which has been shown in clinical studies to be efficacious in up to 80% of attacks treated. These early clinical studies have all been carried out at specialist centres and the present study was planned to see if migraine patients treated by general practitioners would also benefit from this new therapy. This placebo controlled, randomized, double blind study was carried out by 50 general practitioners and two neurologists, and included 294 patients. A total of 1,485 migraine attacks were treated. The results show that Sumatriptan is equally efficacious and well tolerated when used to treat patients in general practice as at specialist clinics. Sumatriptan was efficacious in relieving pain and other migraine symptoms in 76% of the migraine attacks treated, while placebo had the desired effect in 29% of attacks.",0
W2056407283,The effects of sumatriptan on pituitary secretion in man,,0
W2066833581,Exteroceptive Suppression of Temporalis Muscle Activity During Migraine Attack and Migraine Interval Before and After Treatment with Sumatriptan,"We compared the early (ES1) and late (ES2) exteroceptive suppression (ES) periods of temporalis muscle activity in 18 migraine patients during both the migraine interval and migraine attack and investigated the effect of sumatriptan and placebo on ES parameters. The measurements were performed in a balanced sequence at four different times on each patient, twice during the migraine interval and once in each of two migraine attacks. First ES1 and ES2 were measured (stimulus intensity 20 mA, stimulus duration 0.2 ms, stimulation frequency 2 Hz, averaging of 10 responses), then the medication was given on a double-blind basis with an autoinjector using either 6 mg sumatriptan or a placebo solution. Thirty minutes after application the measurements were repeated. No significant differences were found in early and late exteroceptive suppression latencies and durations between baseline measurements. Treatment did not affect the latencies of ES1 and ES2. While sumatriptan caused a significant increase in ES1 duration (p < or = 0.05) both during the migraine interval and during the migraine attack, placebo showed no significant effect on ES1 duration. Treatment with sumatriptan during the migraine attack was accompanied by a significant increase in the duration of ES2 (p < or = 0.05), but no significant changes in the durations of the late suppression periods were observed under any other conditions. The results do not support the assumption that under the experimental conditions chosen migraine attacks are accompanied by a paroxysmal change in the brain-stem mechanisms involved in the modulation of the ES parameters.(ABSTRACT TRUNCATED AT 250 WORDS)",0
W2264390506,Healthcare Resource Use and Costs Associated with Migraine in a Managed Healthcare Setting,"OBJECTIVE: To compare healthcare use and associated costs in patients with migraine and patients without migraine headache. DESIGN: Retrospective review of a managed care organization's medical and pharmacy claims databases for claims filed between January 1, 1989 and June 30, 1990. PATIENTS: Patients between 18 and 64 years old with a 12-month minimum enrollment in the health plan, including enrollment for the prescription drug benefit. Migraine group (n = 1336) inclusion required a medical claim with the diagnosis of migraine headache and a pharmacy claim for a medication potentially used for migraine treatment. Comparison group (n = 1336) inclusion required at least one medical claim with no diagnosis of migraine; a pharmacy claim was not required. Comparison group patients were matched to migraine group patients by age, gender, enrollment status, and subscriber or dependent enrollment status. OUTCOME MEASURES: Total health services use, diagnosis-specific use of services, diagnostic procedures performed, comorbid conditions, medication use, and associated costs were tallied. RESULTS: Migraineurs generated nearly twice as many medical claims as comparison group patients, and nearly 2.5 times as many pharmacy claims. Number of claims generated and numbers of patients who generated claims within each of 19 diagnostic categories indicated greater comorbidity in the migraine group. Migraineurs used emergency services more than did patients in the comparison group. Total medical and pharmacy claims costs were $3.4 million for the migraine group and $2.1 million for the comparison group. The average amount paid per member-month of enrollment was significantly greater in the migraine group than in the comparison group. Comorbid conditions were responsible for a significant portion of costs in the migraine group. The migraine group incurred $83,537 for diagnostic procedures compared with $13,140 incurred by the comparison group. CONCLUSIONS: Patients with migraine had greater morbidity in general and incurred 64 percent greater costs in healthcare resource use compared with patients without migraine.",0
W2051835767,Treatment of the migraine attack,"Migraine is an episodic headache disorder that occurs with or without aura and is often accompanied by other symptoms. Treatment must address these associated symptoms as well as the headache, and it can involve either acute or preventive therapy alone or a combination of both. Acute therapy treats the individual attack; preventive therapy aims to reduce the frequency and severity of attacks. Drug choice requires careful consideration and depends on the character of the migraine attack. Acute drug therapy using sumatriptan, MK-462, 311C90, dihydroergotamine, nonsteroidal anti-inflammatory drugs, butorphanol, metoclopramide, and domperidone is discussed. Prophylactic drug therapy using valproate and fluoxetine is also discussed.",0
W2026975198,"The neuroendocrine effects of sumatriptan, a specific ligand for 5‐HT <sub>1</sub>‐like receptors","OBJECTIVE: A relationship between the serotoninergic and the opiatergic system in the pathogenesis of head pain is supported by several data. This study was carried out to investigate the neuroendocrine effects of sumatriptan, a specific serotonin agonist used in the treatment of migraine, on hypothalamic-pituitary-adrenal axis (PHA) hormones. DESIGN: Two consecutive studies were performed. In study A, eight subjects received a subcutaneous (s.c.) injection of sumatriptan (6 mg). In study B, a further six subjects were randomized to receive either sumatriptan or placebo. SUBJECTS: Healthy volunteers recruited within the staff (eight males and six females) were studied. MEASUREMENT: In study A, plasma cortisol and PRL were measured by direct RIA and beta-endorphin after extraction and chromatography. Samples were collected from 60 minutes before to 120 minutes after the administration of the drug, at 15-minute intervals. According to the data of the first study, in study B, in addition to cortisol and beta-endorphin, ACTH was also measured. RESULTS: Significant increases in the mean beta-endorphin and cortisol concentrations were found in every subject receiving sumatriptan, while no significant changes were observed in prolactin plasma levels. Study B confirmed the activation of the pituitary-adrenal axis, additionally demonstrating the release of ACTH, and indicated that placebo has no effects. CONCLUSION: Acute s.c. stimulation with sumatriptan activates the pituitary-adrenal axis.",0
W4300997663,Guidelines and recommendations for the treatment of migraine. Italian Society for the Study of Headache (SISC).,,0
W1981748818,Subcutaneous Sumatriptan in a Clinical Setting: The First 100 Consecutive Patients With Acute Migraine in a Tertiary Care Center,"The first 100 consecutive patients at our center receiving subcutaneous sumatriptan (6 mg) were evaluated over a total of 455 migraine attacks. Parameters included overall efficacy, average time to relief, recurrence rate, average time to recurrence, adverse events, comparison to previous abortive agents, and subjective global ratings. Overall efficacy (defined as headache severity reduction from severe or moderate to mild or none) was 84%. Average time to relief was 40 minutes. Nine percent failed to respond at all. Recurrence rate was 46.5% with 36% of patients having no recurrence. Fourteen percent of patients reported 100% recurrence (minimum 3 attacks; average 5.4 attacks). Time to recurrence varied widely, but averaged 9.1 hours. Eighty-one percent rated the drug better or much better than previous abortive medications in terms of sumatriptan's ability to abort the attack. Seventy-seven percent reported some adverse event (generally mild and transient) with 23% reporting no adverse events. Sixty-nine percent reported a global rating of Good to Excellent and 31% rated Poor or Fair. The rate of recurrence and average time to recurrence were the most significant factors affecting the global ratings. These parameters were further evaluated with respect to a variety of subgroups: 1) migraine alone 2) migraine with co-existent tension-type headache 3) drug-induced headache (analgesic rebound headache) 4) posttraumatic headache 5) preventive versus no preventive medication 6) presence or absence of adverse events 7) presence or absence of recurrence and 8) average duration of migraine with no medication.",0
W1970528604,Oral sumatriptan compared with placebo in the acute treatment of migraine,,0
W1975172796,"Self-Treatment of Acute Migraine with Subcutaneous Sumatriptan Using an Auto-Injector Device: Comparison With Customary Treatment in An Open, Longitudinal Study","In a multicenter open longitudinal clinical trial where 479 patients suffering from migraine with or without aura were recruited, patients treated at home one to three migraine attacks with their customary treatment, and subsequently, over a 3-month period, one to three migraine attacks with 6 mg sumatriptan sc using an autoinjector. The headache response to customary treatment was 19% at 1 h and 30.5% at 2 h, and was not significantly different when only attacks treated ""adequately"" according to accepted treatment recommendations were considered: 16% at 1 h and 35% at 2 h. In contrast, 69% and 82% of patients treated with 6 mg sumatriptan sc had mild headache or no headache at 1 and 2 h respectively, regardless of migraine type or duration of symptoms prior to treatment. Other migraine symptoms (nausea, vomiting, photo- and phonophobia) were effectively treated with sumatriptan. Recurrence of migraine was observed in 31% of patients and was well controlled by a second injection of sumatriptan. It is concluded that 6 mg sumatriptan sc, self-administered using an autoinjector, is well tolerated and more effective than most currently used acute treatments for migraine in a population of severely affected patients consulting a neurologist.",0
W2414935001,THE USE OF SUMATRIPTAN IN THE TREATMENT OF MIGRAINE,"Sumatriptan is a selective agonist of 5-hydroxytryptamine receptors, recommended for the acute treatment of migraine. The 5-HT1 receptor subtype is found in the cranial vasculature of many species including humans, and causes vasoconstriction of these vessels. Sumatriptan as a highly potent 5-HT1 agonist selectively constricts large intracranial blood vessels and also blocks neurogenic inflammation. Those treating patients with severe or inconveniently timed attacks will find sumatriptan the drug of choice.",0
W2132190941,Subcutaneous Sumatriptan in the Acute Treatment of Migraine in Patients Using Dihydroergotamine as Prophylaxis,"The efficacy of sumatriptan, a 5-HT1 receptor agonist, in patients with migraine attacks occurring despite prophylactic treatment with oral dihydroergotamine, was assessed in a double-blind placebo-controlled study involving 76 patients. Thirty-seven patients were treated with a subcutaneous injection of 6 mg sumatriptan self-administered with an auto-injector and 39 with placebo given by the same route. Patients having inadequate relief were allowed to use a second injection of test medication 1 hour later and rescue treatment between 2 hours and 24 hours after the first dose. Headache relief was achieved within 2 hours after sumatriptan in 26 patients (70%) compared to 8 patients (21%) in the placebo group (P < 0.0001). Of these patients, 19 (51%) and 3 (8%) were, respectively, pain free at this time. A second injection of sumatriptan was used by 8 (22%) patients compared to 30 (77%) patients in the placebo group (P < 0.0001), whereas rescue medication was used respectively by 13 (35%) and 22 (58%) patients (P < 0.024). The adverse event profile of sumatriptan was not affected by the concomitant use of dihydroergotamine and side-effects were all minor and transient. Patient satisfaction was significantly higher in the sumatriptan group (75%) compared to patient satisfaction with placebo (16%). These results show that the high efficacy rate of subcutaneous sumatriptan and its safety profile remain unchanged in migraine patients receiving oral dihydroergotamine as prophylaxis.",0
W2124636695,Comparison of Contingent Negative Variation Between Migraine Interval and Migraine Attack Before and After Treatment With Sumatriptan,"We compared in a placebo controlled, double blind, crossover within-subject design, the amplitude and area integral of contingent negative variation (CNV) using a 2 second interstimulus interval in migraine patients between attack and interval before and after treatment. The study was conducted on 14 female subjects suffering from migraine without aura. The measurements were performed in a balanced sequence at four different times on each patient, twice during the migraine interval and once in each of two migraine attacks. The CNV in the patients was measured first (baseline), then medication was administered on a double-blind basis with an autoinjector, using either 6 mg sumatriptan or a placebo solution. Thirty minutes after administration the CNV parameters were measured again and the changes between pre- and post-treatment were taken as dependent variables. CNV amplitude baseline readings did not differ significantly between the four conditions. Neither administration of placebo nor sumatriptan led to a significant change in CNV parameters independent of whether significant clinical improvement of migraine headache occurred or not. According to our findings CNV-mechanisms between attack and interval are not subject to short-term changes, even though a small, not significant tendency towards a decrease in CNV amplitude during migraine attacks appears to exist. Therefore, it can be assumed that changes in the systems which are depicted by CNV readings are not involved in initiating and terminating acute migraine attacks.",0
W2114345867,Amplifying Effect of Sumatriptan on Noradrenaline Venoconstriction in Migraine Patients,"The venoconstrictive activity of sumatriptan and its interaction with noradrenaline (NA)- and 5-hydroxytryptamine (5HT) venoconstriction was studied in vivo in the hand vein of migraineurs. Sumatriptan, injected at increasing doses into the vein, caused local venoconstriction after a 500 microgram dose, comparable to that induced by 0.5-1 micrograms of 5HT. This venoconstriction was completely inhibited by low doses of ketanserin (5 micrograms). Subcutaneous sumatriptan (6 mg) provoked a minor increase in vein tone, lasting less than 30 min. Non-venoconstrictive doses of sumatriptan (10-100 micrograms), injected in the hand vein, produced an amplification of NA-venoconstriction but not of 5HT-induced venoconstriction. A similar increased effect was displayed by subcutaneous sumatriptan (6 mg) for at least 1 h. Sumatriptan appears to cause peripheral venoconstriction only at high doses locally applied (in the hand vein), by acting on 5HT2 receptors. Clinical subcutaneous doses (6 mg) do not show significant venoconstrictive effects. The amplifying effect on NA venoconstriction, also caused by 5HT, ergotamine and dihydroergotamine in human cranial arteries, may be important in explaining the therapeutic action of sumatriptan in migraine attacks.",0
W2468273179,Sumatriptan: a novel therapy for the management of acute migraine.,,0
W2048931131,What's in a gene: using genetic information for the design of clinical trials,,0
W2430543058,Sumatriptan does not stimulate PRL and GH secretion in acromegaly.,"OBJECTIVE: Serotoninergic receptors are involved in the regulation of PRL and GH secretion. We studied the effects of sumatriptan, a new 5-HT1D receptor agonist, on PRL and GH secretion in active acromegaly. EXPERIMENTAL DESIGN: After their informed consent, all subjects were submitted to sumatriptan or placebo administration in single blind and in a random order. The time interval between the tests was of 7 days. ENVIRONMENT: We examined all patients in the morning, after 12 hours of fasting. All subjects were in recumbent position during the tests. Pulse rate and blood pressure were monitored during the test. SUBJECTS: Eight acromegalics (42-65 years) and 10 age-matched (33-63 years) normal subjects. PROTOCOL: Blood samples were taken after needle insertion kept patent by slow saline solution infusion. PRL and GH secretion were evaluated after sumatriptan (6 mg sc) and placebo. Blood samples were taken before (45, 15 and 0 minutes) and every 15 minutes for 2 hours after sumatriptan or placebo administration. RESULTS: No significant changes in PRL secretion were observed after sumatriptan in both groups of subjects. A significant increase in GH levels after sumatriptan was observed in controls but not in acromegalics. An age-related negative trend in GH response to sumatriptan was observed in controls. CONCLUSIONS: Our study indicated that 5-HT1D receptors are not involved in PRL and GH secretion in middle-aged acromegalics.",0
W1997152390,Migraine and Cluster Headache-Their Management with Sumatriptan: A Critical Review of The Current Clinical Experience,"Sumatriptan is a potent and selective agonist at the vascular 5HT1 receptor which mediates constriction of certain large cranial blood vessels and/or inhibits the release of vasoactive neuropeptides from perivascular trigeminal axons in the dura mater following activation of the trigeminovascular system. The mode of action of this drug in migraine and cluster headache is discussed. On the basis of a detailed review of all published trials and available data from post-marketing studies, the efficacy, safety, tolerability and the place of oral and subcutaneous sumatriptan in the treatment of both conditions are assessed. A number of double-blind clinical trials have demonstrated that sumatriptan 100 mg administered orally is clearly superior to placebo in the acute treatment of migraine headache and achieves significantly greater response rates than ergotamine or aspirin. In other studies, 70 to 80% of patients receiving sumatriptan 6 mg sc experienced relief of migraine headaches by 1 or 2 h after administration, and patients consistently required less rescue medication for unresolved symptoms. Sumatriptan was also effective in relieving associated migraine symptoms like nausea and vomiting. Sumatriptan was equally effective regardless of migraine type or duration of migraine symptoms. Overall, approximately 40% of patients who initially responded to oral or subcutaneous sumatriptan experienced recurrence of their headache usually within 24 h, effectively treated by a further dose of this drug. In 75% of patients with cluster headache treated with sumatriptan 6 mg sc, relief was achieved within 15 min. Based on pooled study data, sumatriptan is generally well tolerated and most adverse events are transient. Adverse events following oral administration include nausea, vomiting, malaise, fatigue and dizziness. With the subcutaneous injection, injection site reactions occur in approximately 30%. Chest syumptoms are reported in 3 to 5% but have been associated with myocardial ischaemia only in rare isolated cases. The recommended dosage of sumatriptan at the onset of migraine symptoms is 100 mg orally or 6 mg subcutaneously. The recommended dosage for cluster headache is 6 mg sumatriptan sc. Sumatriptan must not be given together with vasoconstrictive substances, e.g., ergotamines, or with migraine prophylactics with similar properties, e.g., methysergide. Sumatriptan should not be given during the migraine aura. It is contraindicated in patients with ischaemic heart disease, previous myocardial infarction, Prinzmetal (variant) angina and uncontrolled hypertension.",0
W1981943925,Health-Related Quality of Life Under Six Months' Treatment of Migraine-An Open Clinic-Based Longitudinal Study,"Health-related quality of life (HQL) assessment in the clinical setting have distinguished subjective perceptions (e.g., well-being), signs/symptoms of the disease and functional capacity as three major components. The impact of short-term treatment for migraine attacks on these variables was evaluated in an open prospective 6-month study at the Gothenburg Migraine Clinic. Socio-economic factors, subjective symptoms, and general well-being/quality of life were evaluated by self-administered questionnaires in 99 patients with migraine with or without aura in accordance with the classification of the International Headache Society. Short-term treatment comprising conventional therapy or subcutaneous sumatriptan reduced number of days per month with migraine and absenteeism from work, migraine-associated symptoms, but did not significantly improve general well-being between attacks. Future assessment of the patients' HQL in accordance with this approach would enable us to consider all the advantages and disadvantages of current therapies of particular interest in the field of migraine.",0
W2050028577,Introduction of a Novel Self-Injector for Sumatriptan. A Controlled Clinical Trial in General Practice,"A novel self-injector for the administration of subcutaneous sumatriptan in the treatment of migraine attacks was tested in 138 patients recruited by family physicians in Denmark: 108 patients completed the initial double-blind, crossover part of the study. Sumatriptan 6 mg s.c. was significantly better than placebo at 30, 60, 90 and 120 min after injection in relieving moderate or severe headache to mild or none as well as relieving any headache to none. At 60 min after injection, the treatment response rate was 61% for sumatriptan and 6% for placebo. During the following open-phase trial of four attacks treated with sumatriptan, treatment response rates were 68-74%. During the total of 538 attacks treated, 12 attempts at using the self-injector failed. In the double-blind and open phases, 81% and 90% of patients respectively found the device easy or very easy to use. Adverse effects were benign and short-lasting, but led seven patients to discontinue the study. In conclusion, subcutaneous sumatriptan administered with a novel self-injector is an effective treatment for migraine compared to placebo in patients treated by their family physician.",0
W2415631411,Improvements in health-related quality of life with sumatriptan treatment for migraine.,"BACKGROUND: The debilitating effects of migraine might be reduced in patients using an effective migraine medication. The serotonin (5HT1) receptor agonist sumatriptan has been shown in clinical trials to alleviate headache and associated symptoms in the majority of patients treated. METHODS: Three hundred forty-four (344) patients with migraine were allowed to treat an unlimited number of migraine attacks for up to 24 months with subcutaneous sumatriptan (6 mg). Open-label oral sumatriptan (100 mg) could be used between 1 hour and 24 hours after the initial injection for treatment of recurrent or persistent headache. On four occasions during the treatment period, patients completed the Medical Outcomes Study Short Form-36 Health Survey, a general health status instrument; the Migraine-Specific Quality of Life Questionnaire, a disease-specific instrument; and a series of questions designed to measure the impact of migraine on productivity and disability. RESULTS: Treatment with sumatriptan was associated with significant (P < .05) improvements relative to baseline in three of the Short Form-36 Health Survey quality-of-life dimensions (Bodily Pain, General Health Perceptions, and Social Functioning) and three of the Migraine-Specific Quality of Life Questionnaire dimensions (Role Function-Restrictive, Role Function-Preventive, and Emotional Function). Significant (P < .05) improvements in patient-rated productivity and reductions in patient-rated disability also occurred during the trial. CONCLUSIONS: Patients using sumatriptan to treat migraines for up to 24 months experienced improvements in disability and productivity as well as in health-related quality of life as measured either by a general health status instrument or a disease-specific instrument.",0
W2026275420,Comparison of Subcutaneous Sumatriptan with Usual Acute Treatments for Migraine,"246 migraine patients (International Headache Society definition, 1-6 severe attacks per month) were randomised into a multicentre, cross-over study comparing subcutaneous (s.c.) sumatriptan 6 mg administered by an auto-injector (Glaxo device) with usual acute migraine treatments. Patients were treated for 2 months or up to 12 attacks, and then crossed over to the alternative treatment for the same duration. Usual treatments were: analgesics (including combinations), 49%; ergotamine, 24%; NSAIDs 19%; DHE, 7%. Rescue medication was allowed 2 h after the first dose. Headache was assessed on a 4-point self-rating scale (0: none, 1: mild, 2: moderate, 3: severe). Other migraine symptoms were assessed as present or absent. Quality of life was assessed before the study and at the end of each treatment period. Two hundred and seventeen patients were eligible for the cross-over analysis. At 2 h post-dosing, an average of 78% of attacks per patient were successfully relieved (grade 3 or 2 to 1 or 0) by s.c. sumatriptan, compared with 34% for the usual treatments (p &lt; 0.001) and 63% of attacks per patient were completely relieved (grade 0) by s.c. sumatriptan compared with 15% for the usual treatments (p &lt; 0.001). Sumatriptan-treated patients used rescue medication for 19% of their attacks, compared to 59% for comparator drugs (p = 0.001). Results for patient preference were: s.c. sumatriptan, 85%; usual treatments, 10%; no preference, 5% (p &lt; 0.001). Sumatriptan was significantly superior to comparator drugs for all other efficacy end-points (p &lt; 0.001). Improvements in quality of life scores were 3 times higher in sumatriptan-treated patients than in those taking usual treatments (p &lt; 0.0001); the tolerability of both treatments was good. In conclusion, s.c. sumatriptan was superior to the usual acute treatments for both the relief of all migraine symptoms and the improvement in quality of life.",0
W1980686833,Is myofascial pain of the temporal muscles relieved by oral sumatriptan? A cross-over pilot study,"There is evidence that serotonin may be implicated in the pathophysiology of myofascial pain (MFP). Because of this, we used oral sumatriptan (Imitrex, Glaxo), a peripherally acting agonist of 5-HT1D receptors, in a double-blind, randomized, placebo-controlled double crossover pilot study of 7 patients with episodic MFP of the temporalis muscles. The results showed that there was a significant reduction in pain intensity and increase in pain relief over time with both the active medication and the placebo, but no significant difference between treatments. All but 1 patient reported that they are not interested in retaking the same medication. These data suggest that oral sumatriptan may not be the drug of choice in the control of episodic MFP.",0
W1991018525,Long‐term Efficacy of Subcutaneous Sumatriptan Using a Novel Self‐injector,"An open, multicenter study investigated the long-term efficacy, tolerability, and acceptability to patients of subcutaneous sumatriptan 6 mg, administered using a novel cartridge system self-injector, for the acute treatment of migraine. Eighty patients treated all migraine attacks for 6 months at home with a subcutaneous injection of sumatriptan 6 mg. A second injection could be taken after 1 to 24 hours if relief was inadequate, or if the headache recurred, and rescue medication could be taken 1 hour after the second injection. The primary end point was the percentage of attacks in which headache improved from severe or moderate before treatment to mild or absent at 1 hour after the first injection. A total of 1566 attacks were treated by the 80 patients and 69 patients completed 6 months of treatment. Headache relief was reported 1 hour after the first injection in a mean of 78% of attacks (83% in the first 3 months and 76% in the second 3 months). A second injection was required in a mean of 40% of attacks, and headache was mild or absent 1 hour after the second injection in a mean of 77% of attacks. Rescue medication was required after the second injection in a mean of 14% of attacks. At the end of the study, 87% of patients said that they would take the medication again, and at each clinic visit over 80% said that they found the injector easy to use. Adverse events were similar to those reported previously with sumatriptan and were mostly mild to moderate in intensity, short-lived, and resolved spontaneously. Subcutaneous sumatriptan 6 mg is an effective, well tolerated, and well accepted, long-term, acute treatment for migraine when self-injected by patients using the novel self-injector.",0
W2072442117,Preemptive Oral Treatment With Sumatriptan During a Cluster Period,"This multinational, multicenter, randomized, double-blind, placebo-controlled study in 169 patients investigated the effect of a 7-day period of preemptive treatment with oral sumatriptan (100 mg tid) on the frequency and severity of cluster headache attacks occurring during an established cluster headache period. Safety and tolerability were also assessed. Cluster headache patients who were not taking prophylactic medication and had experienced seven or more attacks in the preceding observation week, treated a cluster headache attack at home with subcutaneous sumatriptan 6 mg using an autoinjector device. Patients were then randomized to take sumatriptan 100 mg or placebo at 8-hourly intervals for a 7-day period. Cluster headaches occurring during this period could be treated 5 minutes after onset with rescue medication (100% oxygen or simple analgesics). Diary cards were used to record details of the cluster headache pattern during the observation and study treatment weeks. Preemptive oral treatment with sumatriptan 100 mg tid for 7 days did not produce a significant reduction in the number or severity of cluster headache attacks occurring during an established cluster headache period. Oral treatment with sumatriptan 100 mg tid over a 7-day period was not associated with an increased or altered adverse event profile from that previously reported.",0
W2093816404,"311C90, A new central and peripherally acting 5-HT <sub>1D</sub> receptor agonist in the acute oral treatment of migraine","311C90 is a novel, centrally and peripherally, acting 5-hydroxytryptamine1D receptor agonist. We investigated the efficacy and safety of 1, 5, and 25 mg of oral 311C90 in the acute treatment of migraine in a randomized, double-blind, placebo-controlled, parallel-group clinical trial involving 84 patients. The proportion of patients in whom the headache improved within 2 hours from moderate or severe to mild or no pain (primary efficacy measure) was 15% for placebo-treated patients and 27% (1 mg), 62% (5 mg), and 81% (25 mg) for patients treated with 311C90. Treatment differences compared with placebo were 12% (95% CI - 12, 37; p = 0.460) for 1 mg 311C90, 47% (CI 21, 73; p < 0.005) for 5 mg 311C90, and 66% (CI 43,89; p < 0.001) for 25 mg 311C90. Photophobia and nausea also showed improvement after 311C90. Adverse events were generally mild and transient in all treatment groups. There were no clinically significant changes in ECG recordings, blood pressure, or laboratory tests. Oral 311C90 (5 and 25 mg) is highly effective and well tolerated in the acute treatment of migraine. The response rates and treatment differences compared with placebo in this study suggest possible superiority over existing antimigraine therapies. This needs to be confirmed in formal comparative trials.",0
W2435507114,Management of depression in patients with coexisting medical illness.,"Depressive illness is common in the general population, with a prevalence of 5 percent. However, 10 to 15 percent of any general medical population has clinically significant depression; in patients with selected chronic illnesses, prevalence rates between 25 to 50 percent are noted. In patients with coexisting medical illness, the diagnosis of depression requires differentiating symptoms of the medical illness from symptoms of the comorbid depression. The Diagnostic and Statistical Manual of Mental Disorders (DSM-IV) can be helpful in this endeavor. An understanding of the effect of particular medications on neurotransmitters is required and can guide the clinician in selecting therapeutic agents that have a low incidence of side effects and toxicity.",0
W2067674696,A Double-blind Study of Subcutaneous Dihydroergotamine vs Subcutaneous Sumatriptan in the Treatment of Acute Migraine,"OBJECTIVE: To assess the efficacy and tolerability of subcutaneous dihydroergotamine mesylate (DHE-45) vs subcutaneous sumatriptan succinate (Imitrex) for the treatment of acute migraine with or without aura. DESIGN: Double-blind, randomized trial with parallel treatment arms. SETTING: Clinics and private neurology practices. SUBJECTS: Patients of either sex, with migraine with or without aura, between the ages of 18 and 65 years. INTERVENTIONS: Patients with moderate or severe head pain were randomized to receive either 1 mg of subcutaneous dihydroergotamine mesylate or 6 mg of subcutaneous sumatriptan succinate. Patients rated head pain, functional ability, nausea, and vomiting at baseline and at 0.5, 1, 2, 4, and 24 hours after the injection. Presence or absence of headache at 3 hours was calculated from collected data. If pain persisted after 2 hours, a second injection of the same study medication was allowed, and self-ratings were repeated 30 and 60 minutes later. Follow-up data were collected at 24 hours. MAIN OUTCOME MEASURES: Relief of head pain and recurrence of successfully treated headache. RESULTS: There were 295 evaluable patients. At 2 hours, 73.1% of the patients treated with dihydroergotamine and 85.3% of those treated with sumatriptan had relief (P = .002). There was no statistical difference in headache relief between the groups at 3 or 4 hours. Headache relief was achieved by 85.5% of those treated with dihydroergotamine and by 83.3% of those treated with sumatriptan by 4 hours. By 24 hours 89.7% of dihydroergotamine-treated patients and 76.7% of sumatriptan-treated patients had relief (P = .004). Headache recurred within 24 hours after treatment in 45% of the sumatriptan-treated patients and in 17.7% of the dihydroergotamine-treated patients (P < or = .001). CONCLUSIONS: Both sumatriptan and dihydroergotamine were effective in aborting migraine headaches. Headache recurrence was two and a half time as likely with sumatriptan as with dihydroergotamine.",0
W2114314315,Pilot Study of MK-462 in Migraine,"MK-462 is a potent, selective 5HT1D receptor agonist which may be useful in treating acute migraine. We conducted a double-blind placebo-controlled inpatient study to assess the preliminary efficacy and safety of oral doses of MK-462 20 mg (n = 8) and 40 mg (n = 36) vs placebo (n = 21), administered to 65 male and post-menopausal female migraine patients aged 22-51 with moderate or severe migraine headache. Headache severity and functional disability were measured at 0.5, 1, 1.5, and 2 h post-dose. The 20 mg dose was well tolerated and 4/8 patients obtained relief in headache severity at the 2 h time point. The 40 mg dose was well tolerated and was significantly (p < 0.05) superior to placebo at the 1.5 and 2 h time points (with 27/36 or 75% obtaining relief at 2 h compared to 7/21 or 33% for placebo). Adverse events occurred in 50% of patients on 20 mg MK-462, 72% of those on 40 mg MK-462, and in 52% of placebo-treated subjects. The most common adverse events associated with MK-462 were drowsiness (20 mg 12%; 40 mg 44%; placebo 24%), dry mouth (40 mg 36%; placebo 19%), and lightheadedness/dizziness (40 mg 17%; placebo 10%). Based on these preliminary results, MK-462 appears worthy of continued study for the treatment of acute migraine.",0
W2171451795,Effect of Hyperbaric Oxygen on the Immunoreactivity to Substance P in the Nasal Mucosa of Cluster Headache Patients,"Exposure to hyperbaric oxygen has been shown to be effective in cluster headache, but the mechanism of the action is still not clear. Primary nociceptive neurons, containing neuropeptides such as substance P and particularly those innervating the nasal mucosa, could be involved in the pathogenesis of cluster headache. The present study evaluated the effect of an exposure to hyperbaric oxygen on the content of substance P in the nasal mucosa of patients affected by cluster headache. The results were compared with those observed in another group of cluster headache patients who underwent a placebo procedure. The samples of nasal mucosa were analyzed by immunocytochemical methods. A qualitative analysis of the slides was carried out by an operator under ""blinded conditions"". A marked decrease in the content of immunoreactivity for substance P was found in the patients exposed to hyperbaric oxygen. The decrease was statistically significant when compared with the findings of the placebo procedure. The results of the present study indicate that an influence on the content of peripheral neuropeptides could be involved in the mechanism of action of the beneficial effect of hyperbaric oxygen in cluster headache.",0
W2065614703,Ketorolac vs Chlorpromazine in the Treatment of Acute Migraine Without Aura,"BACKGROUND: Many treatments for acute migraine exist. Chlorpromazine is effective but has serious side effects. Ketorolac has only rare side effects. OBJECTIVE: To compare intramuscular ketorolac troinethamine with intravenous chlorpromazine hydrochloride in treating acute migraine. METHODS: We performed a prospective, randomized, double-blind trial comparing the clinical effectiveness of 60 mg of intramuscular ketorolac tromethamine with 25 mg of intravenous chlorpromazine hydrochloride in patients with acute migraine headache seen in the emergency department. Pain intensity, quantitated using the Wong-Baker Faces Rating Scale, was measured every 30 minutes for 2 hours in the emergency department. Patients returned pain scores at 6, 12, 24, and 48 hours by mail. RESULTS: Fifteen patients were entered into each treatment arm. No differences were seen between the mean pain scores or the mean change in pain scores. The ketorolac group mean (+/- SEM) pain score decreased from 4.07 +/- 0.18 to 0.73 +/- 0.3 in 2 hours. The chlorpromazine group pain score decreased from 4.47 +/- 0.17 to 0.87 +/- 0.4. Two of the 3 nonresponders responded to the alternate group's treatment. No side effects were seen. CONCLUSIONS: Using 60 mg of intramuscular ketorolac tromethamine is as effective as 25 mg of intravenous chlorpromazine hydrochloride in the treatment of acute migraine headache. Patients who do not respond to one of these medications may respond to the other.",0
W2062508772,Influence of age on the GH response to sumatriptan administration in man,,0
W2118092575,Response Measures in the Acute Treatment of Migraine,"Pain ratings from 268 migraine patients have been used to compare the visual analogue scale (VAS) and a four-point verbal rating scale. All patients completed pain ratings on both scales at the beginning of a migraine attack and 4 h after starting treatment with sumatriptan or placebo. The VAS scores showed large variability within each category on the verbal rating scale. A common way of analysing pain in migraine studies is to classify patient response as a success or failure based on the score on the four-point verbal rating scale. In this study, the statistical power of analysing response either as ""success or failure"" or by means of the VAS score has been investigated by stochastic simulation. The simulations showed that the two response measures resulted in approximately equal power.",0
W2416632672,5-Hydroxytryptamine in the central nervous system.,"The review summarizes the results of studies into the role of 5-HT as a neurotransmitter in the central nervous system. The biosynthesis, release, metabolism and distribution of 5-HT; classification and localization of 5-HT receptors; electrophysiological effects of 5-HT and its influence on second messengers; autoregulation of 5-HT release; effects of 5-HT on the release of other neurotransmitters and pituary hormones; behavioral effects induced by 5-HT receptor agonists and the functional interaction between different receptor subtypes have been described. Additionally, some data on functional changes in the 5-HT system in psychiatric disorders have been cited, and a possibility of clinical utilization of 5-HT-active related drugs in neuropsychiatric and other diseases has been reviewed.",0
W2409170864,[Evaluation of the efficacy of oral sumatriptan in the management of migraine attacks. Clinical results].,"This italian multicentre, double blind, parallel groups study compared the efficacy, safety and tolerability of oral sumatriptan, given as new film-coated tablet, with placebo in the acute treatment of migraine. 88 Patients received placebo and 162 patients received sumatriptan 100 mg (plus an optional dose 2 h later if the headache persisted plus a further optional dose for recurrence within 24 h). Sumatriptan was significantly more effective than placebo at releiving headache at 2 h (51% versus 31%, P = 0.003) and 4 h (71% versus 35%, P < 0.001). Fewer sumatriptan-treated patients required a second dose compared with placebo-treated patients (49% versus 74%, P < 0.001). Sumatriptan was more effective than placebo at relieving nausea, vomiting and photophobia/phonophobia. Few patients were evaluable for treatment of headache recurrence, and statistical analysis was not possible. More sumatriptan-treated patients than placebo-treated patients reported adverse events (29% versus 16%) but the difference was not statistically significant. More of these events were mild to moderate in severity, of short duration and resolved without treatment. Sumatriptan had no clinically significant effect on blood pressure, heart rate, electrocardiogram or laboratory test results. It is concluded that oral sumatriptan 100 mg, given as a film-coated, tablet, provides an effective and well-tolerated acute treatment for migraine.",0
W2421349161,Treatment of acute migraine with sumatriptan--response in 40 consecutive patients.,"Forty consecutive headache patients self-administered sumatriptan for migraine, diagnosed by the criteria of the International Headache Society (IHS). Eighty percent reported excellent response. Thirty-three percent had recurrence of headache within four to twelve hours, while 67% had no recurrence. Fifty-five percent of the patients reported mild side effects, but only 8% stopped therapy because of adverse reactions. No serious cardiovascular events occurred. Recommendations for safe use of sumatriptan are suggested.",0
W2038693293,Efficacy and Safety of Tadalafil Monotherapy for Lower Urinary Tract Symptoms Secondary to Benign Prostatic Hyperplasia: A Meta-Analysis,"OBJECTIVE: To evaluate the efficacy and safety of tadalafil monotherapy for lower urinary tract symptoms secondary to benign prostatic hyperplasia (LUTS/BPH). METHODS: A comprehensive search was done to identify randomized controlled trials comparing the efficacy and safety of tadalafil for LUTS/BPH with placebos. Meta-analytical techniques were applied to evaluate the differences in the study results. RESULTS: Eight studies were identified and analyzed. Compared with placebo, tadalafil was associated with significant improvements in the International Prostate Symptom Score (IPSS) (mean difference = -2.19, p < 0.00001) and the International Index of Erectile Function (IIEF) score (mean difference = +4.66, p < 0.00001), despite the concomitant presence of erectile dysfunction. Significant differences were also observed in the IPSS irritative and obstructive subscores, IPSS quality of life index and BPH impact index. After pooling four doses (2.5, 5, 10 and 20 mg), tadalafil failed to produce a significant outcome in maximal urinary flow rate (Qmax) (mean difference = +0.26 ml/s, p = 0.14), but 5 mg of tadalafil significantly improved Qmax (mean difference = +0.63 ml/s, p = 0.04). No significant difference was detected in the incidence of serious adverse events (risk ratio = 1.00, p = 1.00) after tadalafil treatment. CONCLUSIONS: Tadalafil showed good efficacy and safety for improving LUTS and erectile dysfunction in men with BPH, and 5 mg of tadalafil significantly improved Qmax.",0
W2001370579,Comparison of the effects of clonidine on tyramine‐ and methoxamine‐evoked mydriasis in man,"1. It has been reported previously that clonidine can potentiate tyramine-evoked mydriasis on the pain-free side of cluster headache patients. We examined whether a single oral dose of clonidine (200 micrograms) can also potentiate tyramine-evoked mydriasis in healthy subjects, using mydriasis to methoxamine, a directly acting sympathomimetic amine, as a control. 2. Eight healthy male volunteers participated in four weekly sessions. In the first two sessions (Experiment 1) the effect of clonidine or placebo on the mydriasis to tyramine hydrochloride eyedrops (75 mM; 2 x 10 microliters), and in the last two sessions (Experiment 2) the effect of clonidine or placebo on the mydriasis to methoxamine hydrochloride eyedrops (20 mM; 2 x 10 microliters) was examined. In both experiments subjects were allocated to drugs and sessions according to a double-blind balanced design. In both experiments, pupil diameter of both the treated and the untreated eyes was recorded in standard ambient light and in the dark, before, and 2 h after clonidine/placebo, via binocular infrared television pupillometry. Salivation (dental roll technique), systolic and diastolic blood pressure (sitting), heart rate, and self-ratings of mood and feelings (visual analogue scales), were also measured before, and 2 h after the ingestion of clonidine or placebo. 3. Both tyramine and methoxamine produced a significant mydriasis, which was more prominent in the light condition (change in resting pupil size; mm +/- s.e.mean: tyramine/light 1.05 +/- 0.28; tyramine/dark: 0.73 +/- 0.15; methoxamine/light: 1.65 +/- 0.28; methoxamine/dark: 0.85 +/- 0.15). Clonidine produced a significant miosis in the untreated eye which was more prominent in the light condition (change in resting pupil size; mm +/- s.e.mean: Experiment 1, light: -1.34 +/- 0.19; Experiment 1, dark: -0.46 +/- 0.1; Experiment 2, light -0.97 +/- 0.18; Experiment 2, dark: -0.29 +/- 0.17). Clonidine had no significant effect on either tyramine- or methoxamine-evoked mydriasis. 4. In agreement with previous reports, clonidine significantly reduced salivation (g, mean +/- s.e.mean; Experiment 1: -0.84 +/- 0.22; Experiment 2: -0.55 +/- 0.11), systolic blood pressure (mm Hg; Experiment 1: -17.5 +/- 3.76; Experiment 2: -23.38 +/- 4.67), diastolic blood pressure (mm Hg; Experiment 2: -12.38 +/- 2.05), alertness (mm; Experiment 2: -24.19 +/- 5.40), and anxiety (mm; Experiment 1: -13.82 +/- 4.60), indicating the presence of pharmacodynamically effective tissue levels of the drug. 5. These results show that a single oral dose (200 micrograms) of clonidine causes significant miosis in human subjects, and fails to potentiate tyramine-evoked mydriasis. This indicates that the pupil on the asymptomatic side of cluster headache patients is affected differently from the pupils of healthy volunteers by tyramine and/or clonidine.",0
W1968625369,Clinical presentation and treatment of migraine,,0
W1999745788,Paroxetine treatment and the prolactin response to sumatriptan,,0
W2062351505,The Clinical Potential of Endothelin Receptor Antagonists in Cardiovascular Medicine,,0
W1794960183,Analgesics and NSAIDs in the treatment of the acute migraine attack,"In the treatment of migraine attacks, an antiemetic in combination with an analgesic or ergot alkaloid is widely recommended. Medication should be introduced as early as possible, but only when there is no doubt that the headache is due to migraine. The antiemetic provides relief from the nausea and vomiting and also enhances the resorption of analgesics or ergot preparations. Domperidone 20 mg orally and 20 mg metoclopramide as suppository or 10-20 mg orally are mostly used as antiemetics. Analgesics such as 1000 mg acetylsalicylic acid as effervescent tablets, or 1000 mg paracetamol as effervescent tablets or suppositories should be given 15-20 min later. If this treatment fails, NSAIDs can be tried. In some studies naproxen in doses between 500 and 1000 mg and ibuprofen in doses between 400 and 800 mg have been shown to be effective, as well as NSAIDs like diclofenac, mefenamic acid, ketoprofen, tolfenamic acid and pirprofen. NSAIDs have been found to be superior to placebo and to standard reference drugs in the majority of the reviewed double-blind trials. Nevertheless, these effects are marginal in some studies or even without clinical relevance. Accordingly, there is still a need for further comparative studies.",0
W2128232293,How does sumatriptan perform in clinical practice?,"The patient's opinion on sumatriptan treatment has been obtained from 351 migraineurs (299F and 52M) by means of a telephone survey. The results are based on the patient's cumulative experience of more than 20,000 subcutaneous injections and more than 2,000 tablet doses. The average period during which subcutaneous sumatriptan (12 mg/ml, 0.5 ml) was used was 19.1 +/- 0.4 months and 84% of the patients had used more than 10 injections. The average number of migraine attacks per month was 3.0 +/- 0.1, injections per attack 1.7 +/- 0.1, and number of tablets (100 mg) per attack 1.8 +/- 0.2. Attack duration was decreased from on average 38.4 +/- 2.1 h to 2.3 +/- 0.5 h by subcutaneous sumatriptan and to 3.4 +/- 1.0 by orally administered sumatriptan. The average degree of efficiency at work with migraine was 76.3 +/- 1.9% on sumatriptan compared with 26.6% on other treatment options; 85% said that sumatriptan was much better than previous conventional therapies tested. During their experience with sumatriptan, 89% of the migraineurs reported altogether 1,058 adverse events (average 3.6 +/- 01, range 1 to 12) in connection with subcutaneous sumatriptan treatment. The three most frequent were drowsiness/sedation (49%), chest symptoms (40%) and injection site symptoms (37%). Among the table users, 87% reported altogether 122 adverse events (average 2.6 +/- 0.3, range 1 to 11). Seventy-eight percent of the responders responded to subcutaneous sumatriptan sometimes (22% always, 15% every second attack, 40% seldom) experienced a recurrence of their headache within 24 h. The average number of recurrences was 1.7 +/- 0.1 and the average time to recurrence 13.0 +/- 0.6 h (range 1.5-24 h). It is concluded that the selected group of migraineurs found sumatriptan to be very effective in reducing the symptoms of their migraine attacks, but also to cause several adverse events, in many cases, with short-lasting effect.",0
W2126363638,"Treatment of Cluster Headache: Clinical Trials, Design and Results","The spontaneous capricious course of cluster headache may give rise to some problems when treatment is being evaluated. This is one of several explanations for there being so few well-designed, randomized, double-blind clinical trials in cluster headache. The standard treatment of acute attacks of cluster headache is inhalation of 100% oxygen. In the prophylaxis of episodic cluster headache, ergotamine, verapamil, lithium, serotonin, inhibitors and steroids are used. In chronic cluster, lithium is the drug of choice, but verapamil may also be tried. Recently, hyperbaric oxygen has been shown to immediately abort acute attacks, and it seems that it may also be useful in the prophylactic treatment. The introduction of the novel 5HT1 agonist sumatriptan as a symptomatic relief of cluster attacks represents further significant progress. Two randomized, double-blind, placebo-controlled, cross-over trials have shown sumatriptan 6 mg sc to be a rapid, effective and well-tolerated acute treatment for cluster headache attacks. Within 15 min of treatment, 74% of attacks on sumatriptan responded compared to 26% of placebo-treated attacks. Functional disability was also significantly improved. Increasing the dose to 12 mg did not offer significantly greater relief compared to sumatriptan 6 mg, but was associated with an increased incidence of adverse events. Interim analysis of 3 months of data from a recent multinational open trial comprising, 138 patients having treated 6353 attacks with subcutaneous sumatriptan 6 mg revealed a headache relief in 96% of attacks treated. There was no evidence of an increased incidence of adverse events with frequent use of sumatriptan. No tachyphylaxis was seen over the 3 months, suggesting that sumatriptan is effective and well tolerated also in long-term acute treatment for cluster headache.",0
W2016565221,A comparison of subcutaneous sumatriptan and dihydroergotamine nasal spray in the acute treatment of migraine,"We compared the efficacy and safety of subcutaneous (SC) sumatriptan (6 mg) with that of dihydroergotamine (DHE) nasal spray (1 mg plus optional 1 mg) in the acute treatment of migraine. Two hundred sixty-six adult migraineurs (International Headache Society criteria) completed a multicenter, double-blind, double-dummy, cross-over study. Patients took SC sumatriptan for one attack and DHE nasal spray for the other in random order. Data from both treatment periods show that at all time points from 15 minutes, SC sumatriptan was significantly better than DHE nasal spray at providing both headache relief (moderate/severe headache improving to mild/none) and resolution of headache. Similarly, SC sumatriptan was superior to DHE nasal spray for the other efficacy end points assessed in the study. Patients reported that both treatments were well tolerated. Adverse events were reported by 43% of patients taking SC sumatriptan and 22% of patients taking DHE nasal spray. These were usually mild and transient. We conclude that subcutaneous sumatriptan has a faster onset of action than DHE nasal spray and provides greater relief of acute migraine symptoms.",0
W1992354509,Different effects of the serotonergic agonists buspirone and sumatriptan on the posterior pituitary hormonal responses to hypoglycemia in humans,,0
W2095789282,Subcutaneous Sumatriptan in the Clinical Setting: The First 50 Consecutive Patients With Acute Migraine in a Pediatric Neurology Office Practice,"An open prospective study was undertaken to assess the efficacy and safety of subcutaneous sumatriptan in 50 consecutive children ages 6 to 18 years with severe migraine. There were 28 females and 22 males. The dose of sumatriptan was 0.06 mg/kg. Parameters included overall efficacy, time to relief, recurrence rate, adverse events, and objective global rating. Overall efficacy, defined by headache reduction from severe or moderate to mild or none, was 78%. Twenty-six percent responded within 30 minutes, 46% responded in 60 minutes, and 6% responded between 1 to 2 hours. Twenty-two percent had no response or a suboptimal response. Recurrence rate was only 6%. There was a difference in efficacy between male and female, as 91% of the males responded, while only 68% of the females responded. The males had more migraine alone while the females had migraine often with a coexistent tension-type headache. Eighty percent of all the patients had some adverse event which was usually mild and transient; however, one patient developed a transitory confusional state which resolved in 2 hours. Eighty-four percent reported a global rating of good to excellent, while 16% rated the treatment only fair to poor. These findings suggest that subcutaneous sumatriptan can be both effective and safe in childhood migraine, especially in dealing with migraine alone.",0
W2043271744,Alternatives in Drug Treatment of Chronic Paroxysmal Hemicrania,"Indomethacin is the drug of first choice in chronic paroxysmal hemicrania with clear relief of pain as a diagnostic criterion. In a few cases, indomethacin is not tolerated because of side effects. Therefore, the efficacy of carbamazepine, verapamil, sumatriptan, acetylsalicylic acid, and oxygen as drugs in the prophylactic or acute treatment of chronic paroxysmal hemicrania was studied in a prospective open trial with 10 patients suffering from chronic paroxysmal hemicrania. The trial results, in accordance with a review of the literature, suggest that acetylsalicylic acid (and probably naproxen and diclofenac) and verapamil are the most effective drugs of second choice in chronic paroxysmal hemicrania. The efficacy of sumatriptan in this condition needs still to be clarified, although there is evidence for partial efficacy. Carbamazepine and oxygen did not show any significant influence on chronic paroxysmal hemicrania.",0
W2073680013,The Clinical Effectiveness of 311C90 in the Acute Treatment of Migraine,"Efficacy with currently marketed antimigraine compounds is less than optimal. 311C90 is a novel and selective 5-HT1D receptor agonist in development for the acute treatment of migraine. It shows evidence of both central and peripheral activity within the trigemino-vascular system and it is rapidly absorbed following oral administration. In clinical studies in migraine patients, a headache response at 2 hours has been observed in 65-81% of patients at doses above 1 mg. Favourable response rates are reported as early as 1 hour post-dose and efficacy rates continue to improve up to 4 hours. Headache recurrence is reported by 25-35% of patients and 311C90 is also effective in relieving the non-headache symptoms of migraine.",0
W2087879863,"Can Oral 311C90, a Novel 5-HT <sub>1D</sub> Agonist, Prevent Migraine Headache when Taken during an Aura?","The purpose of this pilot study was to determine whether 20 mg oral 311C90 can prevent the development of migraine headache when taken during the aura phase of a migraine attack. The study also aimed to provide an initial safety profile for 311C90 when taken during the aura. Forty patients (31 females, 9 males) were entered into this outpatient, double-blind, placebo-controlled, 2-period crossover trial. They all almost invariably experienced a migraine headache after the aura phase. Patients treated two migraine attacks during the aura phase in a random order, one with 311C90 20 mg and the other with placebo. Efficacy assessments were recorded on standard diary cards completed by each patient. A primary response was defined as the complete absence of headache pain in the 24 hour period following administration of the first dose of study medication. Safety assessments included ECGs, laboratory tests and the recording of adverse experiences. Twenty patients completed the study by treating 2 attacks, 16 of these were fully adherent to the study protocol. Three of the 16 patients responded to 311C90 whereas all patients developed a migraine headache after taking placebo. Two patients who did not respond to 311C90 described the developing headache as being ""non-migraine'. Adverse experiences reported were similar to those experienced by patients in previous studies when 311C90 was taken during a migraine headache. There were no reports of 311C90-related adverse effects on the aura. These preliminary results suggest that oral 311C90 may be of value in preventing a migraine headache and is safe when taken during the aura phase. This intriguing possibility therefore warrants further investigation possibly utilising formulations that would deliver meaningful plasma levels of drug more rapidly.",0
W1977077152,Changes in cerebral blood flow velocity after treatment with sumatriptan or placebo and implications for the pathophysiology of migraine,,0
W2087809724,"Prophylaxis of Migraine with Oral Magnesium: Results From A Prospective, Multi-Center, Placebo-Controlled and Double-Blind Randomized Study","In order to evaluate the prophylactic effect of oral magnesium, 81 patients aged 18-65 years with migraine according to the International Headache Society (IHS) criteria (mean attack frequency 3.6 per month) were examined. After a prospective baseline period of 4 weeks they received oral 600 mg (24 mmol) magnesium (trimagnesium dicitrate) daily for 12 weeks or placebo. In weeks 9-12 the attack frequency was reduced by 41.6% in the magnesium group and by 15.8% in the placebo group compared to the baseline (p < 0.05). The number of days with migraine and the drug consumption for symptomatic treatment per patient also decreased significantly in the magnesium group. Duration and intensity of the attacks and the drug consumption per attack also tended to decrease compared to placebo but failed to be significant. Adverse events were diarrhea (18.6%) and gastric irritation (4.7%). High-dose oral magnesium appears to be effective in migraine prophylaxis.",0
W2012155809,"311C90 (Zolmitriptan), A Novel Centrally and Peripheral Acting Oral 5-Hydroxytryptamine-1D Agonist: A Comparison of Its Absorption During A Migraine Attack and in A Migraine-Free Period","The oral absorption of a 10-mg oral dose of the novel 5-hydroxytryptamine (5HT1D) agonist, 311C90, was compared during a moderate or severe migraine headache and in a migraine-free period in an open, two-period study. The safety and efficacy of 311C90 in acute migraine were also assessed. Twenty patients attended the clinics during a moderate or severe migraine attack and 18 patients returned for a second dose in a migraine-free period. 311C90 was less rapidly absorbed during a migraine attack compared to the migraine-free period, consistent with gastric stasis during a migraine attach. The median area under the curve (AUC) was 15.7 ng/mlh lower during a migraine (median AUC: 18.4 ng/ml.h, range: 0-60.8 ng/ml.h) compared to the migraine-free period (median AUC: 33.4 ng/ml.h, range 9.4-79.5 ng/ml.h) (95% confidence interval: 6.9, 25.3) and the time to reach maximum plasma concentration was delayed (n = 18). Eleven out of 20 patients experienced a significant improvement in migraine headache intensity at 2 h post-dose. Plasma 311C90 concentrations were generally higher in those patients who responded to treatment with 311C90 in the plasma, but there was one patient with no quantifiable 311C90 in the plasma whose headache improved. Minor adverse experiences were reported in 11 out of 20 patients during a migraine attack and in 11 out of 18 patients outside an attack. They occurred shortly following drug administration and were of short duration, but their occurrence did not appear to be related to plasma 311C90 concentration. There were no clinically significant changes in blood pressure or 12-lead ECG during the assessment period.",0
W2036847814,High‐Dose Versus Low‐Dose Valproic Acid as a Prophylactic Medication,"Valproic acid has been shown to be effective in migraine prophylaxis. Its method of action is believed to be the inhibition of gamma-aminobutyric acid transaminase. The therapeutic dose needed to prevent migraine headaches has been examined in several studies, yet the optimum dose has not been found. In this case report, valproic acid was given to a 24-year-old woman with chronic headaches at 1000 mg per day. Her headaches resolved for 2 months. She tapered herself off of the medication, and her headaches returned. She was restarted at 500 mg per day of valproic acid and again, her headaches resolved. She preferred being on the lower dose which she found as effective as the higher dose. Her case makes two interesting points. The first is that lower dosages of valproic acid may be as effective as higher ones in headache prophylaxis. The second is that more studies looking at dose ranges are needed to correlate effectiveness with daily requirements.",0
W2139288393,Pharmacologic Management of Postdural Puncture Headache,"OBJECTIVE: To discuss the pathogenesis, incidence, and clinical presentation of postdural puncture headaches (PDPHs) and to provide a comprehensive evaluation on the pharmacologic management of PDPH. DATA SOURCE: A MEDLINE search was used to identify pertinent literature published in English including review articles, case reports, letters, and abstracts. Information was also extracted from textbooks for background purposes. STUDY SELECTION: All clinical studies, case reports, abstracts, and letters were included because of the limited amount of literature available on the pharmacologic therapy for PDPH. Related research articles and review articles were also used to provide background information on PDPH. DATA EXTRACTION: Methodology and results from clinical trials and abstracts were described and evaluated. Case reports and letters were summarized and critically reviewed for the feasibility of the different treatment modalities. Information on the pathophysiology, incidence and severity, and clinical presentation of PDPH was extracted from related research articles, review articles, and textbooks. DATA SYNTHESIS: The epidural blood patch (EBP) is one of the most effective treatments for PDPH. Pharmacologic management of PDPH offers a less invasive treatment modality than the EBP. Numerous drug therapies have been presented in the literature, though few merit clinical application. Caffeine therapy, both oral and parenteral, is the most commonly used pharmacologic treatment modality. Theophylline and sumatriptan are potentially promising agents for the treatment of PDPH. Epidural administration of fluids and drugs is also effective in the treatment of PDPH. Epidural adrenocorticotropic hormone and epidural morphine also demonstrate some potential in the treatment of PDPH. Individual patient characteristics (i.e., HIV, sepsis) need to be considered when deciding on a treatment. More reports, especially clinical studies, are necessary before a definitive statement can be made regarding any one treatment. In the meantime, therapy will be guided by clinical judgement based on the literature reviewed in this article. CONCLUSIONS: Intravenous and oral caffeine are effective and noninvasive treatments for PDPH. Epidural NaCl 0.9% or dextran are alternatives when the EBP is unsuccessful or contraindicated. Several methods of pharmacologic management have been cited in the literature, but all require further evaluation.",0
W2003684536,The tolerability and pharmacokinetics of the novel antimigraine compound 311C90 in healthy male volunteers,"1. 311C90 is a novel and selective agonist at 5-HT1D receptors, with central and peripheral actions, currently in development for the acute oral treatment of migraine. 2. The pharmacokinetic and tolerability profiles of single oral doses from 1-50 mg 311C90 were investigated in 12 healthy male volunteers in a double-blind, placebo-controlled, dose-escalating study. 3. 311C90 was well tolerated with most adverse experiences of mild and transient nature. 4. Absorption was rapid with dose-independent kinetics. Median tmax was 2-4 h although 50-85% of eventual Cmax was attained within 1 h. The t1/2 was 2.5-3 h with a high apparent plasma clearance (CL/F > 2000 ml min-1) and apparent volume of distribution (Vz/F) of 400-500 l. 5. Three metabolites were detected in plasma and urine, one of which, the N-desmethyl metabolite, has 5-HT1D agonist activity. 6. 311C90 showed no clinically significant effects on blood pressure, heart rate, ECG or laboratory variables at any dose and demonstrated a tolerability and pharmacokinetic profile compatible with an acute oral migraine treatment.",0
W1975000994,Drug treatment of migraine,"Most current randomised controlled trials concern the acute treatment of migraine. Sumatriptan, a serotonin receptor agonist, was evaluated in 8 randomised controlled trials. Using a novel cartridge self-injector system subcutaneous sumatriptan was found superior to placebo, and oral sumatriptan in doses from 25 mg to 100 mg was found superior to placebo with no difference among doses. An oral dose of 100 mg sumatriptan was not superior to a combination of lysine acetylsalicylate plus metoclopramide, and 100 mg sumatriptan given 4 hrs after subcutaneous sumatriptan could not prevent recurrence of headache. Nasal dihydroergotamine was found to have some efficacy in acute migraine treatment, whereas nasal butorphanol, although effective in repeated doses, was hampered by many side effects. The prophylactic effect of valproate was confirmed in one randomised controlled trial.",0
W2045541833,Efficacy and tolerability of subcutaneous sumatriptan administered using the IMITREX® STATdose™ System,,0
W1977387513,"A Double-Blind, Placebo-Controlled, Crossover, Study to Evaluate the Efficacy of Subcutaneous Sumatriptan in the Treatment of Atypical Facial Pain","A double-blind, placebo-controlled crossover study was undertaken to assess the efficacy and tolerability of sumatriptan in patients with atypical facial pain. Patients were aged 18-65 years and had at least a 6 months history of atypical facial pain. A total of 19 patients were recruited and assessed for pain scores (total, sensory and affective) by using a short form McGill pain questionnaire preinjection and and at 60 and 120 minutes after subcutaneous injection of sumatriptan (6 mg) or placebo. Safety and tolerability was assessed by recording adverse events during and after the injection. One patient received only one treatment since her pain symptoms resolved after the first treatment. Rest of the patients returned to the clinic 3-6 weeks later and received alternate treatment for atypical facial pain in the same fashion as on the first occasion. Treatment of patients with sumatriptan produced significant relief in sensory, affective and total pain at 120 minutes postinjection (P < .05). Sumatriptan failed to produce a significant reduction in sensory and total pain scores at 60 minutes following treatment, however the result was statistically significant for the affective pain score (P < .05). No death or other serious adverse events were reported. No patient was withdrawn from the study due to an adverse event. However, all the patients treated with sumatriptan experienced one or more adverse events. The most common reported adverse symptoms during the sumatriptan treatment period were injection site reactions, headache, feeling of heaviness, warm or hot sensation and disorders of mouth or tongue. However, most of these side effects were mild and transient. In conclusion, this study points towards some beneficial effect of a single subcutaneous injection of sumatriptan in the treatment of atypical facial pain. However, this data is not sufficient to suggest the clinical utility of subcutaneous sumatriptan (6 mg) for the management of atypical facial pain. Further studies are necessary to test the effects of prolonged subcutaneous and oral multiple dose administration of sumatriptan for the treatment of atypical facial pain.",0
W2066573766,Sumatriptan and episodic pain syndromes other than migraine,"Roberts-Thomson, Iana; Argyrides, Johna; Pannall, Petera; Frewin, Derekb Author Information",0
W2472284585,"Subcutaneous sumatriptan for the treatment of migraine: humanistic, economic, and clinical consequences.","OBJECTIVES: This study examined the humanistic, economic, and clinical consequences of using subcutaneous sumatriptan for 6 months for the acute treatment of migraine in 126 patients enrolled in a group-model health maintenance organization. METHODS: Patients received open-label sumatriptan (6 mg) for the treatment of migraines that occurred during a 6-month period. For each migraine, patients recorded migraine pain severity (none, mild, moderate, or severe) before treatment and 2 hours posttreatment and the time until onset of patient-defined meaningful relief. Patients also completed both the Short Form-36 Health Survey and Migraine-specific Quality of Life (QOL) Questionnaire at screening (to cover the period prior to initiation of treatment) and after 3 and 6 months of treatment. Patients' medical records were reviewed to obtain information on the frequency of migraine-related pharmacy use, general outpatient services, and urgent care services during the treatment period and the 12 months prior to initiation of treatment. RESULTS: By 2 hours after the dose, 71% of patients had moderate or severe pain reduced to mild or none, and 86% of patients achieved meaningful relief. At 3 months and 6 months, sumatriptan was associated with improvements relative to pre-sumatriptan baselines in Short Form-36 Health Survey and Migraine-specific QOL Questionnaire scores (P < .002). Sumatriptan was also associated with significant reductions in the average number of migraine-related general outpatient and urgent care services (P < .001). CONCLUSIONS: The use of sumatriptan for 6 months was associated with improvements in health-related quality of life, reductions in health care resource use, and a high percentage of treatment successes.",0
W1986359263,Headache Induced by a Nitric Oxide Donor (nitroglycerin) Responds to Sumatriptan. A Human Model for Development of Migraine Drugs,"Experimental ""vascular"" headache in humans may be used in characterizing new migraine drugs. The effects of sumatriptan on nitroglycerin-(NTG)-induced headache and arterial responses were therefore studied. Following a double-blind randomized crossover design, 10 healthy volunteers received sumatriptan 6 mg s.c. or placebo succeeded by 20 min NTG (0.12 microgram/kg/min) infusion. Headache was rated on a 10 points scale. Temporal and radial artery diameters and velocity in the middle cerebral artery (MCA) were measured with ultrasound. Sumatriptan reduced the NTG-induced headache, median score 1.5 versus 4 after placebo (p < 0.01) and decreased temporal and radial artery diameters 75 +/- 3 and 86 +/- 3% of baseline respectively (p < 0.05). Blood velocity in the MCA was unaffected. The NTG model may prove to be a valuable tool in the development of future migraine drugs. The results suggest that NTG headache in non-migraineurs may share mechanisms with migraine headache.",0
W2006118174,Rizatriptan vs Sumatriptan in the Acute Treatment of Migraine,"BACKGROUND: Rizatriptan (MK-462) is a new 5-hydroxytryptamine1D (serotonin1D; 5-HT1D) receptor agonist for the acute treatment of migraine that has improved pharmacokinetic properties compared with sumatriptan succinate. OBJECTIVE: To assess the efficacy and tolerability of 10-, 20-, and 40-mg doses of oral rizatriptan vs a 100-mg dose of oral sumatriptan succinate and placebo for the acute treatment of migraine. DESIGN: Randomized, double-blind, parallel-group, placebo-controlled, outpatient trial. SETTING: Ten US and 4 Dutch investigator centers. PATIENTS: Patients who had migraine with or without aura (N = 449). MAIN OUTCOME MEASURE: The proportion of patients whose conditions improved from severe or moderate headache immediately before dosing to mild or no headache at 2 hours after drug administration (ie, headache relief). RESULTS: The proportion of patients with headache relief was 18% for placebo; 46% for sumatriptan; and 52% for 10-mg, 56% for 20-mg, and 67% for 40-mg rizatriptan. All differences with placebo were statistically significant (P < .001), and 40-mg rizatriptan was superior to sumatriptan (P = .01). The proportion of patients who became free of pain at 2 hours was 3% for the placebo-treated group; 22% for the sumatriptan-treated group; and 26%, 35%, and 47% for the group of patients who took the 10-, 20-, and 40-mg doses of rizatriptan, respectively (all differences with placebo, P < .005; 40-mg rizatripan vs sumatriptan, P = .001). The recurrence of headache within 24 hours was found to be equal across all treatment groups-approximately 40%. Adverse events (most commonly short-lasting mild or moderate dizziness and drowsiness) occurred more frequently after a 40-mg dose of rizatriptan was given than after the other treatments. CONCLUSIONS: The antimigraine effect of 10- and 20-mg rizatriptan was superior to placebo, and comparable with that of 100-mg sumatriptan succinate; the efficacy of 40-mg rizatriptan was superior to that of both placebo and 100-mg sumatriptan succinate, although it was associated with a high frequency of adverse events.",0
W2439983631,"Current Developments in Neurology, Part I: Advances in the Pharmacotherapy of Headache, Epilepsy, and Multiple Sclerosis","When caring for patients with disorders of the central nervous system such as migraine headaches, epilepsy, or MS, clinicians are faced with increasingly complex pharmacotherapeutic options. Pharmacotherapeutic strategies directed toward prevention, reversal, or cure of these diseases are hampered by an incomplete understanding of the underlying pathophysiology. In this decade of the brain, basic science research combined with difficult but necessary clinical trials may answer some seemingly overwhelming questions for these devastating illnesses.",0
W1970105914,Treatment of Migraine With BMS180048: Response at 2 Hours,"BMS180048 is a 5HT agonist that was well-tolerated in early phase II trials. This study utilized a double-blind, parallel-group dose ranging format, comparing BMS180048 in doses of 25, 50, or 75 mg to placebo in effectiveness of treatment of a single migraine headache. To assess tolerability of BMS180048, patients received a test dose of the medication they would receive for a headache in the clinic under observation. If no significant side effects occurred, patients were allowed to treat a headache. Headaches were moderate or severe in intensity before treatment, and response at 2 hours was tabulated. Reduction to mild or no headache was the criteria for successful response. Response rates at 2 hours were as follows: placebo--19 of 53 subjects (35.8%); 25 mg--21 of 53 subjects (40.3%); 50 mg--34 of 53 subjects (64.2%); 75 mg--35 of 55 subjects (63.6%) The improvement for subjects treated with 50 or 75 mg of BMS180048 when compared to placebo was highly significant (P < .01). Nausea, photophobia, and phonophobia improved 35% to 50% for BMS180048-treated subjects and 20% to 24% in the placebo group. The improvement in these symptoms in comparison to placebo was statistically significant only for nausea in those treated with 75 mg of BMS180048 (P = .02). Side effects were mild for the most part, and no serious adverse events occurred. The study suggests BMS180048 is effective in acute symptomatic therapy of migraine.",0
W2131101452,Prescribing Practices for the Management of Headache in Newfoundland and Labrador,"To assess the impact of sumatriptan in clinical practice, we undertook a retrospective analysis of the government of Newfoundland and Labrador's prescription drug program data base for 35 consecutive patients prescribed sumatriptan. The number of doses of all drugs prescribed ranged from 121 to 18,874 on from 4 to 357 prescriptions per patient over 1 to 19 months. The mean number of doses of analgesic drugs prescribed before sumatriptan therapy was 56 per month and after initiation of sumatriptan was 46 per month. The prescribing of multiple analgesics was common; 79% received three or more different analgesics. Twenty-two (63%) patients were prescribed medications indicated for the prophylaxis of migraine concomitantly with drugs indicated for symptomatic treatment. Twenty-four (69%) patients were prescribed medication capable of inducing migraine. We conclude that sumatriptan did not have a major impact on the outcomes of these patients judged by their use of analgesics. The simplest explanation is that many of the patients were suffering from analgesic-induced headache rather than migraine. In addition, we conclude that there were deficiencies in prescribing practices including numbers, quantities, and choice of analgesics; the use of analgesics concomitantly with drugs indicated for migraine prophylaxis; and the use of drugs capable of inducing migraine. Further research is required to validate these findings.",0
W2159039684,Melatonin Versus Placebo in the Prophylaxis of Cluster Headache,"A fall in nocturnal plasma melatonin occurs in patients with cluster headache, suggesting that melatonin may play a role in the promotion of attacks. During a cluster period, we administered melatonin to 20 cluster headache patients (2 primary chronic, 18 episodic) in a double-blind placebo-controlled study of oral melatonin 10 mg (n = 10) or placebo (n = 10) for 14 days taken in a single evening dose. Headache frequency was significantly reduced (ANOVA, p < 0.03) and there were strong trends towards reduced analgesic consumption (ANOVA, p < 0.06) in the treatment group. Five of the 10 treated patients were responders whose attack frequency declined 3-5 days after treatment, and they experienced no further attacks until melatonin was discontinued. The chronic cluster patients did not respond. No patient in the placebo group responded. There were no side effects in either group. Although the response rate is low, melatonin may be suitable for cluster headache prophylaxis in some patients, particularly those who cannot tolerate other drugs.",0
W2037577416,Alniditan in the Acute Treatment of Migraine Attacks,"Alniditan is a new 5HT1D receptor agonist, belonging to a different chemical class from sumatriptan and other indole derivatives used or being developed for the treatment of acute migraine. In a multinational double-blind randomized parallel-groups dose-finding trial, alniditan was given subcutaneously in hospital to patients with migraine headache of moderate or severe intensity at doses of 0.8 mg (n = 44), 1.0 mg (n = 42), 1.2 mg (n = 46) and 1.4 mg (n = 39). Efficacy, tolerability and safety of each dose were compared with those of placebo (n = 41). At 2 h after injection, headache was absent or mild in 83% and 82% of patients receiving alniditan 1.2 and 1.4 mg respectively compared with 39% for placebo (p < or = 0.002). Complete relief from headache was achieved in 72% (1.4 mg). Time to onset of relief decreased with increasing alniditan dose, and there was a dose-dependent reduction in headache recurrence rate: 25% of patients receiving 1.4 mg had responded by 15 min and headache recurred within 24 h in only 16% of the patients who initially responded to alniditan 1.4 mg, significantly less than for placebo (p = 0.018). Alniditan was superior to placebo in reducing the associated symptoms of nausea, phonophobia and photophobia, and in increasing patients' functional ability. The use of rescue medication was reduced when compared with placebo, and up to 87% of patients said that they would use the drug again if available. No clinically relevant cardiovascular effects were seen, nor consistent changes in clinical laboratory findings. Adverse effects, mainly head pressure, paraesthesia, and hot flushes, were reported by 34% of placebo-treated patients and up to 70% of patients receiving alniditan, but all doses were very well tolerated and no clear relationship with dose was established. Comparison with published findings suggests that alniditan 1.4 mg sc may have advantages over sumatriptan 6 mg sc in providing complete relief from acute migraine headache, and may be associated with fewer headache recurrences within 24 h. Both of these suggestions warrant further and larger trials of alniditan in acute migraine.",0
W2145258332,Oral sumatriptan in the acute treatment of migraine and migraine recurrence in general practice,"We investigated the efficacy, safety and tolerability compared with placebo of a second dose of oral sumatriptan 100 mg in 1349 general practice patients who had already treated a moderate or severe migraine headache with 100 mg sumatriptan 4 h earlier. Headache was relieved by the first sumatriptan dose in about 70% of patients, but the second dose did not produce significantly more relief than placebo, either in non-responders or in the group as a whole, nor did it reduce other symptoms (photophobia, nausea, vomiting, etc.) at 8 h, or influence the incidence of headache recurrence. The drug was well-tolerated, and a further single dose was effective in treating recurrence after initial relief. A single 100 mg dose of sumatriptan is an effective acute treatment for migraine. A second dose should be reserved for treating headache recurrence.",0
W1990431726,Subcutaneous Dihydroergotamine vs Subcutaneous Sumatriptan,"We read with great interest the article by Winner et al1in theArchives. This is the first study on sumatriptan and dihydroergotamine, both administered subcutaneously. One previous study,2published in abstract form, reported on subcutaneous sumatriptan and low-dose intranasal dihydroergotamine and did not allow any reliable conclusion regarding comparison of the 2 drugs. Moreover, since sumatriptan costs more than dihydroergotamine, others3have recently raised the question of whether the advantages of sumatriptan could offset this price difference. The results of the study by Winner et al confirm the clinical impression that subcutaneous sumatriptan and dihydroergotamine are equally effective in aborting migraine attacks, although sumatriptan showed a speedier effect than dihydroergotamine, which in turn got a longer-lasting effect (probably because of its longer half-life). Previous studies reported that subcutaneous sumatriptan produces significant relief of headache at 10 minutes after treatment compared with placebo, with 50% of patients",0
W2072768011,"Impact of Sumatriptan on Workplace Productivity, Nonwork Activities, and Health‐Related Quality of Life Among Hospital Employees With Migraine","This prospective, open-label study evaluated the effects of subcutaneous sumatriptan versus usual therapy on workplace productivity, activity time outside of work, and health-related quality of life in 43 men or women who were hospital employees diagnosed with migraine according to international Headache Society criteria. Patients treated migraines with their usual therapy for 12 to 18 weeks followed by subcutaneous sumatriptan for 6 months. Health-related quality of life measurements obtained at baseline, after usual therapy, and after sumatriptan therapy included the Short Form-36 Health Survey and the Migraine-Specific Quality of Life Questionnaire. Patient daily diaries were used to capture data on migraine symptoms and on Lost Workplace Productivity and Non-workplace Activity Time. Traditional clinical efficacy measures were obtained to support the pharmacoeconomic data. Clinical data showed that the percentage of treated migraine days per patient on which the patient experienced relief (moderate or severe pain reduced to mild or none) was 75% with sumatriptan and 25% with usual therapy. The mean time to meaningful relief was 1.1 hours during the sumatriptan phase and 4.2 hours during the usual therapy phase. Lost Workplace Productivity and Nonworkplace Activity Time was 35% lower with sumatriptan therapy (1.5 hours) compared with usual therapy (2.3 hours). Time missed from work due to symptoms, time worked with symptoms, and time normal activities were carried on with symptoms were each lower during sumatriptan therapy compared with usual therapy. Scores on each of the three Migraine-Specific Quality of Life Questionnaire dimensions and on the Role-Emotional dimension of the Short Form-36 were significantly more favorable after sumatriptan than after usual therapy (P < 0.05). These data demonstrate that treatment of migraines with sumatriptan for 6 months following usual therapy for 12 to 18 weeks was associated with improvement in clinical efficacy, reduction in lost workplace productivity and nonworkplace activity time, and enhancement of key dimensions of health-related quality of life among employees of a large university hospital.",0
W2122525900,PHARMACOKINETICS AND FOOD INTERACTION OF MK-462 IN HEALTHY MALES,"A study was conducted to assess the safety, tolerability, and pharmacokinetics of single intravenous (IV) doses of 5-90 micrograms kg-1 of MK-462, and the effect of food on the pharmacokinetics of MK-462 administered orally to healthy males. Results of this study indicate that IV doses of MK-462 from 5 to 90 micrograms kg-1 are well tolerated. The disposition kinetics of MK-462 were linear for IV doses up to and including 60 micrograms kg-1. The values of the plasma clearance (CL), steady-state volume of distribution (Vss), plasma terminal half-life (t1/2), and mean residence time in the body (MRT) of MK-462 averaged 1376 mL min-1, 140 L, 1.8 h, and 1.7 h, respectively, and remained essentially constant over the dosage range of 10-60 micrograms kg-1 of IV MK-462. However, as the dose increased from 60 to 90 micrograms kg-1, the mean value of the apparent CL decreased from 1376 to 807 mL min-1. Thus, elimination of MK-462 was dose dependent in this dosage range. Based on the disposition decomposition analysis (DDA), it was shown that the Vss value of MK-462 remained essentially constant over the dosage range of 10-90 micrograms kg-1 of IV MK-462. The following values of two dose-independent parameters were also calculated by using DDA: distribution clearance (CLd) = 2028 mL min-1, and mean transit time in the peripheral tissues (MTTT) = 0.74 h. The mean values of AUC, Cmax, tmax, and apparent t1/2 of MK-462 in 12 subjects each receiving a 40 mg tablet of MK-462 without breakfast were 330 ng.h mL-1, 77 ng mL-1, 1.6 h, and 1.8 h, respectively. Although administration of a standard breakfast prior to dosing increased the AUC value (by approximately 20%) of MK-462 and delayed its absorption, there were no significant effects of the meal on the values of Cmax and apparent t1/2 of MK-462.",0
W2421716241,"[The combination of oral lysine-acetylsalicylate and metoclopramide compared with oral sumatriptan in the treatment of migraine attacks. A randomized, double-blind, placebo-controlled clinical trial].","A combination of lysine acetylsalicylate (equivalent to 900 mg aspirin) and 10 mg metoclopramide (LAS + MTC) was compared with oral sumatriptan (100 mg) and placebo in 421 patients with migraine in a randomized, double-blind, clinical trial. LAS + MTC was as effective as sumatriptan with a decrease in headache from severe or moderate to mild or none in 57% and 53%, respectively, for the first migraine attack treated, the primary efficacy parameter. Both treatments were better than placebo (success rate 24%, p < 0.001). LAS + MTC was better tolerated than sumatriptan (adverse events in 18% and 28%, respectively, p < 0.05).",0
W2007959743,Sumatriptan and lost productivity time: a time series analysis of diary data,,0
W2065968608,Sumatriptan decreases food intake and increases plasma growth hormone in healthy women,,0
W2141978739,A Within-Patient Comparison of Subcutaneous and Oral Sumatriptan in the Acute Treatment of Migraine in General Practice,"This study compared, for the first time in the United Kingdom, the efficacy and safety of oral 100 mg and subcutaneous 6 mg sumatriptan within a patient for the acute treatment of migraine. The patient's preference for the two formulations of sumatriptan were also recorded. The study was a multicentre, randomized, open, crossover design with an optional open parallel group extension. Individual attacks were treated with one formulation only. Over 70% of patients who treated attack 1 in both treatment periods of the crossover phase reported headache relief with each formulation at 4 h. Only 3% of patients failed to respond to at least one of the formulations at this time point. At the end of the crossover phase patient preference for the injection more than doubled from the pretreatment level in those patients who were previously naive to sumatriptan. During the optional phase of the study, 38% of patients chose to treat some attacks with oral and some with subcutaneous sumatriptan. The main reason for choosing injection was speed of relief, whilst convenience was the major reason for the use of the tablet.",0
W2011731037,Initial human experience with MK‐462 (rizatriptan): a novel 5=HT<sub>ID</sub> agonist,"AIMS: We evaluated the pharmacokinetics and pharmacodynamics of oral MK-462 in comparison with oral sumatriptan in healthy male volunteers. METHODS: Sixteen healthy male volunteers were studied in a rising, single dose, alternating panel design with eight subjects per panel. Matching placebo was administered to two of eight study subjects at each dose level of MK-462 in a randomized, double-blind fashion. RESULTS: MK-462 was rapidly absorbed with a median tmax of 1.3 h (range 1-3 h) vs a tmax for sumatriptan of 2.5 h (range 1-4 h, P < 0.001). Administration of either MK-462 or sumatriptan produced maximal mean elevations of 5-10 mmHg in systolic and diastolic blood pressures without effect on heart rate; the changes occurred sooner following MK-462, consistent with more rapid absorption. Both MK-462 and sumatriptan provoked mild increases in serum growth hormone without any effect on serum prolactin concentrations. The most commonly reported symptom following MK-462 was drowsiness. CONCLUSIONS: These results indicate that the novel 5-HT1D agonist, MK-462, is rapidly absorbed following oral administration and warrants further investigation of its utility in the treatment of acute migraine.",0
W2008868978,Common noncompartmental pharmacokinetic variables: are they normally or log-normally distributed?,"We investigated the hypothesis that distributions of continuous pharmacokinetic variables are positively skewed in nature and that logarithmic transformation of these variables restores normality. The distributions of common continuous noncompartmental pharmacokinetic variables were investigated for four different Glaxo Wellcome compounds, administered by three different routes of administration: ranitidine (po), sumatriptan (sc), ondansetron (iv), and bismuth, from ranitidine bismuth citrate (po). The distributions of all the investigated noncompartmental pharmacokinetic variables were adequately described by a log-normal distribution, whereas statistically significant departures from normality occurred in the majority of cases. Thus, unless there is strong and consistent evidence for a departure from log-normality, the parametric statistical analysis of common noncompartmental pharmacokinetic variables should be carried out after a priori log transformation.",0
W2013532852,SEROTONIN 1D (5-HT1D) AGONISTS AND OTHER AGENTS IN ACUTE MIGRAINE,,0
W2063935997,Comparison of utilization of Sinemet ® and Parkinson's disease mortality as surrogate indicators of Parkinson's disease in the United States,,0
W2041356923,Deriving dichotomous outcome measures from continuous data in randomised controlled trials of analgesics: use of pain intensity and visual analogue scales,"The aim of this study was to examine whether mean data from categorical pain intensity and visual analogue scales for both pain intensity and relief could be used reliably to derive dichotomous outcome measures for meta-analysis. Individual patient data from randomised controlled trials of single-dose analgesics in acute postoperative pain were used. The methods used were as follows: data from 132 treatments with over 4700 patients were used to calculate mean %maxSPID (categorical pain intensity), %maxVAS-SPID (visual analogue pain intensity) and %maxVAS-TOTPAR (visual analogue pain relief); these were used to derive relationships with the number of patients who achieved at least 50% pain relief (%maxTOTPAR). Good agreement was obtained between the actual number of patients with > 50%maxTOTPAR and the number calculated for all three measures. For SPID, verification included independent data sets. For calculations involving each measure, summing the positive and negative differences between actual and calculated numbers of patients with > 50%maxTOTPAR gave an average difference of less than 0.25 patients per treatment arm. Reports of randomised trials of analgesics frequently describe results of studies in the form of mean derived indices, rather than using discontinuous events, such as number of proportion of patients obtaining at least 50% pain relief. Because mean data inadequately describe information with a non-normal distribution, combining such mean data in systematic reviews may compromise the results. Showing that dichotomous data can reliably be derived from mean SPID, VAS-SPID and VAS-TOTPAR as well as TOTPAR data in previously published acute pain studies makes much more information accessible for meta-analysis.",0
W2158868177,The pharmacokinetics and effects on blood pressure of multiple doses of the novel anti‐migraine drug zolmitriptan (311C90) in healthy volunteers,"AIMS: Zolmitriptan (311C90), a novel, selective, centrally and peripherally acting 5-HT1D-receptor agonist is under development as an acute treatment for migraine. The tolerability, pharmacokinetics and effects on blood pressure and heart rate of multiple doses of 5 or 10 mg (5 doses administered over 24 h) were compared, in healthy adult volunteers, with those after placebo and single doses of zolmitriptan. METHODS: Twelve subjects participated in a randomized, balanced, crossover comparison. Plasma and urine concentrations of zolmitriptan and its metabolites, pulse rate and blood pressure were measured at intervals after drug. Ten volunteers completed the study. RESULTS: Zolmitriptan was well tolerated after single and multiple doses throughout the study. There was no evidence of significant changes in the pharmacokinetic parameters of zomitriptan or its metabolites after the last dose compared to the first, except for an expected rise in peak concentrations and a small, apparent increase in the amount of drug excreted in urine and hence in CLR. After the last 10 mg dose, mean dosing interval zolmitriptan AUC was 80.3 ng ml-1 h compared with 86.5 ng ml-1 h after the single 10 mg dose (95% CI for ratio 0.76-1.13). There was no evidence of changes in the pharmacokinetic parameters of zolmitriptan and its metabolites after 10 mg compared with 5 mg, except a small increase in zolmitriptan CLR. There were no statistically significant increases in peak systolic or diastolic blood pressure after the last doses of zolmitriptan compared to placebo or in peak blood pressure after the last dose compared to the first. There were no significant differences between blood pressure immediately before the first and last doses of each multiple dose regimen. Peak erect systolic blood pressure after the last 10 mg dose (137 mmHg) was significantly lower than that after placebo (147 mmHg, 95% CI for difference -18, -2) and that after the last 5 mg dose (148 mmHg, 95% CI -19, -3). CONCLUSIONS: Repeated doses of 5 or 10 mg zolmitriptan are well tolerated despite higher plasma concentrations than expected from single doses.",0
W2111937143,Sumatriptan for migraine attacks in children,"Oral sumatriptan is an effective acute treatment for migraine in adults, but its efficacy in children is still undetermined. Twenty-three children, aged 8.3 to 16.4 years, took both sumatriptan and placebo in a randomized, double-blind, placebo-controlled, crossover trial. The primary endpoint was a > or = 50% decrease in pain intensity on a 100-mm visual analogue scale at 2 hours. Other endpoints of efficacy were pain intensity difference (PID), showing pain relief at each time point; summed pain intensity differences (SPIDs), estimating overall pain relief; and preference. Two hours after sumatriptan, 7 of 23 reached the primary endpoint, and after placebo, 5 of 23 (difference 9%, 95% CI for difference, -21 to 38%; p = ns). Within 2 hours, the headache disappeared completely in 5 of 23 children after sumatriptan and in 2 of 23 children after placebo (p = ns). Median PIDs were slightly better for sumatriptan between 0.5 and 4 hours (p = ns). Median SPIDs increased almost identically up to 2 hours. Thereafter, median SPIDs for placebo remained practically constant, whereas for sumatriptan, the improvement continued. At 4 hours, the median SPID for sumatriptan was 2.4 times as high as for placebo. However, the maximum differences between median SPIDs at 4 hours (38.5, 95% CI, -75.8 to 57.5; Wilcoxon signed rank test, p = 0.4) or at any other point were not statistically significant. Of the 23 children, 13 preferred sumatriptan and 2 placebo (sign test, p = 0.004). The failure of this and previous controlled studies suggests that the response of children to sumatriptan may be different from adults.",0
W2149250228,Responsiveness of the trigeminovascular system to nitroglycerine in cluster headache patients,"Nitroglycerine is known to induce a headache attack in cluster headache patients, which is indistinguishable from a spontaneous attack. It has recently been suggested that a release of calcitonin gene-related peptide (CGRP) from peripheral terminals of trigeminal nociceptive neurons, which supply cephalic blood vessels, underlies symptoms of cluster headache. The aim of this study was to investigate whether the provocative action of nitroglycerine in cluster headache is due, at least in part, to activation of the trigeminovascular system. Nineteen subjects suffering from episodic cluster headache participated in the study. Eleven of them were in an active period, whilst the others were in remission at the time of the study. CGRP-like immunoreactivity (CGRP-LI) was measured in blood samples from the extracerebral circulation before and after the sublingual administration of nitroglycerine. Baseline CGRP-LI plasma levels were higher (P < 0.05) in the patients who were in an active period. Only in these patients did nitroglycerine induce an attack, which was preceded by a latent period with a mean duration of 27 +/- 3 min. When compared with the baseline, a significant (P < 0.01) increase in plasma CGRP-LI was detected at the peak of the provoked attack; no such increase was detected during the latent period, or at the onset of the attack. The results of this study suggests that the provocative action of nitroglycerine in cluster headache is due, at least in part, to activation of the trigeminovascular system. This mechanism seems to be slow and unrelated to the well-known rapidly occurring vasodilator effects of the drug. Finally, activation of the trigeminovascular system only occurs in those patients already in an active cluster headache period who also have high basal CGRP-LI plasma levels. This suggests that a hyperactivity of trigeminal nociceptive fibres could make the trigeminovascular system of these patients sensitive to the triggering action of nitroglycerine.",0
W2346924031,"Sharp, Sticking Chest Pain in a Man with a Pacemaker",,0
W2417308169,Comparison of the vasoconstrictor properties of the 5-HT1D-receptor agonists rizatriptan (MK-462) and sumatriptan in human isolated coronary artery: outcome of two independent studies using different experimental protocols.,"Rizatriptan (MK-462) is a novel 5-HT1D-receptor agonist and is effective in the treatment of migraine headache. As angiographic studies have shown that the prototypic 5-HT1D/1B-receptor agonist sumatriptan can cause coronary artery constriction in patients with mild coronary artery disease, we have compared the contractile effects of rizatriptan on human isolated coronary artery with those of sumatriptan and 5-HT. Two different experimental protocols were used. In Study 1 (to avoid agonist desensitisation and interaction effects), arterial segments were exposed to a single agonist (either 5-HT, sumatriptan or rizatriptan) and in Study 2 each arterial segment was exposed to all three agonists with randomised first exposure to sumatriptan or rizatriptan. In both these studies the maximum contractions evoked by sumatriptan and rizatriptan were found to be smaller than those evoked by 5-HT, and the maximum contraction evoked by rizatriptan was significantly smaller than that for sumatriptan.",0
W2012507985,Preventive Treatment of Migraine,"The pharmacologic treatment of migraine may be acute (abortive, symptomatic) or preventive (prophylactic). Most migraine preventive medications were designed to treat other disorders (e.g., propranolol for hypertension, valproate for epilepsy, etc.). Preventive medication is usually given daily for months or years; however, treatment can be episodic, subacute, or chronic. The medications can be divided into two major categories: (i) Alternatives of high efficacy, which include β- blockers, tricyclic antidepressants, and divalproex, and of lower efficacy, which include selective serotonin reuptake inhibitors, calcium channel antagonists, and non-steroidal antiinflammatory drugs and (ii) second-line choices of high efficacy, which include methysergide and monoamine oxidase inhibitors. The choice of preventive treatment depends on the individual drug's efficacy and side effects, the patient's wants, needs, and response to prior treatment, and the presence of any comorbid or coexistent disease. Most patients require acute headache treatment. Some require preventive treatment. Patients on preventive medication still require acute treatment for breakthrough attacks. Many patients find that their acute attacks are more manageable if they are on a preventive medication. The choice of preventive treatment depends on the individual drug's efficacy and side effects, the patient's wants, needs, and response to prior treatment, and the presence of any comorbid or coexistent disease.",0
W1992655441,Prophylactic Treatment of Migraine with Gamma-Linolenic and Alpha-Linolenic Acids,"Polyunsaturated fatty acids (PUFA) were administered to 168 patients over a period of 6 months in an open-label uncontrolled study. In 129 patients available for study, 86% experienced reduction in severity, frequency and duration of migraine attacks, 22% became free of migraine and more than 90% had reduced nausea and vomiting. Self-medication changed to simple analgesics in the majority except in 14% of patients without improvement.",0
W1973071076,Use of sumatriptan in Denmark in 1994–5: an epidemiological analysisof nationwide prescription data,"AIMS: We describe the use of medication with symptomatic relief of migraine as specific indication by analysing prescription data from the entire Danish population in 1994 and 1995. METHODS: The data for sumatriptan were analysed at the level of the individual user. We used aggregated data for ergotamine drugs. RESULTS: Sumatriptan constituted 46% of the total amount of defined daily doses (DDD) sold and 94% of the total pharmacy retail price expenses in the drug-group studied. In total, 43389 users of sumatriptan were identified who presented 340148 prescriptions, corresponding to 2.2 million DDD of sumatriptan. The quarterly consumption increased by 50% during the study period. Tablets accounted for 92% of consumption. The 1 year period prevalence of use of sumatriptan among persons 16 years and older was 7.8 per 1000 in 1995 with a female to male prevalence ratio of 3.8:1. Use was most common in the age interval 35-54 years. Regional differences in use, which were not large, were positively correlated to the degree of urbanization. The incidence of use of sumatriptan was estimated at 3.6 per 1000 person-years. The intensity of use of sumatriptan varied greatly with 1.1% of patients (n = 507) using 60 DDD or more within 30 days at some time during the observation period. Long-term high use of tablets was common in this group. CONCLUSIONS: We conclude that sumatriptan had a considerable impact on the treatment of migraine with prescription drugs in Denmark. The underlying reasons for high use of the drug in a smaller fraction of the patients deserve further study.",0
W1978515941,Atypical facial pain: A double-blind placebo-controlled crossover pilot study of subcutaneous sumatriptan.,,0
W1980376719,Selective Serotonin Reuptake Inhibitor-Induced Serotonin Syndrome,"The selective pharmacology of the selective serotonin reuptake inhibitors (SSRIs) results in a lower potential for pharmacodynamic drug interactions relative to other antidepressants such as the tricyclic antidepressants (TCAs) and monoamine oxidase inhibitors (MAOIs). However, the SSRIs have been implicated in the development of the serotonin syndrome--a potentially life-threatening complication of treatment with psychotropic drugs. The syndrome is produced most often by the concurrent use of two or more drugs that enhance central nervous system serotonin activity and often goes unrecognized because of the varied and nonspecific nature of its clinical features. The serotonin syndrome is characterized by alterations in cognition (disorientation, confusion), behavior (agitation, restlessness), autonomic nervous system function (fever, shivering, diaphoresis, diarrhea), and neuromuscular (ataxia, hyperreflexia, myoclonus) activity. The difference between this syndrome and the occurrence of adverse effects caused by serotonin reuptake inhibitors alone is the clustering of the signs and symptoms, their severity, and their duration. There are important pharmacokinetic interactions between SSRIs and other serotonergic drugs due principally to their effects on the cytochrome P450(CYP) isoenzymes, the potential for which varies widely amongst the SSRI group, which may increase the likelihood of a pharmacodynamic interaction. The exceptionally long washout period required after fluoxetine discontinuation may cause additional problems and/or inconvenience. Patients with serotonin syndrome usually respond to discontinuation of drug therapy and supportive care alone, but they may also require treatment with antiserotonergic agent such as cyproheptadine, methysergide, and/or propranolol. To reduce the occurrence, morbidity, and mortality of the serotonin syndrome, it must be both prevented by prudent pharmacotherapy and given prompt recognition when it is present.",0
W164086321,Hyperbaric oxygen in chronic cluster headaches: influence on serotonergic pathways.,"A controlled study was done with the aim of assessing the efficacy of hyperbaric oxygen (HBO2) in cluster headache and of studying the possible influence of this therapeutic approach on serotonergic pathways. Fourteen patients, aged between 26 and 56 yr, suffering from the chronic form of cluster headache were treated with HBO2 (n = 10) or environmental air (placebo) ( n = 4) during the 15 sessions of exposure (lasting 30 min each) in the hyperbaric chamber. The influence of this procedure on serotonergic pathways of pain was monitored by means of study of serotonin binding to mononuclear cells before and after the treatment for both subgroups. All of the treated 14 chronic cluster headache patients completed the study. In the subgroup treated with the placebo, no particular modifications on the number of attacks and of analgesic consumption as well as no change in the specific binding curve of serotonin to mononuclear cells were observed, whereas in the subgroup treated with HBO2 the clinical effectiveness and the appearance of plateau in the binding curves indicated that the oxygen therapy could act through serotonergic pathways.",0
W2024395292,A study of the effects of sumatriptan on myocardial perfusion in healthy female migraineurs using <sup>13</sup> NH <sub>3</sub> positron emission tomography,"Sumatriptan, a 5-HT1D receptor agonist, is believed to alleviate migraine attacks by extracerebral vasoconstriction. Chest pain associated with myocardial ischemia may occur after sumatriptan administration. We investigated the effect of a single 6-mg subcutaneous dose of sumatriptan on myocardial perfusion (MP) as measured by 13NH3 positron emission tomography (PET) in a randomized, double-blind, placebo-controlled, crossover trial at the Clinical PET Centre, Guy's and St. Thomas' Hospitals, London. Nineteen volunteer female migraineurs, age range 33 to 62 years, at low risk for ischemic heart disease were included. All bad undergone previous treatment with oral or intravenous sumatriptan. Patients were recruited by advertisement and referral from local neurology specialists. Each volunteer underwent two scanning sessions. On each occasion, a baseline dynamic 13NH3 PET scan was acquired followed by a 13NH3 PET scan 10 minutes after subcutaneous injection of placebo or 6 mg of sumatriptan. Regional MP was measured in five myocardial regions using the Patlak system of image analysis. The mean % change from baseline (+/-SD) in global MP after placebo was +9.5% +/- 18.0 and after sumatriptan was +6.6% +/- 18.8 (repeated measures ANOVA for treatment effect p = 0.56). There were no significant differences in MP changes from baseline observed in any of the five myocardial regions (treatment p = 0.32 to 0.84). These data suggest that in healthy female migraineurs, a single 6-mg subcutaneous dose of sumatriptan does not cause a significant change in regional or global myocardial perfusion.",0
W1969328867,The Efficacy of Selective Serotonin Reuptake Inhibitors for the Management of Chronic Pain,,0
W2069068709,Inhibition of the blink reflex R2 component after supraorbital and index finger stimulations is reduced in cluster headache: an indication for both segmental and suprasegmental dysfunction?,"Peripheral as well as central mechanisms are thought to play a role in cluster headache pathogenesis. We have studied recovery curves of the R2 component of the blink reflex after conditioning by supraorbital or index finger stimuli in 10 episodic cluster headache (CH) patients during a cluster period and in 10 healthy controls. There was no significant change of R2 threshold, latency or area in CH patients. After paired supraorbital stimuli, R2 recovered more rapidly in patients on the symptomatic side. After index stimulations, R2 recovery was more rapid on both symptomatic and non-symptomatic sides in patients compared to controls. Naloxone (0.4 mg) i.v. in two subjects partially reversed the R2 suppression induced by index finger stimuli. The unilateral decrease of R2 inhibition after a segmental supraorbital stimulus most likely reflects sensitisation in the spinal trigeminal nucleus. Whether the latter is due to irritation of the ophthalmic nerve within the cavernous sinus region, which is thought to be pivotal in CH pathogenesis, remains to be proven. In addition, we propose that the bilateral deficit of R2 inhibition after an extrasegmental exteroceptive stimulus might reflect hypoactivity of reticular nuclei, possibly because of reduced central opioid activity.",0
W2071820805,The absolute bioavailability and metabolic disposition of the novel antimigraine compound zolmitriptan (311C90),"AIMS: Two open studies in healthy volunteers were conducted to determine the absolute bioavailability and metabolic disposition of zolmitriptan (311C90), a novel 5HT1D agonist for the acute treatment of migraine. METHODS: After an initial test i.v. infusion, bioavailability was assessed by comparison of AUC after an i.v. infusion (3.5 mg) and an oral tablet (10 mg), in six men and six women using a randomised, crossover design. Disposition was studied by administration of a 25 mg capsule, labelled with 100 microCi [14C]-zolmitriptan, to five men and one woman on a single occasion. RESULTS: Zolmitriptan was well tolerated by both i.v. and oral routes. Adverse events were mostly mild, consistent with earlier studies and characteristic of this class of drug. Reports were similar in nature and number after both oral and i.v. dosing. Mean +/- s.d. oral bioavailability was 0.49 +/- 0.24 (0.38 +/- 0.16 in men and 0.60 +/- 0.28 in women). After oral dosing, Cmax and AUC values in women were approximately double those in men. Relative to zolmitriptan concentrations, metabolite concentrations were higher after oral dosing than after i.v., and higher in men compared with women. Half-life was significantly longer after oral dosing (mean 22%, 95% CI 6-35%). Mean +/- s.d. values for CL, V2 and t1/2,z after i.v. dosing (all subjects) were 8.7 +/- 1.7 ml min-1 kg-1, 122 +/- 321 and 2.30 +/- 0.59 h respectively. Following administration of 25 mg [14C]-zolmitriptan, 91.5% of the dose was recovered in 7 days, 64.4 +/- 6.5% in urine and 27.1 +/- 6.0% in faeces. Less than 10% was recovered unchanged in urine, with 31.1 +/- 6.4% recovered as the inactive indole acetic acid metabolite. Most of the faecal material was unchanged zolmitriptan, representing unabsorbed drug. Plasma concentrations of [14C] were slightly higher than those of the summed concentrations of known analytes zolmitriptan, the active N-desmethyl metabolite (183C91), the inactive N-oxide (1652W92) and indole acetic acid (2161W92) metabolites, which accounted for 86% of total plasma radioactivity. No other significant metabolites were detected in plasma. Some minor additional metabolites were detected in urine, none of which contributed more than 5% of the dose. CONCLUSIONS: The data suggest that zolmitriptan undergoes first-pass metabolism and this is more extensive in men than in women. Zolmitriptan has suitable bioavailability for an acute oral migraine treatment and there are no significant unidentified metabolites in man.",0
W2048510002,Symptoms and Diseases and Smoking Habits in Female Episodic Cluster Headache and Migraine Patients,"Twenty-seven episodic female cluster headache patients were compared to 27 age-matched female migraine patients with regard to occurrence of symptoms and diseases other than headache, and also with regard to tobacco consumption. Some symptoms and diseases were found to occur significantly or almost significantly more often in the cluster headache patients than in the migraine patients; Chronic fatigue (p < 0.01), vertigo (p < 0.05), arthralgia (p < 0.05), back pain (p = 0.05), spontaneous ecchymoses (p = 0.05) and constipation and/or periodic diarrhea (p = 0.09). There were significantly fewer persons who had never smoked in the cluster headache group than in the migraine group (p < 0.01). The extent of smoking was significantly greater in the cluster headache group than in the migraine group, both as to the number of cigarettes smoked per day (p < 0.001) and as to smoking years (p < 0.001).",0
W1971085853,"Safety, Tolerability, and Pharmacokinetics of Sumatriptan Suppositories Following Single and Multiple doses in Healthy Volunteers","A suppository formulation of the 5HT1 agonist sumatriptan could prove an important therapeutic option in migraine patients who dislike or poorly tolerate injectable therapy and where oral tablet administration is unsuitable because of severe migraine-related vomiting. Two independent double-blind, randomized clinical studies were conducted to evaluate the safety, tolerability and pharmacokinetics of sumatriptan suppositories following ascending single doses (four different dose levels) and multiple doses. In the four-period, crossover, single-dose study, 24 healthy male subjects were randomized to receive a suppository containing 12.5, 25, 50, or 100 mg on separate occasions 3-14 days apart. The suppositories were generally well tolerated; transient asthenia, drowsiness, and headache were the most frequently reported adverse events, and these were not dose-related. Peak plasma concentrations (Cmax) of sumatriptan were proportional to dose from 25 to 100 mg; area under the plasma concentration-time curve (AUC infinity) values were proportional to dose except at the highest doses, when they were greater than those predicted from lower doses. For all doses, the tmax of sumatriptan occurred within 2.5 h, and the t1/2 was approximately 2 h. In the two-period, placebo-controlled, crossover, repeat-dose study, 12 healthy adult male subjects were randomized to receive either a 50-mg sumatriptan suppository or placebo suppository, administered rectally twice a day, for 11 doses (5 1/2 days). Adverse events were no more frequent with sumatriptan than with placebo, and stool guaiac, rectal examinations, and physical examinations remained normal. No significant differences were noted between Day 1 and Day 6 values in the AUC, Cmax, time of peak serum concentration (tmax), elimination half-life (t 1/2), fraction of the dose excreted in the urine (fe), or renal clearance (Clr) of sumatriptan or its pharmacologically inactive indole acetic acid metabolite. Serum metabolite concentrations were two to three-fold higher than corresponding sumatriptan concentrations. No clinically significant accumulation of sumatriptan or its metabolite occurred. Overall, these studies show that sumatriptan administration via a suppository formulation is well tolerated, allows rapid absorption of sumatriptan, results in sumatriptan Cmax values that are proportional to dose from 25 to 100 mg, and is not associated with accumulation of sumatriptan or its metabolite.",0
W1997177751,"Safety, Tolerability, and Pharmacokinetics of Sumatriptan in Healthy Subjects Following Ascending Single Intranasal Doses and Multiple Intranasal Doses","The delivery of sumatriptan doses intranasally could add greater flexibility in the treatment of migraine than is possible with the currently available subcutaneous and oral sumatriptan preparations. Two independent double-blind, randomized, placebo-controlled clinical studies were conducted to evaluate the safety, tolerability and pharmacokinetics of intranasally administered sumatriptan following ascending single doses (three different dose levels) and multiple doses. In the four-way, crossover, ascending-dose study, 20 healthy female subjects were randomized to receive on separate occasions single intranasal spray doses of 5, 10, or 20 mg sumatriptan (as the hemisulphate salt) or placebo into one nostril. Adverse events were mild and consisted mainly of bitter taste at the back of the throat and events typical of sumatriptan administered by other routes (headache, lightheadedness and tingling). Area under the plasma sumatriptan concentration versus time curve (AUC infinity) and peak plasma concentration (Cmax) increased with the dose. Dose proportionality was demonstrated between 5 and 10 mg but not across the dose range 5-20 mg. Time to maximum plasma concentration (tmax) was variable due to multiple peaking. The elimination half-life (t1/2), approximately 2 h, was unaffected by the magnitude of dose. In the two-period, multiple-dose, crossover study, 12 healthy adult male and female subjects were randomized to receive either sumatriptan hemisulphate 20 mg or placebo, administered intranasally as a spray three times a day for 4 days. The two dosing periods were separated by 3 to 14 days. Multiple doses of sumatriptan were well tolerated, with no serious adverse events occurring or withdrawals due to adverse events. All patients reported a mild to moderate drug-related disturbance of taste. Nasal examinations remained normal, and olfactory function was unaffected. The AUC over the first 8 h following dosing (AUC8) and fraction of the dose excreted in the urine (fe; 6.2% vs 3.6%) were similar on Days 1 and 4. Day 4 values were significantly higher (p < or = 0.05) for Cmax (16.9 ng/ml vs 13.1 ng/ml), renal clearance (Clr; 19.0 l/h vs 14.2 l/h), and t1/2 (2.18 h vs 1.93 h), and shorter for tmax (0.88 h vs 1.75 h). Some accumulation (22%) occurred over the 4 days of dosing. Serum concentrations of the pharmacologically inactive indole acetic acid metabolite of sumatriptan were fourfold to fivefold higher than corresponding sumatriptan concentrations. Overall, these studies show that the sumatriptan intranasal spray formulation is well tolerated, allows rapid absorption of sumatriptan, and results in only a clinically insignificant degree of sumatriptan accumulation upon repeated dosing.",0
W1506687306,Transdermal Clonidine in the Prophylaxis of Episodic Cluster Headache,,0
W95294783,Intranasal lidocaine for migraine and cluster headaches.,"While lidocaine may not be effective for the relief of all cluster or migraine headaches and the pain may recur in some patients, this therapy may offer an important therapeutic alternative for certain migraine patients. Further research may provide more information, such as which headache types best respond to lidocaine, if higher concentrations of lidocaine are more effective, if lidocaine solution is more effective than lidocaine nose spray, and if other local anesthetics are as effective.",0
W2090843981,Intravenous chlorpromazine versus intramuscular sumatriptan for acute migraine.,"OBJECTIVE: To establish whether there is any difference in the efficacy of a chlorpromazine regimen and a sumatriptan regimen for the management of the pain of acute severe migraine. SETTING: Two urban teaching hospital emergency departments. METHODS: Prospective, randomised, unblinded, crossover trial. All patients received intravenous metoclopramide 10 mg and 1000 ml of normal saline over 1 h; 20 were then randomised to receive intramuscular sumatriptan 6 mg and 23 to receive intravenous chlorpromazine, 12.5 mg increments to a maximum of 37.5 mg. Response to treatment was measured using visual analogue pain scales. RESULTS: No difference in efficacy between the sumatriptan regimen and the chlorpromazine regimen was found. Adverse effects were mild and equally distributed between the groups. CONCLUSIONS: The chlorpromazine and sumatriptan regimens studied are both very effective for the relief of the headache of severe migraine.",0
W2003798023,Responsiveness of Non-IHS Migraine and Tension-Type Headache to Sumatriptan,,0
W2139652169,Responsiveness of Non-IHS Migraine and Tension-Type Headache to Sumatriptan,"In a long-term efficacy and safety study, 424 patients were treated with sumatriptan (6 mg sc) for 1,904 migraine attacks. The patients were diagnosed with migraine based on IHS criteria but individual migraine attacks treated in the study were physician diagnosed; not necessarily required to meet IHS criteria. A re-analysis of the treatment response to open label sumatriptan (6 mg sc) indicated that 43 patients had treated at least one migraine that fulfilled IHS criteria for tension-type headache. Analysis of this population revealed they treated 232 headaches. Of these headaches, 114 were classified per IHS criteria as migraine; 76 as tension-type; and 42 as non-IHS migraine (not classifiable as IHS migraine or IHS tension-type headache). Of the 114 migraines, a positive response to sumatriptan occurred in 109 (96%) cases; of the 76 tension-types, 73 responded to sumatriptan (97%); of the 42 non-IHS migraine, 40 (95%) responded to sumatriptan. An equivalent response to sumatriptan among three diagnostic groups of headache supports the concept of a common biologic mechanism involving 5HT1 receptors that spans a range of clinical presentations.",0
W2046208028,Oral and Subcutaneous Sumatriptan in the Acute Treatment of Migraine,"In an open, randomized cross-over study in 124 patients, we compared the efficacy, safety and patient preference of oral and subcutaneous sumatriptan in the acute treatment of migraine. Patients were treated for 3 attacks or 3 months and then crossed over. Primary clinical efficacy was defined as a reduction in headache severity on a four-point self-rating scale from severe (3) or moderate (2) to mild (1) or none (0), or mild (1) to none (0). Efficacy was evaluated 2 h after the administration of subcutaneous and 4 h after the administration of oral sumatriptan. Subcutaneous sumatriptan was significantly more effective than oral sumatriptan in relieving headache (over all three attacks 78% vs 61% improvement), improving clinical disability (55% vs 41% improvement) and relieving nausea (69% vs 53%), vomiting (72% vs 32%) and phono- or photophobia (67% vs 49%). Median time to recurrence was shorter after subcutaneous (12.5 h) than after oral sumatriptan (18 h); the number of patients experiencing a recurrence was similar. Patients reported more adverse events after subcutaneous sumatriptan (1.32 per attack) than after the oral form (0.85 per attack), but all adverse events were mild to moderate in intensity and of short duration. Patient opinion was more often positive after subcutaneous sumatriptan. These results may be useful in counselling patients to choose between the available marketed formulations of sumatriptan.",0
W1968296220,Studies to Assess if Pizotifen Prophylaxis Improves Migraine beyond the Benefit Offered by Acute Sumatriptan Therapy Alone,"Two multi-centre studies-one double-blind, placebo-controlled (study 1) and one open (study 2)-were set up to assess if pizotifen prophylaxis improved migraine beyond the benefit offered by acute sumatriptan therapy alone. Eighty-eight patients completed the blinded study and 63 patients completed the open study. Both studies were of crossover design with patients undertaking a 4 week run-in period prior to a 12-week treatment period. Following a 4-week washout period patients commenced a second 12-week treatment period on the alternative treatment regimen. All breakthrough attacks were treated with 100 mg oral sumatriptan with an optional 2 doses available to treat any recurrence within 24 h of taking dose 1. Pizotifen was built up to a final daily dose of 1.5 mg over a 2-week period and patients remained on this dose for a further 10 weeks. Patients in the blinded study were given matching placebo tablets for one of the two treatment periods. The efficacy of sumatriptan was not affected by pizotifen. The median of the monthly attack rate experienced by patients was slightly lower whilst patients were on pizotifen and sumatriptan than while on placebo prophylaxis and sumatriptan or sumatriptan alone; study 1, 3.5 vs 3.9 attacks per month (p = 0.008); study 2, 2.9 vs. 3.2 attacks per month (p = 0.23). Also, while on pizotifen and sumatriptan more patients had a greater proportion of their time in the study migraine-free. From the results of these studies it does not appear that pizotifen reduces migraine severity; regardless of the treatment regimen the initial headache severity of most attacks was moderate. Weight gains experienced by patients while on pizotifen and sumatriptan were greater than the weight gains experienced while on placebo prophylaxis and sumatriptan or sumatriptan alone (period 1); study 1, 2.6 vs. 1.0 kg (p = 0.002); study 2, 1.6 vs. -0.8 kg (p < 0.0001). The combination of pizotifen and sumatriptan did not result in any additional adverse events other than those usually seen with each medication alone. In these studies, where the average number of migraine attacks was around 4 per month, the benefits conferred by pizotifen were at the expense of the adverse events associated with the drug, particularly weight gain. Therefore the clinical benefit of treatment with pizotifen for patients who have less than 4 attacks per month should be carefully reviewed as acute treatment with sumatriptan may be the most appropriate treatment. Pizotifen may be better reserved for those patients who have 4 of more attacks per month.",0
W88697599,Serum beta-endorphin increase after intravenous histamine treatment of chronic daily headache.,"Histamine is able to induce spontaneous-like headache attacks in migraine and cluster headache subjects. Therefore, it has been considered as a possible agent in the pathogenesis of headache. Histamine desensitization is used for the treatment of cluster and other chronic headaches like migrains with interparoxysmal headache. However, it is unknown whether desensitization plays a role in headache improvement. Since a disfunction of the opioid system has been considered responsible for idiopathic headache and since low beta-endorphin levels have been demonstrated in some idiopathic headaches, particularly in migraine with interparoxysmal headache, we planned this study to verify if histamine therapy is able to modify serum beta-endorphin concentrations. For this purpose, we studied 24 healthy control subjects and 36 patients suffering from migraine with interparoxysmal headache refractory to conventional therapies. Patients showed baseline serum beta-endorphin levels significantly lower than healthy control subjects and treatment with histamine for 15 days increased their beta-endorphin concentrations. We believe that histamine treatment can activate the opioid endogenous system. However, the therapeutic effect of histamine remains to be verified by evaluating the correlation between beta-endorphin levels and headache improvement.",0
W2095475070,The thigh may not be suitable as an injection site for patients self-injecting sumatriptan,"The objective of our study was to evaluate the differences between injection sites in the midthigh and the upper lateral quadrant of the gluteal area regarding the effect, depth of subcutaneous tissue, side effects, and patient preference in patients with cluster headache who self-inject 6 mg (0.5 ml) of sumatriptan. Our open, prospective clinical study was performed at the outpatient department of a Swedish university clinic. There were 19 male and one female subjects, 34 to 68 years old, suffering from cluster headache. We measured the subcutaneous tissue depth by ultrasound. Subjects performed four self-injections of sumatriptan, two in the thigh and two in the gluteal area. We evaluated the subcutaneous tissue depth from the skin surface to the muscle fascia, the effect on headache, side effects, and patient preference regarding the injection site. Subcutaneous tissue depth laterally in the thigh was 2 to 12 mm (median, 4 mm) and in the gluteal area was 34 to 68 mm (median, 45 mm). The needle of the self-injector protrudes 5 to 6 mm. Forty thigh and 39 gluteal injections were recorded. The effect on headache was equal. Following injection in thigh the patients experienced more bleeding (p < 0.001, chi 2); local pain (p < 0.05, chi 2); and a feeling of oppression in the head, neck, and chest area (p < 0.05, chi 2); compared with injections in the gluteal area. Fifteen patients preferred the gluteal area as the injection site after the study, two patients had no preference, and three preferred the thigh. When using the self-injector in the lateral aspect of the thigh, intramuscular injection is liable to occur frequently in male patients. This may explain the differences in local and general side effects observed in this study. The upper lateral quadrant of the gluteal area is a more suitable injection site for male, and some female, patients when using the sumatriptan self-injector.",0
W2011047754,Sumatriptan in the Acute Treatment of Migraine Without Aura: Efficacy of 50‐mg Dose,"We conducted an open study on the efficacy of 50 mg of sumatriptan as an acute treatment for migraine without aura. We recruited 200 consecutive patients, with an established history of migraine without aura, presenting at a headache center. The patients were instructed to take half a 100-mg sumatriptan tablet for their next migraine attack, and to record details of their headache in a diary. The primary outcome of the study was headache relief from one migraine attack. Attacks were moderately intense (46%), moderate to severe (7%), or severe (47%). Total or partial benefit at 2 hours from the 50-mg dose was reported by 140 of 200 patients (70%). Thirty-six patients received no benefit from half a tablet, and 24 did not take sumatriptan, preferring their habitual medication. Side effects were few, mild, and short lasting. We conclude that the 50-mg oral dose is generally effective for migraine without aura attacks of both moderate and severe intensity and recommend this dose for all such patients. If, however, sumatriptan is ineffective at that dose it can be increased to a maximum of 100 mg.",0
W2004581167,"Sumatriptan-Induced Growth Hormone Release in Patients with Major Depression, Mania, and Normal Controls",,0
W2003655195,"Peripheral Vascular Effects and Pharmacokinetics of the Antimigraine Compound, Zolmitriptan, in Combination with Oral Ergotamine in Healthy Volunteers","Members of the new class of antimigraine compounds, 5HT1B/1D agonists, as well as ergotamine, may cause vasoconstriction through stimulation of 5HT receptors on peripheral vessels. The cardiovascular effects of 20 mg oral zolmitriptan (Zomig, formerly 311C90), 2 mg oral ergotamine and the combination were assessed in a randomized double-blind, placebo-controlled crossover study in 12 healthy subjects. Pharmacodynamic measures included oscillometric blood pressure, systolic blood pressure at the toe and arm using a strain gauge technique, stroke volume and cardiac output using bioimpedance cardiography, high-resolution ultrasound to measure brachial arterial diameter and a novel Doppler method to measure blood flow velocity. Both drugs produced small degrees of peripheral vasoconstriction, including increases in diastolic blood pressure and blood flow velocity and decreases in arterial diameter and toe-arm systolic pressure gradient. These effects were generally additive with the combination but of no clinical importance. There were no significant changes in cardiac output, stroke volume heart rate or ECG. Zolmitriptan, at eight times the likely therapeutic dose, was generally well tolerated both alone and in combination with ergotamine. Ergotamine had no clinically important effects on zolmitriptan pharmacokinetics.",0
W2096477929,"Double-Blind, Placebo-Controlled, Dose-Finding Study of Rizatriptan (MK-462) in the Acute Treatment of Migraine","Rizatriptan (MK-462) is a potent 5HTID receptor agonist. This multicenter, double-blind, placebo-controlled, outpatient study investigated the clinical efficacy, safety, and tolerability of rizatriptan (2.5, 5, and 10 mg) as a function of dose for acute migraine. Patients with moderate or severe migraine (n = 417) were treated with placebo (n = 67), rizatriptan 2.5 mg (n = 75), 5 mg (n = 130), or rizatriptan 10 mg (n = 145). Headache severity, functional disability, and migraine symptoms were measured immediately before dosing (0) and at 0.5, 1, 1.5, 2, 3, and 4 h post-dose. Patients were permitted to take a second dose of test drug at 2 h if their headache pain was moderate or severe (i.e., placebo initially-->rizatriptan 10 mg as optional second dose; rizatriptan 2.5 mg, 5 mg, or 10 mg initially-->placebo as optional second dose). An upward dose-response relationship was observed among placebo, rizatriptan 2.5 mg, 5 mg, and 10 mg in the primary efficacy measure of proportion of patients reporting pain relief, i.e., a change in headache severity to ""no pain or mild pain"" at 2 h post-dose. The relationship was evident even at the first recorded timepoint, 30 min, and was statistically significant at 1.5 h and beyond. At the primary timepoint of 2 h after the initial dose, the proportion of patients reporting pain relief was 47.6% for rizatriptan 10 mg; 45.4% for rizatriptan 5 mg; 21.3% for rizatriptan 2.5 mg; and 17.9% for placebo. Seventy percent of patients on rizatriptan 10 mg reported pain relief at 4 h. Patients who took rizatriptan 5 mg and 10 mg were significantly less functionally disabled than those who took placebo at 1.5 and 2 h post-dose. Rizatriptan 10 mg was consistently more effective than 5 mg, although the differences were not statistically significant. The most frequent clinical adverse events were dizziness, somnolence, and asthenia/fatigue. No patients were discontinued for any adverse experiences and there were no serious adverse experiences.",0
W2081684908,Double-Blind Placebo-Controlled Trial of Lithium in Episodic Cluster Headache,"Lithium is widely used in the prophylaxis of episodic cluster headache without formal evidence of efficacy. Placebo-controlled clinical trials are not easy in conditions characterized by frequent severe pain. In this study, it was assumed that lithium would work quickly if at all, and placebo response would be zero. Strict diagnostic criteria excluded uncertain or atypical cases. Patients were male in so-far untreated episodes expected to last for at least 3 weeks more. In a double-blind, placebo-controlled comparison of matched parallel groups, treatment was either slow-release lithium carbonate, 800 mg/day, or placebo. After 7 days, compliance was estimated by tablet count, blood was taken for lithium assay, efficacy was assessed (attacks stopped or substantially improved) and adverse reactions were recorded. The study was stopped after planned sequential analysis of the 27th patient (13 on lithium, 14 on placebo). Estimated compliance was usually but not always good. Plasma lithium levels were mostly in the range 0.5-0.6 mmol/l on lithium, zero on placebo. Cessation of attacks within 1 week occurred in two patients in each group, substantial improvement in 6/14 (43%) on placebo, 8/13 (62%; NS) on lithium. Only minor adverse events were reported. Lithium treatment was therefore associated with a useful subjective improvement rate but the assumptions made at outset had proved wrong. The trial was stopped because superiority over placebo could not be demonstrated. There were lessons for future trials.",0
W1979352394,Characteristics and Determinants of Sumatriptan-Associated Chest Pain,"BACKGROUND: Serious cardiac adverse reactions, including myocardial infarction, have been attributed to the antimigraine drug sumatriptan succinate. Chest pain is considered to be a relatively common adverse reaction to sumatriptan. DESIGN: Postmarketing study. PATIENTS AND METHODS: The study was a part of a national cohort study on adverse reactions to sumatriptan, which was performed with the assistance of drug-dispensing general practitioners in the Netherlands. After data were collected on observed adverse reactions, the patients received a second questionnaire, with specific questions regarding the adverse event, and questions regarding medical history, other health complaints, and smoking habits. Furthermore, they had a physical examination and a blood cholesterol measurement. RESULTS: A total of 137 patients with chest pain associated with intake of sumatriptan were identified and compared with 229 consumers of sumatriptan without this adverse reaction. After multivariate analysis, young age, hypertension, general complaints of abdominal pain, and a family history of myocardial infarction were associated with an increased risk of chest pain attributed to sumatriptan. Hypertension in particular was a risk factor for sumatriptan-induced chest pain in men (relative risk, 8.0; 95% confidence interval, 1.8-40) compared with hypertension as a risk factor in women (relative risk, 1.63; 95% confidence interval, 0.9-3.1). CONCLUSIONS: Young age, hypertension, general complaints of abdominal pain, and a family history of myocardial infarction are associated with an increased risk of chest pain attributed to sumatriptan. Sex is an effective modifier of risk factors of sumatriptan-induced chest pain. In particular, hypertension is a strong risk factor in men.",0
W2026054624,Attacking migraine headache from beginning to end,"This issue of Neurology contains four articles describing advances in migraine pharmacology and genetics that are important to practicing neurologists. In the clinical arena, Rapoport et al.1 and Solomon et al.2 report beneficial results in large trials with zolmitriptan, a new orally active antimigraine agent; Ryan et al.3 report improved efficacy using a sumatriptan nasal spray during acute migraine headaches. Both drugs are intended to shorten an attack, reduce the recurrence rate, and treat associated symptoms while avoiding parenteral administration. In a seemingly unrelated report, Gardner et al.4 provide evidence using linkage analysis for a new familial hemiplegic migraine (FHM) locus on chromosome 1q31. This important finding complements a recent discovery showing that a gene encoding the α1A subunit of the P/Q calcium channel is mutated in approximately 50% of families with FHM. Basic and clinical neuroscientists will be excited by the Gardner report because it hints at the possibility of a mutation in the α1E subunit of a related calcium channel. Together, these four reports emphasize that rapid new developments in the biology and treatment of migraine are changing our views about the origins of neurovascular pain syndromes.

The end. Zolmitriptan(S)-4[[3-2[2-(dimethylamino-amino)ethyl-1H-indol-5-yl]methyl]-2-oxazolidinone) is a designer drug that structurally resembles sumatriptan(3-[2-(dimethylamino)ethyl]-N-methyl-1H-indole-5-methanesulfonamide). Both are agonists that bind with high affinity to 5-HT1D, 5-HT1B, and 5-HT1F receptors. 5-HT1D and 5-HT1F receptors are expressed on trigeminal nerve endings and when occupied by one of these drugs they block neuropeptide release as well as alter neurotransmission in trigeminovascular neurons, possibly within the brainstem as well. 5-HT1B receptors are expressed on vascular smooth muscle cells and mediate vasoconstriction. Both mechanisms may be important for drug action.5 Because of an unfavorable lipid partition coefficient, sumatriptan crosses the blood-brain barrier poorly; therefore, a …",0
W2051450601,"Optimizing the dose of zolmitriptan (Zomig,* 311C90) for the acute treatment of migraine","This study investigated the efficacy of zolmitriptan (Zomig, formerly 311C90) in acute migraine therapy. Patients with a history of migraine were randomized in a double-blind, multicenter, placebo-controlled, dose range-finding study of oral zolmitriptan 1, 2.5, 5, or 10 mg versus placebo for the treatment of a severe or moderate migraine headache. Patients with persistent or recurrent headache 4 to 24 hours after the initial dose, who did not take escape medication, were eligible to receive a second blinded dose of either zolmitriptan or placebo. Of 1,144 patients treated, 999 evaluable patients completed the study. The headache response rates with zolmitriptan doses > or = 2.5 mg were 44 to 51% at 1 hour, 65 to 67% at 2 hours, and 75 to 78% at 4 hours (all significantly superior to placebo). Also, zolmitriptan effectively relieved migraine-associated symptoms such as nausea, photophobia and phonophobia, and reduced activity impairment. Rates of headache recurrence, headache persistence, and use of escape medication were lower with zolmitriptan doses > or = 2.5 mg than with placebo. In patients with persistent or recurrent headache, a second zolmitriptan dose effectively treated both headache and nonheadache symptoms. Zolmitriptan was well tolerated, with a lower incidence of adverse events being reported with doses < or = 2.5 mg than with those > or = 5 mg. Zolmitriptan is a well tolerated and effective acute migraine therapy providing rapid relief of migraine headache within 1 hour. A clear dose-response relationship between efficacy and tolerability suggests that 2.5 mg is the optimal initial dose for the acute treatment of a migraine attack.",0
W2088590171,Clinical efficacy and tolerability of 2.5 mg zolmitriptan for the acute treatment of migraine,"Previous studies demonstrated that zolmitriptan at doses of 1 to 25 mg was highly effective in treating acute migraine attacks. The 2.5-mg dose had a favorable therapeutic effect with high efficacy and good tolerability. The objective of this study was to further evaluate the efficacy of a single 2.5-mg dose of zolmitriptan (Zomig, formerly known as 311C90) for acute treatment of a single moderate or severe migraine attack. The study was a randomized, double-blind, placebo-controlled clinical trial. Female and male patients, 12 to 65 years old, with migraine (with or without aura) for > or = 1 year, one to six migraines per month, and age at onset < 50 years were included; 327 patients were screened and randomized to receive either zolmitriptan (n = 219) or placebo (n = 108). Patients treated a single moderate or severe migraine headache with 2.5 mg zolmitriptan or placebo and recorded clinical efficacy and adverse events on a diary form. Headache response at 2 hours was 62% for zolmitriptan compared with 36% for placebo (p < 0.001); at 4 hours, headache response was 70% with zolmitriptan and 37% with placebo (p < 0.001). Headache recurrence in patients treated with 2.5 mg zolmitriptan was 22% (versus placebo 30%). The headache response at 4 hours, pain-free rate, and response rate of nonheadache symptoms favored zolmitriptan over placebo. No serious adverse events were associated with zolmitriptan treatment. A 2.5-mg dose of zolmitriptan is clinically effective and well tolerated for the acute treatment of migraine.",0
W2085587616,Sumatriptan nasal spray for the acute treatment of migraine,"BACKGROUND: Sumatriptan nasal spray may be particularly useful for patients whose nausea and vomiting preclude them from using oral migraine medication or for patients who prefer not to use an injectable migraine medication. The objective of this study was to evaluate in two clinical studies the efficacy and tolerability of the intranasal form of sumatriptan in the acute treatment of a single migraine attack. International Headache Society-diagnosed adult migraineurs in two randomized, double-blind, parallel-group, multicenter studies (n = 409 and 436) used sumatriptan nasal spray 20 mg, 10 mg, or placebo (2:1:1) for the acute treatment of a single migraine attack at home. Predose and at predetermined postdose intervals, patients recorded headache severity (none, mild, moderate, severe); time to meaningful relief; clinical disability (none, mildly impaired, severely impaired, bed rest required); presence/absence of nausea, photophobia, and phonophobia; and the occurrence of adverse events. Two hours postdose in the two studies, moderate or severe baseline pain was reduced to mild or none in 62 to 63% of patients treated with sumatriptan 20 mg, 43 to 54% of patients treated with sumatriptan 10 mg, and 29 to 35% of placebo-treated patients (p < 0.05 20 mg versus placebo for both studies and 10 mg versus placebo for study 1). Onset of relief relative to placebo began as early as 15 minutes postdose (sumatriptan 20 mg, study 2). Clinical disability at 2 hours postdose was reported as mildly impaired or normal in 72 to 74% of patients treated with sumatriptan 20 mg, 56 to 68% of patients treated with sumatriptan 10 mg, and 47 to 58% of placebo-treated patients (p < 0.05 20 mg versus placebo for both studies). Similar efficacy rates were observed for nausea, photophobia, and phonophobia. The most common adverse event in the active treatment groups was disturbance of taste (bad, bitter, or unpleasant taste). Aside from this event, the pattern and incidence of adverse events did not differ among treatment groups. From these results we determined that sumatriptan nasal spray is a rapidly effective, well-tolerated migraine treatment. The 20-mg dose was effective in treating the entire migraine symptom complex, and the 10-mg dose was less consistently effective.",0
W2412905955,Sumatriptan does not affect vasopressin secretion in humans.,"The aim of the study was to investigate the effects of a new serotoninergic drug, sumatriptan, on arginine vasopressin secretion in humans. Plasma vasopressin concentrations were determined in eight healthy volunteers, before and after administration of 6 mg of sumatriptan, or placebo. No changes in hormone levels were found after sumatriptan or placebo administration. The results suggest that in humans serotoninergic mechanisms, which modulate vasopressin secretion, do not involve the serotonin receptor activated by sumatriptan.",0
W2106093383,Transdermal Clonidine in the Prophylaxis of Episodic Cluster Headache: An Open Study,"Transdermal clonidine has recently been reported to be efficacious in the prophylaxis of cluster headache. A 2-week course of transdermal clonidine (5 mg the first week, 7.5 mg the second week) preceded by a 5-day run-in period, was administered to 16 patients with episodic cluster headache in an active cluster period. In 5 patients, the painful attacks disappeared after the seventh day of treatment. For the group as a whole, no significant variations in headache frequency, pain intensity, or attack duration were observed between the run-in period and the first and second weeks of treatment (ANOVA). Further studies are necessary to clarify the effectiveness of transdermal clonidine in the prophylaxis of episodic cluster headache.",0
W2270858866,"Pre-clinical pharmacology of zolmitriptan (Zomig™; formerly 311C90), a centrally and peripherally acting 5HT1B/1D agonist for migraine","Zolmitriptan (Zomig; formerly 311C90) is a novel 5-hydroxytryptamine (5HT)1B/1D receptor agonist with proven efficacy in the acute treatment of migraine with or without preceding aura. The drug differs from presently available members of this drug class in that it combines 5HT1B/1D receptor partial agonist activity with robust oral pharmacokinetics and an ability to inhibit trigeminovascular activation centrally as well as peripherally in preclinical studies. Consistent with its selectivity for 5HT1B/1D receptors, zolmitriptan produces constriction of various isolated blood vessels, most notably cranial arteries. In anaesthetized animals, these vascular effects manifest as a selective constriction of cranial arterio-venous anastomoses resulting in a redistribution of carotid arterial blood flow. This effect is produced without significant effects on heart rate, blood pressure or blood flow to the brain, heart or lungs. Zolmitriptan also inhibits trigeminal-evoked increases in cerebral blood flow in anaesthetized cats and blocks trigeminal-evoked plasma protein extravasation in the dura of guinea-pigs. These actions are consistent with a pre-junctional inhibition of neuropeptide release from perivascular afferents of the trigeminal nerve, as confirmed by independent studies showing that zolmitriptan blocks elevations of calcitonin-gene-related peptide in jugular venous blood during electrical stimulation of the trigeminal ganglion. In all of these effects, zolmitriptan is three to four times more potent than sumatriptan, but produces the same maximum response. Zolmitriptan crosses the intact blood-brain barrier to inhibit trigeminovascular activation in the brainstem. This was shown initially by the ability of the drug to block a brainstem reflex provoking vasoactive intestinal peptide release from the VIIth cranial (facial) nerve during trigeminal stimulation. Subsequent ex vivo autoradiography confirmed that intravenously injected [3H]zolmitriptan labels a discrete population of cells in the trigeminal nucleus caudalis (TNC) and nucleus tractus solitarius. Direct evidence for a central neuromodulatory effect of zolmitriptan was provided by electrophysiological experiments which clearly demonstrated that the drug inhibits the excitability of cells in the TNC after systemic administration. This novel pre-clinical profile not only distinguishes zolmitriptan from sumatriptan, but raises intriguing questions about the clinical relevance of a dual action. Studies to date show that zolmitriptan indeed modulates cranial sensory processing in humans, yet central side-effects are no different from sumatriptan. This property may account for the remarkable consistency in clinical efficacy observed in clinical trials.",0
W2247055120,"Zolmitriptan (Zomig™, 311C90), a novel dual central and peripheral 5HT1B/1D agonist: An overview of efficacy","The efficacy of zolmitriptan (Zomig, 311C90), a 5-hydroxytryptamine (5HT)1B/1D receptor agonist, in the acute oral treatment of migraine was evaluated in an extensive clinical trial program. Four randomized, placebo-controlled studies (total 2480 patients) were performed; data from two of these trials established that a 2.5 mg dose was on the shoulder of the dose-response curve (2-h headache response rate 64%), showing similar efficacy to the 5 mg dose (67%). In this program, the efficacy of zolmitriptan was not influenced by the pretreatment headache duration; the presence of aura preceding the headache, migraine associated with menses or migraine upon awakening; or by concomitant use of oral contraceptives or antidepressants. In addition, zolmitriptan 5 mg proved consistently effective in the treatment of multiple migraine attacks for up to 1 year. Zolmitriptan reduced the incidence of nausea, photophobia and phonophobia, reduced impairment of normal activity and demonstrated positive effects on patients' quality of life. Thus, zolmitriptan is a highly effective acute oral antimigraine therapy, with 2.5 mg providing the optimal balance between efficacy and tolerability.",0
W2419592928,"Tolerability profile of zolmitriptan (Zomig™ 311C90), a novel dual central and peripherally acting 5HT1B/1D agonist","Zolmitriptan (Zomig, formerly 311C90) at doses of 0.5-50 mg was administered to 316 unique volunteers in clinical pharmacology studies and 2,750 unique patients in eight clinical studies of acute migraine treatment. Overall, subjects received almost 50,000 doses; 97% of exposures were at doses > or = 2.5 mg. In the clinical pharmacology studies, the overall incidence of subject exposures experiencing at least one adverse event was 52% with zolmitriptan 2.5 mg (28% with placebo). In placebo-controlled studies, the overall incidence of patients with at least one adverse event was dose-dependent for zolmitriptan over the 1-15 mg dose range, e.g. 42% and 46% with 1 and 2.5 mg, respectively and 58% with 5 mg (29% with placebo). Only four serious adverse events attributable to zolmitriptan were reported. In a long-term study, during which 2,058 outpatients treated a total of 31,579 migraine attacks with either one or two zolmitriptan 5 mg doses over a period of up to 1 year, the number of attacks associated with at least one adverse event was similar after one (26%) and two (24%) doses. The majority (59%) of the adverse events reported in this study (59%) occurred within 2 h of dosing, were predominantly mild (59%) or moderate (35%) in intensity, of < or = 4 h duration (58%), required no further action (94%). In placebo-controlled studies, the percentage of patients who reported severe adverse events was similar with zolmitriptan 2.5 mg (4%) and placebo (5%). The most frequently reported adverse events with zolmitriptan in the placebo-controlled clinical studies were asthenia, heaviness (other than chest or neck), dry mouth, nausea, dizziness, somnolence, paresthesia and warm sensations. The type and severity of the adverse events was not influenced by gender (although the frequency of reported adverse events was higher in females, as was the case in the placebo group), age, presence of aura prior to the attack, association of migraine with menstruation, concurrent medication, or by the addition of a second zolmitriptan dose. Zolmitriptan showed a similar tolerability profile in the long-term study, in which a low withdrawal rate due to adverse events of 8% was observed. Zolmitriptan was not associated with an increased frequency of central nervous system-related adverse events in a comparative study of sumatriptan, despite pre-clinical and neurophysiological evidence of a dual peripheral and central action of zolmitriptan. Moreover, zolmitriptan doses of 5-20 mg produced no statistically significant effects on objective assessments of psychometric function. Zolmitriptan had no clinically significant effects on blood pressure (even in patients with controlled mild to moderate hypertension or impaired renal function), ECGs (e.g. there was no evidence of ischemic events) or clinical chemistry, hematological or urinalysis measurements. In summary, zolmitriptan is well tolerated, particularly at the recommended dose of 2.5 mg. Zolmitriptan has a well-defined dose-response with 2.5 mg proving highly effective and optimizing the benefit/risk ratio of treatment. Thus, zolmitriptan is well suited as an acute oral treatment for migraine in the outpatient setting.",0
W2433694262,"Clinical applications of zolmitriptan (Zomig™, 311C90)","Zolmitriptan (Zomig, formerly 311C90) is a novel, oral antimigraine drug that is consistently effective and well tolerated in the acute treatment of migraine headache and its associated symptoms. The purpose of this article is to review data available from pharmacological and clinical trials with zolmitriptan and to summarize the clinically relevant features that distinguish this agent. We will review the attributes desirable in a migraine drug and use this as a template for assessing zolmitriptan. Zolmitriptan provides a new oral treatment option for physicians which should help improve patient outcomes.",0
W1985212398,Drug-induced chest pain and myocardial infarction. Reports to a national centre and review of the literature,,0
W2441949812,The way to serotonergic use and abuse in migraine.,"5-HT is currently indicated to play a role in migraine (M). Previously evidenced 5-HT supersensitivity which characterizes M is insufficient to compensate for a possible deficit in 5-HT bioavailability. Inducing a further up-regulation of 5-HT receptor can yield improvement of M syndrome. Chronic treatments of methysergide and propranolol, drugs exerting antagonist action at 5-HT receptors, induced a significant amelioration in 256M sufferers. On the contrary, chronic treatments of ergotamine and sumatriptan, both provided with a 5-HT1 agonist activity, induced a worsening of M in 134 M sufferers. The M worsening was paralleled by an increase in consumption of analgesic drugs. Discussion concerns the effects of the chronically given 5-HT agonists and antagonists as well as the possible receptor mechanism underlying ""craving for serotonin"" in severe M. The increase of 5-HT supersensitivity evidenced at the end of M attacks is also discussed and its role in determining the interruption of the attack is here suggested.",0
W2000762744,Naratriptan is effective and well tolerated in the acute treatment of migraine,"The efficacy and tolerability of naratriptan tablets (2.5 mg, 1 mg, and 0.25 mg) compared with placebo in the acute treatment of migraine were evaluated in a randomized, double-blind, four-period crossover study. Five hundred eighty-six assessable patients received naratriptan 2.5 mg, 595 received 1 mg, 591 received 0.25 mg, 602 received placebo. Headache relief (moderate or severe pain reduced to mild or none) 4 hours postdose was reported in 68% of patients after treatment with naratriptan 2.5 mg compared with 57% after 1 mg, 39% after 0.25 mg, and 33% after placebo (p < 0.001 naratriptan 2.5 mg and 1 mg versus placebo and 1 mg and 2.5 mg versus 0.25 mg). Headache relief was maintained 8, 12, and 24 hours postdose with no use of rescue medication or a second dose of study medication by significantly (p < 0.001) greater percentages of patients after treatment with naratriptan 2.5 mg or 1 mg compared with naratriptan 0.25 mg or placebo. Naratriptan was also more effective than placebo in reducing clinical disability and the incidences of nausea, photophobia, and phonophobia. The overall incidence of adverse events and the incidences of specific adverse events did not differ in the naratriptan groups compared with placebo. No clinically relevant changes in ECG, blood pressure, or laboratory findings were reported. These data demonstrate that naratriptan is effective and well tolerated for the acute treatment of migraine. The 2.5-mg dose was associated with superior efficacy, whereas its adverse event profile was similar to that of placebo.",0
W2059722737,The interaction between propranolol and the novel antimigraine agent zolmitriptan (311C90),"AIMS: Zolmitriptan (Zomig, formerly known as 311C90), a selective 5HT1B/1D agonist is under development as an acute oral treatment for migraine. Despite the use of prophylactic medication, such as propranolol, breakthrough attacks often occur in patients. Consequently we investigated the effects of propranolol on the pharmacokinetics of, and cardiovascular responses to, zolmitriptan. METHODS: A double-blind, randomized, crossover study of the effects of pre-treatment with propranolol 160 mg daily for 7 days or placebo on the pharmacokinetics and effects on blood pressure of a single 10 mg dose of zolmitriptan in 12 healthy volunteers. RESULTS: Propranolol increased mean zolmitriptan Cmax and AUC by 56% and 37% respectively; mean t1/2 was prolonged from 3.1 to 4.0 h. Mean Cmax and AUC of the pharmacologically active N-desmethyl metabolite were reduced by 24% and 11% respectively and the metabolite:parent AUC ratio (AUCm/AUCp) fell from 0.46 to 0.26. Mean Cmax and AUC for the inactive indole acetic acid metabolite were both reduced by 13% and AUCm/AUCp from 1.04 to 0.59. A small pressor effect of short duration was observed following zolmitriptan with mean peak rises of 13 and 11 mmHg in systolic and diastolic pressures respectively; propranolol had no effect on the pressor response. CONCLUSIONS: The results suggest that propranolol inhibits biotransformation of zolmitriptan but with no change in the small pressor response to zolmitriptan. It is therefore unlikely that the pharmacokinetic changes will lead to clinically important changes in pharmacological effects and dosage adjustment of zolmitriptan is not required in patients taking propranolol for migraine prophylaxis.",0
W2058460644,"Naratriptan is Effective and Well Tolerated in the Acute Treatment of Migraine. Results of a Double‐Blind, Placebo‐Controlled, Parallel‐Group Study","OBJECTIVE: To evaluate the efficacy and tolerability of naratriptan, a novel 5-HT1 agonist, in the acute treatment of migraine. DESIGN/METHODS: Six hundred thirteen migraineurs, diagnosed according to International Headache Society criteria, treated a single migraine attack with naratriptan tablets (2.5 mg, 1 mg, 0.25 mg, or 0.1 mg) or placebo in a randomized, double-blind, placebo-controlled, parallel-group study conducted at 54 United States centers. At dosing and at predetermined intervals beginning 30 minutes postdose, patients recorded migraine pain severity, clinical disability, and presence of associated migraine symptoms. Safety measures included adverse events, physical examinations, vital signs, ECGs, and clinical laboratory tests. RESULTS: Headache relief (moderate or severe pain at dosing reduced to mild or no pain) 4 hours postdose was reported in 60% of patients receiving naratriptan 2.5 mg compared with 50%, 35%, 32%, and 34% of patients receiving naratriptan 1 mg, 0.25 mg, 0.1 mg, and placebo, respectively (P < 0.05 naratriptan 2.5 mg and 1 mg versus placebo, 1 mg versus 0.1 mg, and 2.5 mg versus 0.1 mg and 0.25 mg). Clinical disability 4 hours postdose was reported as mild or none for 70% of patients receiving naratriptan 2.5 mg compared with 63%, 47%, 48%, and 48% of patients receiving naratriptan 1 mg, 0.25 mg, 0.1 mg, or placebo, respectively (P < 0.05 naratriptan 2.5 mg and 1 mg versus placebo, 1 mg versus 0.1 mg, and 2.5 mg versus 0.1 mg and 0.25 mg). Four-hour efficacy for absence of nausea, photophobia, and phonophobia was similar to efficacy for headache relief at each dose. The adverse event profile of each dose of naratriptan was similar to that of placebo. No clinically relevant change in any safety measure was reported. CONCLUSIONS: Naratriptan is effective and well tolerated for the acute treatment of migraine. The 2.5-mg dose appears to offer the optimum ratio of efficacy to tolerability.",0
W2066503431,"Intensity Dependence of the Cortical Auditory Evoked Potentials as A Surrogate Marker of Central Nervous System Serotonin Transmission in Man: Demonstration of A Central Effect for the 5Ht<sub>1B/1D</sub> Agonist Zolmitriptan (311C90, Zomig®).","As shown in animal studies, 5HT1B/D agonists can inhibit activity in the trigeminal nucleus caudalis, which may be advantageous for their antimigraine effect. To demonstrate a possible central nervous system (CNS) action of these compounds in man we studied their effect on the intensity dependence of the cortical auditory evoked potentials (IDAPs), thought to be inversely related to central serotonergic transmission. An amplitude/stimulus intensity function (ASF) slope was computed in healthy volunteers and migraine patients between attacks before and 2 h after oral 311C90 (zolmitriptan ""Zomig"") 10 mg (n=14), 311C90 5 mg (n=7), sumatriptan 100 mg (n=14), dexfenfluramine 15 mg (n=4), lorazepam 1.25 mg (n=4) and placebo (n=14). 311C90 10 mg and, to a lesser degree, 5 mg significantly increased the mean ASF slope (p=0.007 and 0.05 vs placebo). There was a significant positive correlation between plasma levels of 311C90 and ASF slope changes. Sumatriptan and lorazepam had little effect, but dexfenfluramine produced a significant ASF slope decrease. 311C90 is able to modify a CNS activity that is modulated by serotonin, i.e. the IDAP. This effect is probably the consequence of its superior lipophilicity compared to sumatriptan and of activation of prejunctional 5HT1B/D autoreceptors, which lowers central serotonin release and thus the preactivation level of sensory cortices.",0
W2146767733,Improvement in Migraine-Specific Quality of Life in A Clinical Trial of Rizatriptan,"A validated migraine-specific questionnaire (24-h Migraine Quality of Life Questionnaire: 24-h MQoLQ) was used to assess the impact of migraine and migraine therapy on health-related quality of life during an acute migraine attack. Male and female migraineurs aged 18-55 years were randomized to placebo (n=41), rizatriptan 2.5 mg (n=47), 5 mg (n=74), or 10 mg (n=85) in a triple-blind, placebo-controlled clinical trial. Rizatriptan 5 mg and 10 mg were significantly more efficacious than placebo on pain relief and functional disability. After accounting for multiple comparisons to placebo, rizatriptan 10 mg showed significantly better responses compared to placebo on three of five domains of 24-h MQoLQ (social functioning, migraine symptoms, and feelings/concerns). The O'Brien's Rank Sum Test statistic showed a statistically significant overall difference on the 24-h MQoLQ between the 10 mg rizatriptan and placebo groups (p=0.005) and for the overall dose trend (p< or =0.001).",0
W4250331970,Cluster Headache,"Cluster headache is characterized by regular periodicity, high frequency during a cluster period, relative brevity, and extreme intensity. Lancinations, as in trigeminal neuralgia, are rare. An important behavioral difference between migraine and cluster headache is that the patient is usually hyperactive during a cluster headache, whereas the migraineur retreats to a dark, quiet room. Cluster headache is more common in middle-aged men; migraine is more common in young women. Intermediate or overlap syndromes occur. Many of the same prophylactic and abortive treatments are effective in both, although in cluster headache there is a premium on rapid action.",0
W2113998403,Sumatriptan Contraindications and the Serotonin Syndrome,"OBJECTIVE To determine the risk for serotonin syndrome associated with the concomitant use of sumatriptan and the currently contraindicated therapies, that is, the monoamine oxidase inhibitors (MAOIs), serotonin selective-reuptake inhibitors (SSRIs), and lithium. METHODOLOGY: A comprehensive search for reports of serotonin syndrome associated with sumatriptan use was conducted by using tertiary drug interaction literature, MEDLINE, EmBASE, Biological Abstracts, Current Contents, Reactions, ClinAlert, and the International Pharmaceutical Abstracts. In addition, related reports from the proprietary manufacturers, the Health Protection Branch of Health Canada, and the World Health Organization Collaborative Centre for International Drug Monitoring were also solicited. RESULTS The concurrent use of sumatriptan with an SSRI or lithium has been reported to cause symptoms suggestive of serotonin syndrome in 16 and 2 cases, respectively. There were no reports involving MAOIs. In general, the reports indicated a mild-to-moderate, self-limited course with some features consistent with the serotonin syndrome. We found published reports of sumatriptan use without adverse events involving 148 patients receiving SSRIs, 31 patients taking MAOIs, and a small number using lithium. CONCLUSIONS Clinical evidence supporting the strict contraindication of MAOIs, SSRIs, and lithium was not identified. The balance of documented clinical experience pertaining to the use of sumatriptan concurrently with SSRIs or lithium suggests that most patients tolerate this combination without incident. Because there is little reliable experience with sumatriptan in combination with MAOIs, we suggest that sumatriptan should continue to be avoided in patients taking these agents until further data demonstrating safety become available. OBJETIVO Determinar el riego de desarrollar el síndrome de la serotonina asociado al uso concomitante del sumatriptan con agentes inhibidores selectivos de la captura de la serotonina, inhibidores de la monoamina oxidasa (IMAO), y el litio. MÉTODOS Las fuentes de información incluyeron la literatura de interacciones medicamentosas, MEDLINE, EmBASE, Biological Abstracts, Current Contents, Reactions, ClinAlert, y International Pharmaceutical Abstracts. También reportes emanados por los fabricantes de estos medicamentos, la Rama de Protección de la Salud de Salud Canada, y el Centro Colaborativo de Monitoreo Internacional de Medicamentos de la Organización Mundial de la Salud. RESULTADOS Los resultados de la investigación sugieren la presencia del síndrome de la serotonina en 16 casos de pacientes que recibieron el sumatriptan con los inhibidores selectivos de la captura de la serotonina y en 2 casos de pacientes que recibieron el sumatriptan con el litio. No hubo reportes que involucrasen a los IMAO. Las manifestaciones clínicas de este síndrome están descritas en este artículo. En general, los reportes indican que el curso de este evento es de leve a moderado y auto limitante. Los autores consiguieron un número considerable de reportes de estas combinaciones que no condujeron a reacciones adversas. Estos incluyeron 148 reportes del uso del sumatriptan con inhibidores selectivos de la captura de la serotonina, 31 del uso del sumatriptan con IMAO, y un número pequeño del uso del sumatriptan con el litio. CONCLUSIONES No existe suficiente evidencia clínica de que los IMAO, los inhibidores selectivos de la captura de la serotonina o que el litio estén totalmente contraindicados en pacientes recibiendo el sumatriptan. La experiencia clínica documentada hasta el presente sugiere que la mayoría de los pacientes toleran esta combinación sin incidentes. Debido a que existe poca experiencia acerca del uso del sumatriptan con los IMAO, los autores sugieren que esta combinación sea evitada hasta que haya mayor información sobre su seguridad. OBJECTIF Préciser le risque d'apparition d'un syndrome sérotoninergique lié à l'emploi concomitant de sumatriptan et des inhibiteurs de la monoamine oxydase (IMAO), des inhibiteurs sélectifs de la recapture de la sérotonine (ISRS), ou du lithium. MÉTHODES Une recherche des rapports publiés sur le syndrome sérotoninergique lié à l'emploi du sumatriptan a été menée dans les sources d'informations spécialisées en interactions médicamenteuses, dans les banques informatisées MEDLINE et EmBASE, dans les revues Biological Abstracts, Current Contents, Reactions, ClinAlert, et International Pharmaceutical Abstracts. De plus, les données des fabricants, de la Direction Générale de la Protection de la Santé de Santé Canada, et du Centre de Collaboration pour la Surveillance Internationale des Médicaments de l'Organisation Mondiale de la Santé ont été révisées. RÉSULTATS L'emploi concomitant de sumatriptan et des ISRS ou du lithium a été associé à des symptômes s'apparentant au syndrome sérotoninergique dans 16 et 2 cas, respectivement. Il n'y a pas eu de cas rapporté avec les IMAO. En général, les symptômes rapportés étaient de légers à modérés, et quelques présentations concordaient avec un syndrome sérotoninergique. Les auteurs ont répertorié 148 patients ayant utilisé le sumatriptan et les ISRS qui n'ont eu aucun problème, 31 patients ayant eu des IMAO et quelquesuns ayant eu du lithium. CONCLUSIONS L'évidence clinique supportant une contre-indication absolue de l'emploi des IMAO, des ISRS, ou du lithium concomitamment à celle du sumatriptan n'a pu être démontrée. La plupart des patients tolèrent les associations sumatriptan et ISRS ou lithium sans incident. Comme il y a peu d'informations entourant l'utilisation concomitante du sumatriptan et des IMAO, les auteurs suggèrent qu'il serait prudent d'éviter cette association jusqu'à ce que des données supplémentaires montrent son inocuité.",0
W1983847562,The novel anti-migraine compound zolmitriptan (Zomig 311C90) has no clinically significant interactions with paracetamol or metoclopramide,,0
W2418642611,[Treatment of acute attack of migraine with sumatriptan].,"INTRODUCTION AND MATERIAL: In the Hospital Clínico Quirúrgico Hermanos Almeijeiras a randomized double blind clinical trial was carried out involving 52 patients who presented with painful migraine crises with or without prodromes. A group of 27 patients were given 6 mg of sumatriptan subcutaneously. Another group of 25 patients were given 1 mg of dihydroergotamine intramuscularly. It was seen that both drugs relieved the migrainous pain. However, sumatriptan did so in a greater percentage of patients. RESULTS AND CONCLUSIONS: There was earlier, and also more complete, relief of pain in those patients receiving sumatriptan. With regard to side-effects of sumatriptan were pain at the back of the site of injection, sensation of pressure at the back of the neck, facial flushing and asthenia.",0
W2010448526,Monitoring of Acute Migraine Attacks: Placebo Response and Safety Data,"In the course of evaluating the safety and efficacy of an investigational compound for acute migraine headaches, a large number of patients received placebo at a single site, offering the opportunity to characterize subjective and clinical physiologic responses of migraine patients to placebo in a controlled environment. In a single-site, double-blind, placebo-controlled study, 67 patients reported to the clinic while suffering a moderate to severe acute migraine headache and received oral placebo. For 6 hours after treatment, a continuous electrocardiogram (ECG) was performed, and headache severity, adverse events, and vital signs were recorded. Patients returned and repeated the procedure when free from pain. A headache was considered to be improved if its severity dropped to ""mild"" or ""none."" Twenty-five patients (37%; 95% CI: 26% to 50%) experienced headache improvement within 2 hours of receiving placebo, and 32 patients (48%: 36% to 60%) improved within 4 hours. There were no clinically important ECG changes during the migraine visit, and there were no clinically relevant differences in vital signs between the migraine and pain-free visits. Thus, a substantial placebo response occurs in migraine headache. Hemodynamic and ECG parameters are unchanged between migraine and pain-free states.",0
W2097369897,Actions of the 5-hydroxytryptamine 1 receptor agonist sumatriptan on interdigestive gastrointestinal motility in man,"BACKGROUND: Pharmacological studies of the enteric nervous system have shown the presence of several subtypes of 5-hydroxytryptamine (5HT) receptor, which might be involved in control of the migrating motor complex. AIMS: To study the effect of sumatriptan, an agonist of enteric neuronal 5HT1p receptors, on interdigestive motility in man. SUBJECTS AND METHODS: In 12 healthy subjects, interdigestive motility was recorded manometrically in the upper gastrointestinal tract. In seven subjects blood samples were drawn every 15 minutes for radioimmunoassay of motilin and somatostatin. After two phase 3s of the migrating motor complex, 6 mg of sumatriptan was administered subcutaneously. Recording continued until two more phase 3s had occurred. RESULTS: Sumatriptan induced a premature phase 3 in the jejunum after a median of 10 (8) minutes. The duration of the migrating motor complex cycle was shortened at the expense of phase 2. After sumatriptan, plasma somatostatin concentrations were reduced and gastric phase 3s were suppressed, although median motilin concentrations and the occurrence of plasma motilin peaks were not affected. Phase 3s of the migrating motor complex preceding sumatriptan were associated with motilin peaks, while phase 3s after sumatriptan were not. Furthermore, pretreatment with sumatriptan prevented the induction of a gastric phase 3 by the motilin agonist erythromycin. CONCLUSIONS: Administration of the 5HT1P receptor agonist sumatriptan induces a premature intestinal phase 3, suppresses gastric phase 3s, prevents induction of a gastric phase 3 by erythromycin, and reduces plasma somatostatin concentrations.",0
W1992942075,Experimental cranial pain elicited by capsaicin: a PET study,"Using a positron emission tomography (PET) study it was shown recently that in migraine without aura certain areas in the brain stem were activated during the headache state, but not in the headache free interval. It was suggested that this brain stem activation is inherent to the migraine attack itself and represents the so called 'migraine generator'. To test this hypothesis we performed an experimental pain study in seven healthy volunteers, using the same positioning in the PET scanner as in the migraine patients. A small amount of capsaicin was administered subcutaneously in the right forehead to evoke a burning painful sensation in the first division of the trigeminal nerve. Increases of regional cerebral blood flow (rCBF) were found bilaterally in the insula, in the anterior cingulate cortex, the cavernous sinus and the cerebellum. Using the same stereotactic space limits as in the above mentioned migraine study no brain stem activation was found in the acute pain state compared to the pain free state. The increase of activation in the region of the cavernous sinus however, suggests that this structure is more likely to be involved in trigeminal transmitted pain as such, rather than in a specific type of headache as was suggested for cluster headache.",0
W1981338350,Trigeminal Neuralgia with Lacrimation Or Sunct Syndrome?,"An intimate relationship between trigeminal neuralgia (TN) and short-lasting unilateral neuralgiform headache attacks with conjunctival injection and tearing (SUNCT) syndrome, based on similar clinical signs and symptoms and on cases demonstrating possible ""transformation"" from one entity to the other, has been widely accepted. We evaluated the presence of lacrimation in 22 consecutive cases that had been diagnosed as TN. Ipsilateral lacrimation was reported by 6 such cases (5M, 1F). These cases responded to antineuralgic therapy with concomitant resolution of lacrimation and were clinically very similar to TN. The differential diagnosis and the possibility of lacrimation in TN are discussed.",0
W197965089,Sumatriptan suppositories for the acute treatment of migraine. S2B351 Study Group.,"A randomised, double-blind, parallel-group, placebo-controlled trial was undertaken to assess the efficacy and tolerability of the sumatriptan suppository in 184 patients with acute migraine. Patients used a sumatriptan suppository (12.5 mg or 25 mg) or placebo at home for the treatment of a moderate or severe migraine attack and those who experienced headache recurrence within 24 hours of dosing had the option to repeat the dose. By 2 hours post-dose, 68% of patients in the sumatriptan 25 mg group and 47% of patients in the sumatriptan 12.5 mg group compared with 25% of placebo patients achieved headache relief. Relief rates 2 hours post-dose for nausea, vomiting, photophobia and phonophobia were similar to those reported 2 hours post-dose for headache. Post hoc review of the recurrence data showed that administration of a second suppository was effective in alleviating recurrent headache in over 80% of the sumatriptan-treated patients experiencing recurrence. No serious or unusual adverse events were reported, and the pattern and incidence of adverse events did not vary as a function of dose. These data demonstrate that the sumatriptan suppository is a well-tolerated, effective treatment for the acute treatment of migraine pain and its associated symptoms.",0
W2410519167,Ramsay Hunt syndrome: a challenging herpes zoster virus infection.,,0
W4290768748,"The long-term tolerability and efficacy of oral zolmitriptan (Zomig, 311C90) in the acute treatment of migraine. An international study. The International 311C90 Long-term Study Group.","This international open-label study evaluated the tolerability and efficacy of zolmitriptan (Zomig, 311C90), a selective 5-HT1B/1D receptor agonist, in the long-term treatment of multiple migraine attacks. Patients who had previously participated in placebo-controlled zolmitriptan studies were recruited. A total of 2058 patients treated 31,579 migraine attacks (average 15 per patient), for up to 1 year. Twenty-six percent of attacks treated with a single zolmitriptan 5-mg dose were associated with at least one adverse event (24% treated with two doses). The most frequent adverse events included asthenia (14% of patients), nausea (12%), somnolence (10%), dizziness (11%), and paresthesia (11%). The rank order of the most common adverse events was not influenced by sex, age, or number of zolmitriptan doses taken and was similar between attacks 1 and 45. The majority of adverse events (59%) occurred within 2 hours of dosing, were of either mild (59%) or moderate (35%) intensity, of 4 hours' duration or less (67%), and required no further action (94%). Following an initial 5-mg dose of zolmitriptan, the 2-hour headache response rate (reduction in headache pain from moderate or severe before treatment to mild or no pain at 2 hours posttreatment) was 81% in patients treating moderate and severe attacks (19,639 of 24,161). Patients were pain-free at 2 hours in 55% of all attacks (16,510 of 29,808). The efficacy of zolmitriptan was not influenced by age, sex, weight, use of prophylactic antimigraine medication, or association of attacks with menstruation. Analysis of the overall population and a subgroup who treated 30 or more migraine attacks showed that zolmitriptan was consistently effective across attacks. Overall, 67% of patients who treated five or more attacks reported zolmitriptan to be effective in 80% to 100% of attacks. Zolmitriptan produced meaningful migraine relief and improvement in normal activity impairment in 73% and 78% of moderate and severe attacks, respectively. Patients treated recurrence of moderate or severe headache with a second zolmitriptan dose in 32% of attacks which responded to the first dose within 2 hours. Where required, a second zolmitriptan 5-mg dose for treatment of recurrence produced a headache response rate of 90% at 2 hours postdose. Thus, zolmitriptan 5 mg (plus an optional second 5-mg dose for treatment of recurrence) is well tolerated and effective in the acute treatment of multiple migraine attacks over periods up to 1 year.",0
W1984136690,"Efficacy and Safety of Sumatriptan Tablets (25 mg, 50 mg, and 100 mg) in the Acute Treatment of Migraine: Defining the Optimum Doses of Oral Sumatriptan","That sumatriptan tablets are effective and well tolerated in the acute treatment of migraine has been established, but the relationship between dose and efficacy has not been adequately defined to date in clinical trials. This multinational double-blind trial (N = 1003) in which patients treated up to three migraine attacks with sumatriptan 25 mg, 50 mg, 100 mg, or placebo, with a second independently randomized dose for headache recurrence, evaluated the efficacy and tolerability of three doses of sumatriptan. The results demonstrate that all doses of sumatriptan were superior (P < 0.05) to placebo in reducing moderate or severe predose headache to mild or no headache 4 hours postdose for each of the three treated attacks; sumatriptan 50 mg and 100 mg were each superior (P < 0.05) to sumatriptan 25 mg 4 hours postdose for two of three attacks. Sumatriptan (all doses) was similarly effective at relieving nausea and photophobia or phonophobia or both and at reducing clinical disability. Headache recurrence was experienced by similar proportions of patients across treatment groups (35% to 48% after placebo; 26% to 39% after sumatriptan). Relief of recurrent headache 2 hours after the second dose of study medication occurred in greater percentages of patients using any dose of sumatriptan compared with patients using placebo to treat recurrence. The incidence of adverse events with 25-mg and 50-mg sumatriptan tablets was similar to the incidence with placebo and lower than the incidence with 100-mg sumatriptan tablets. These data provide the first demonstration from a large well-controlled clinical trial that both the 50- and 100-mg doses are more effective than the 25-mg dose and that the 50-mg dose is associated with a lower incidence of adverse events than the 100-mg dose.",0
W2060349718,Chronic Paroxysmal Hemicrania and Hemicrania Continua: Lack of Efficacy of Sumatriptan,"Attacks of chronic paroxysmal hemicrania are prevented by the continuous administration of indomethacin. Sumatriptan, an agonist of 5-HT1-like receptors, has proven effective in the treatment of cluster headache attacks. There are clear clinical similarities between chronic paroxysmal hemicrania and cluster headache. A natural consequence of these considerations would be to establish whether chronic paroxysmal hemicrania also responds similarly to sumatriptan. Since hemicrania continua is another unilateral headache responsive to indomethacin, it would be meaningful to also include hemicrania continua in such a study. Sumatriptan, 6 mg subcutaneous, was tried in an open fashion in 7 patients (6 women and 1 man) with chronic paroxysmal hemicrania and 7 patients (5 women and 2 men) with hemicrania continua. In chronic paroxysmal hemicrania, the mean interval between the last three attacks prior to sumatriptan treatment (40 +/- 23 minutes) was not statistically different from the mean interval between the three attacks subsequent to sumatriptan treatment of an attack (32 +/- 20 minutes). In none of the patients did the mean duration of the ""test attack"" decrease as compared to the attacks antedating the test attack (25 +/- 11 minutes and 19 +/- 9 minutes, respectively) (P = 0.027, Wilcoxon). In 2 patients with chronic paroxysmal hemicrania, placebo (saline) administration did not lead to any change in the interval between attacks. There was a mild, but statistically significant reduction in visual analog scale values for headache intensity in hemicrania continua (P = 0.04, Wilcoxon). There was no clear, i.e., clinically meaningful, reduction in visual analog scale values in any particular patient with hemicrania continua. Taken together, these results seem to show that sumatriptan is of no benefit in chronic paroxysmal hemicrania, but may have a partial efficacy in hemicrania continua. However, the latter effect is clinically unimportant. This minor difference in regard to the clinical effect may, nevertheless, be of some interest pathogenetically, indicating minor differences between the two headaches. The lack of sumatriptan effect in chronic paroxysmal hemicrania clearly and markedly strengthens the nonalignment concept in regard to chronic paroxysmal hemicrania and cluster headache.",0
W2099236418,"Tolfenamic Acid Rapid Release Versus Sumatriptan in the Acute Treatment of Migraine: Comparable Effect in a Double‐Blind, Randomized, Controlled, Parallel‐Group Study","The efficacy and safety of tolfenamic acid and oral sumatriptan in the acute treatment of migraine was studied at five neurological centers in Finland. One hundred forty-one patients experiencing 289 migraine attacks, fulfilling the diagnostic criteria for migraine with or without aura as defined by the International Headache Society, were randomized. For first attacks, 77% of patients receiving tolfenamic acid experienced a reduction of the initial severe or moderate headache to mild or no headache after 2 hours, as compared to 79% in the sumatriptan group and 29% in the placebo group. No significant difference was found between active treatments (P = 0.85, 95% CI [-22%, 18%]), however, both active treatments were significantly better than placebo; P = 0.001, 95% CI (26%, 69%) for tolfenamic acid and P = 0.001, 95% CI (28%, 71%) for sumatriptan. For second attacks, results were similar with 70% of patients receiving tolfenamic acid experiencing relief, as compared to 64% in the sumatriptan group and 39% in the placebo group. No significant differences were observed in accompanying symptoms. Both drugs were well tolerated with the frequency of adverse events; 30% for tolfenamic acid and 41% for sumatriptan, a nonsignificant difference. In this study, tolfenamic acid and oral sumatriptan are comparably effective in the acute treatment of migraine. When comparably effective, factors like individual effect, tolerance, and cost of treatment should be considered when prescribing migraine medication.",0
W2165234480,Sumatriptan Injection Reduces Productivity Loss During a Migraine Attack,"OBJECTIVE: To evaluate the impact of sumatriptan succinate injection compared with placebo on productivity loss during a migraine attack in the workplace. DESIGN: Randomized, double-blind, placebo-controlled, parallel-group clinical trial. SETTING: Fifteen clinical centers in the United States. PATIENTS: One hundred thirty-five patients 18 years and older diagnosed as having migraine according to International Headache Society criteria. INTERVENTIONS: Patients self-administered sumatriptan injection (6 mg) or matching placebo to treat a moderate or severe migraine occurring within the first 4 hours of a minimum 8-hour work shift. MAIN OUTCOME MEASURES: Mean productivity loss 2 hours after dosing and across the work shift; percentages of patients returning to normal work performance within 2 hours after dosing and across the work shift; percentages of patients experiencing headache relief (reduction of moderate or severe predose pain to mild or no pain) 1 and 2 hours after dosing. RESULTS: Mean productivity loss was significantly (P< or =.002) lower in the sumatriptan group compared with the placebo group both during the 2-hour postdose period (sumatriptan, 39 minutes; placebo, 54 minutes) and across the work shift (sumatriptan, 86 minutes; placebo, 168 minutes). Significantly (P<.001) greater percentages of patients in the sumatriptan group compared with the placebo group returned to normal work performance by 2 hours after dosing (sumatriptan, 52%; placebo, 9%) and across the work shift (sumatriptan, 66%; placebo, 18%). Significantly (P< or =.001) greater percentages of patients in the sumatriptan group compared with the placebo group experienced headache relief 1 hour after dosing (sumatriptan, 69%; placebo, 18%) and 2 hours after dosing (sumatriptan, 79%; placebo, 32%). CONCLUSION: Sumatriptan reduced migraine-associated productivity loss during a minimum 8-hour work shift by approximately 50% compared with placebo and alleviated headache in more than three fourths of patients.",0
W2168197196,Practicability and Acceptance of Subcutaneous Self‐administration of the Selective Serotonin Agonist Sumatriptan,"To cater to the special situation of much reduced oral bioavailability which occurs in severe migraine attacks with pronounced nausea and vomiting, sumatriptan can also be used in a subcutaneous form that can be self-administered. The aim of this study was to analyze the practicability and acceptance of a method of self-administration (""Glaxo-Pen"") for treatment of severe migraine attacks by subcutaneous injection of sumatriptan. The Glaxo-Pen was compared with the conventional autoinjector for subcutaneous administration of sumatriptan. The multicenter study was conducted under practical conditions by 150 office-based physicians in Germany. Patients who commonly suffered from severe migraine attacks were given a careful explanation of how to use the device (""Glaxo-Pen"") for self-administration of subcutaneous sumatriptan and were able to practice using it under guidance. They were given a Glaxo-Pen with two sumatriptan refills to take with them for treating their own migraine attacks. The patients used a headache diary to document administration outside the practice session. A total of 376 patients were included in the study. The major findings were that 80% of the patients rated the Glaxo-Pen ""very easy"" or ""easy"" to use, and only 6.4% rated it ""difficult"" or ""very difficult."" Compared with the conventional autoinjector, the Glaxo-Pen was rated ""much better"" or ""better"" by 77.9% of patients. Only 8.5% considered the Glaxo-Pen ""worse"" or ""much worse"" than the conventional autoinjector. The figures show that the great majority of patients found it easy to use sumatriptan for treating severe migraine attacks by self-administration under practical conditions. Thus, especially for patients who suffer from severe nausea, vomiting, or diarrhea during migraine attacks, this method of delivery is an easily used means of arresting migraine attacks.",0
W2001311112,"Rizatriptan (MAXALT) for the Acute Treatment of Migraine and Migraine Recurrence. A Placebo‐Controlled, Outpatient Study","Rizatriptan is a novel 5-HT1B/1D agonist which is rapidly absorbed after oral administration. The efficacy and tolerability of oral rizatriptan (5 mg and 10 mg) were examined in this multicenter, double-blind, outpatient study of 1473 migraineurs which featured randomized, placebo-controlled treatment of migraine recurrences. On experiencing moderate or severe migraine headaches, patients rated headache severity prior to dosing and at 30-minute intervals for 2 hours after dosing. Onset of effect was seen as early as 30 minutes after dosing with rizatriptan 10 mg. At 2 hours postdose, the percentage of patients with pain relief was significantly higher after rizatriptan 5 mg (62%) or 10 mg (71%) compared with placebo (35%). Complete relief was also significantly higher after rizatriptan 5 mg (33%) and 10 mg (42%) compared with placebo (10%). In patients experiencing headache recurrence after initial benefit, further relief was obtained in 71% with rizatriptan 5 mg (placebo 54%) and in 82% with rizatriptan 10 mg (placebo 44%). Complete relief of recurrent headache was obtained in 36% with rizatriptan 5 mg, 49% with rizatriptan 10 mg, and 15% with placebo (P < 0.05). The most common drug-related adverse experiences were dizziness, somnolence, asthenia/fatigue, and nausea (the incidences of which were low and dose related). There was no increase in the incidence of adverse experiences after use of up to three doses of rizatriptan within 24 hours. We conclude that both doses of rizatriptan are effective and well tolerated in the acute treatment of migraine and migraine recurrence, with the 10-mg dose preferred as it is more effective with a faster onset of action.",0
W2039554733,Melatonin‐Responsive Headache in Delayed Sleep Phase Syndrome: Preliminary Observations,"The occurrence of headache and its change after treatment with melatonin 5 mg were studied in 30 patients with delayed sleep phase syndrome. The medication was taken 5 hours before the endogenous nocturnal plasma melatonin concentration had reached 10 pg/mL. Three women (aged 14, 14, and 23 years) suffered from chronic tension-type headache. Their headache disappeared within 2 weeks after the start of treatment with melatonin. One 54-year-old man suffered from disabling migraine attacks without aura, twice a week. After starting melatonin treatment, only three migraine attacks were reported in 12 months. Ever since his 40s, a 60-year-old man complained of cluster headache episodes lasting about 2 months, twice a year. In the year since starting melatonin treatment, only one 5-day cluster episode occurred. Nocturnal melatonin secretion in the patients with delayed sleep phase syndrome and headache did not differ significantly from that in the patients with the sleep disorder but without headache. Melatonin may be helpful in patients with headache who are suffering from delayed sleep phase syndrome. Its effectiveness may be due to modification of vascular and nociceptive systems or to its chronobiological action which adjusts the patient's biological clock to his/her life-style.",0
W2039720823,Multiple-Attack Efficacy and Tolerability of Sumatriptan Nasal Spray in the Treatment of Migraine,"OBJECTIVE: Sumatriptan hemisulfate nasal spray may provide a useful therapeutic option for patients with migraine who find injectable medications inconvenient or uncomfortable and for patients whose migraine-associated nausea and vomiting preclude the use of oral medication. This study was the first US trial to evaluate the effects of sumatriptan nasal spray administered for multiple migraine attacks. DESIGN/INTERVENTIONS: Sumatriptan nasal spray (5, 10, or 20 mg) was administered via a 1-shot nasal applicator into either nostril for up to 3 migraine attacks occurring over 6 months in a randomized, double-blind, parallel-group, placebo-controlled study. SETTING: Fifty-six outpatient clinical centers in the United States. PATIENTS: A total of 1086 men and women diagnosed with migraine with or without aura per International Headache Society criteria. MAIN OUTCOME MEASURES: Percentage of patients with headache relief (moderate or severe predose pain reduced to mild or none); percentage of patients with no or mild (vs moderate or severe) clinical disability; percentage of patients with nausea, vomiting, photophobia, or phonophobia; adverse events; clinical laboratory test results. RESULTS: Across attacks, headache relief in the 20-, 10-, and 5-mg drug and placebo groups was experienced 120 minutes postdose by 60%, 54%, 44%, and 32% of patients, respectively (P<.05 for each sumatriptan nasal spray group vs placebo, for the 10-mg vs 5-mg drug group, and for the 20-mg vs 5-mg drug group). Two thirds of the 20-mg patients treating 3 attacks experienced relief at 2 hours postdose for at least 2 of 3 attacks. Clinical disability scores at 120 minutes in the 20-, 10-, and 5-mg drug and placebo groups reflected no or mild impairment in 70%, 67%, 57%, and 50% of patients, respectively (P<.05 for the 10- or 20-mg drug group vs placebo group, and for the 20-mg vs 5- mg drug group). Similar efficacy rates were observed for nausea, photophobia, and phonophobia. For all parameters, individual-attack efficacy rates did not differ from across-attack rates. The incidence of adverse events was not dose related. The most frequently reported adverse event in the active treatment groups was taste disturbance (bad, bitter, or unpleasant). CONCLUSIONS: Sumatriptan hemisulfate nasal spray (5, 10, or 20 mg) is effective and well tolerated in the treatment of multiple migraine attacks. The 20-mg dose was associated with the highest efficacy rates across the greatest number of parameters.",0
W1978308018,Nitric Oxide Synthase Inhibition: A New Principle in the Treatment of Migraine Attacks,"Glyceryl trinitrate, an exogenous nitric oxide (NO) donor, and histamine, which causes NO formation in vascular endothelium, have been shown to trigger migraine attacks. However, it remains uncertain whether NO is involved in the subsequent phase of migraine attacks. To answer this question we studied the effect of L-NGmethylarginine hydrochloride (546C88), a NO-synthase inhibitor, on spontaneous migraine attacks. In a double-blind study design, 18 patients with migraine without aura randomly received 546C88 (6 mg/kg) or placebo (5% dextrose) i.v. given over 15 min for a single migraine attack (546C88:placebo, 15:3). Furthermore, 11 placebo-treated patients from previous double-blind trials with almost identical design were added to the placebo group in the statistical evaluation. Two hours after the infusion, 10 of 15 L-NGmethylarginine hydrochloride-treated patients experienced headache relief compared to 2 of 14 placebo-treated patients (p = 0.01). Symptoms such as phono- and photophobia were also significantly improved. A similar trend for nausea was not significant. We conclude that NO may be involved in the pain mechanisms throughout the course of spontaneous migraine attacks.",0
W2411158325,Episodic Cluster Headache in a Community: Clinical Features and Treatment,"OBJECTIVE: To study the clinical features and treatment given to episodic cluster headache patients in the Calgary region. PATIENTS: Fifty-one (51) patients who responded to a media campaign, had previously been diagnosed by their family physicians, and who met International Headache Society (IHS) criteria for episodic cluster headache, formed the population for this study. METHODS: The media campaign consisted of newspaper advertisements and radio publicity including physician interviews and talk shows. Patients were required to complete by 200-item questionnaire detailing clinical features and treatment of their cluster headache syndrome. Each patient was also interviewed by our research nurse for clarification and proper completion of questionnaire. RESULTS: Fifty-one percent (51%) of our patients had short headache attacks lasting one hour or less. Almost one-half (45%) had three or four attacks per 24 hour period. Eighty-six percent (86%) had been referred to a neurologist. Sixty-nine percent (69%) had never used oxygen, but of those who had, one-half were still using it. Sumatriptan by injection had been tried by 26% of patients and of these, 93% considered it effective. Subcutaneous dihydroergotamine had been tried by 8%. For prophylaxis, 41% had tried methysergide, 31% prednisone, and 4% verapamil. Many patients had been prescribed migraine prophylactic drugs which are ineffective for cluster headache, and some had also undergone dental procedures or nasal and sinus surgeries. CONCLUSIONS: Many cluster headache patients had not, to their knowledge, been prescribed or used the best symptomatic and prophylactic treatments for cluster headache. This should be addressed through educational programs and through making up-to-date information on the treatment of cluster headache readily available to physicians and patients.",0
W1983903490,Sumatriptan,,0
W2056215681,Sumatriptan lowers plasma prolactin in healthy female volunteers,,0
W2088279794,Dosing of Oral Sumatriptan: A Review of Our First 104 Patients,"BACKGROUND: The introduction of oral sumatriptan in the United States at doses of 25 and 50 mg, compared with 100-mg tablets worldwide, has created the need to develop a protocol for appropriate dosing. METHODS: We evaluated the first 104 patients in our practice to treat two migraine attacks with oral sumatriptan. For their first treatment with oral sumatriptan, patients were evaluated on their response to 25-mg tablets and the total number of tablets taken. For their second treatment, patients were evaluated on their response to sumatriptan, number of 25-mg tablets taken, and dosage prescribed for future migraines. RESULTS: [table see text] After the second treatment, 41 patients (40%) continued therapy with 25-mg tablets, 54 (53%) were prescribed 50-mg tablets, 2 patients (2%) were prescribed two 50-mg tablets, and 5 patients (5%) were prescribed injectable sumatriptan. Seventy patients had previously used injectable sumatriptan, while 34 had not previously used sumatriptan. There were no significant differences in their response to oral sumatriptan. CONCLUSION: Oral sumatriptan was effective in clinical practice at doses of 25 and 50 mg. The majority of patients required more than one 25-mg tablet for a migraine attack, reflecting both inadequacy of dosing for some migraines and recurrence of headache, yet 40% of patients continued on treatment with 25-mg tablets. There were no significant differences in response to therapy in patients being switched from injectable to oral sumatriptan compared with those initiating therapy with oral sumatriptan. Both tablet strengths of oral sumatriptan are useful in clinical practice.",0
W2045935293,NK-mediated links for migraine,,0
W2164624662,Consistency of response to sumatriptan nasal spray across patient subgroups and migraine types,"With an onset of headache relief as early as 15 min postdose compared with placebo, sumatriptan nasal spray is an important treatment option for patients who seek rapid headache relief and/or a convenient dosing form, whose migraine-associated nausea and vomiting render the use of an oral medication impractical, and those who prefer not to use an injectable form of migraine medication. Although the efficacy and tolerability of sumatriptan nasal spray are documented, the consistency of response to sumatriptan nasal spray across patient subgroups and migraine subtypes of importance to the prescribing clinician have not been described. To provide this information, data from four randomized, double-blind, parallel-group, placebo-controlled, multicenter studies (Glaxo Wellcome protocol numbers S2B-340, S2B-341, S2B-342, and S2B-T50), conducted between January 1993 and December 1994, were pooled and retrospectively analyzed to determine whether the efficacy and tolerability of sumatriptan nasal spray vary with gender, ethnic origin, age, weight, migraine type, concomitant or prior medication use, or pretreatment headache duration. Two-thousand-three-hundred-and-ninety-five (2395) patients treated a moderate or severe migraine with study medication in the four studies. The results demonstrate that sumatriptan nasal spray 20 mg and 10 mg were effective and well tolerated in the acute treatment of migraine consistently across a variety of patient and migraine subgroups. No clinically significant differences in headache relief or adverse event rates were observed for any of the subgroups examined. Approximately two-thirds of patients treated with sumatriptan nasal spray 20 mg compared with approximately one-third of placebo-treated patients reported headache relief 2 h postdose regardless of patient or migraine subgroup. The relationship between active treatment and placebo with respect to the overall incidence of adverse events also did not differ between patient or migraine subgroups. There is no evidence based on this analysis that sumatriptan nasal spray dosage should be adjusted in any of the subgroups examined.",0
W2051132048,A pilot study of oral sumatriptan as intermittent prophylaxis of menstruation-related migraine,"Headaches associated with menstruation are often resistant to abortive and preventative medications. We performed an open-label study in 20 female migraineurs, employing oral sumatriptan perimenstrually as short-term prophylaxis of menstrual migraine. In 126 sumatriptan-treated cycles, headache was absent in 52.4% and reduced in severity by 50% or greater in 42%. Breakthrough headaches were rare and significantly reduced in severity compared with baseline headaches.",0
W2133510891,Pregnancy outcome following first trimester exposure to sumatriptan,"We prospectively compared pregnancy outcome after exposure to sumatriptan with that of disease-matched controls and nonteratogen controls. There were no differences in the rates of live births, spontaneous abortions, therapeutic abortions, or major birth defects among the three groups. This first prospective report suggests that the use of sumatriptan during organogenesis is not associated with an apparent increased risk of major birth defects.",0
W2055439642,"Pharmacokinetics and Pharmacodynamics of Zolmitriptan in Patients with Mild to Moderate Hypertension: A Double‐Blind, Placebo‐Controlled Study","Zolmitriptan is a potent selective 5HT1B/1D receptor agonist for acute migraine therapy. Zolmitriptan has vasoconstrictor activity in cerebral vessels and may cause slight elevations of blood pressure in subjects without hypertension. Therefore, the pharmacokinetics and pharmacodynamics of zolmitriptan (5, 10, and 20 mg) were evaluated in 16 patients with mild to moderate hypertension (controlled by hydrochlorothiazide 50 mg once daily) and 17 healthy age- and sex-matched control subjects in a randomized, placebo-controlled, double-blind, four-period crossover study. The pharmacokinetics of zolmitriptan and its metabolites were dose proportional. Although area under the concentration-time curve (AUC0-infinity) and maximum concentration (Cmax) were slightly higher in patients with hypertension at all doses, this was only statistically significant for AUC at the 20-mg dose. Differences between subjects with and without hypertension were not clinically significant. Zolmitriptan produced a small increase in blood pressure, but this was similar in subjects with and without hypertension and was of no clinical significance. Zolmitriptan was well tolerated in both groups. Zolmitriptan plasma concentrations were higher in women than in men, with higher values of AUC and Cmax and lower total clearance in women. These results indicate that zolmitriptan can be administered for treatment of migraine in patients with controlled hypertension without dose adjustment.",0
W2119181598,Effect of Hepatic Impairment on the Pharmacokinetics of Zolmitriptan,"Zolmitriptan, an oral 5HT1D agonist for the acute treatment of migraine, is cleared from the systemic circulation mainly by hepatic metabolism. Consequently, changes in hepatic function may result in changes in the pharmacokinetics of zolmitriptan. This open, parallel-group study was conducted to compare the pharmacokinetics and tolerability of a single 10-mg dose of zolmitriptan in healthy subjects and patients with hepatic impairment. A total of 37 participants entered and completed the study, including 10 healthy volunteers, 11 patients with moderate hepatic impairment, 10 patients with severe hepatic impairment without ascites, and 6 patients with severe hepatic impairment with ascites. The metabolism of zolmitriptan was reduced in patients with severe hepatic impairment compared with healthy subjects, resulting in higher peak plasma concentrations (47%), increased exposure (226%), and prolonged half-life (157%). The changes were similar in the presence and absence of ascites. Smaller changes were observed in patients with moderate hepatic impairment. Plasma concentrations of the three major metabolites of zolmitriptan were reduced in the patients with hepatic impairment. Patients with moderate hepatic impairment require no dosage adjustment, but the recommended daily intake of zolmitriptan may need to be reduced in patients with severe hepatic impairment.",0
W1708915049,Short communication,,0
W2122081700,A placebo-controlled crossover study of rizatriptan in the treatment of multiple migraine attacks,"OBJECTIVE: To examine the safety and efficacy of rizatriptan 10 mg PO in the treatment of multiple migraine attacks. BACKGROUND: Rizatriptan is a potent and rapidly absorbed 5-HT1B/1D receptor agonist. Efficacy and general safety have been examined in controlled trials treating single migraine attacks. In the current placebo-controlled study, we report constancy of safety and efficacy of rizatriptan for patients treating four discrete migraine attacks. METHODS: Patients with moderate or severe migraine (n = 473) were randomized to one of five sequence groups, in which each patient was to treat four migraine attacks. Patients in four groups received rizatriptan 10 mg for three of four attacks and placebo for the remaining attack. Patients in the fifth group received rizatriptan 10 mg for four attacks. Headache severity, functional disability, and migraine symptoms were measured immediately before dosing and at 0.5, 1, 1.5, 2, 3, and 4 hours postdose. RESULTS: After the first attack, response rates were 77% for rizatriptan and 37% for placebo (p < 0.001). Similar efficacy of rizatriptan, ranging from a 75 to 80% response, was observed in each of the subsequent attacks with no evidence of tolerance to therapeutic effects. Most patients (93%) responded to rizatriptan 10 mg during the first or second attack. Adverse experiences were generally mild and transient, the most common being dizziness and somnolence. Incidence of adverse experiences per attack decreased after the first attack. CONCLUSIONS: Rizatriptan 10 mg PO is efficacious and generally well tolerated in acute migraine. Its efficacy is maintained throughout the treatment of multiple, discrete migraine attacks.",0
W2084139115,Acute therapy for cluster headache with sumatriptan: Findings of a one-year long-term study,"The efficacy, safety, and tolerability of subcutaneous sumatriptan in the acute treatment of cluster headache were investigated in a multicenter study over a period of up to 1 year. A total of 2,031 attacks were evaluated in 52 patients. Therapy was successful in 88% of all attacks. Freedom from pain within 15 minutes in more than 90% of all attacks treated was reported by 42% of the patients, and no decline in efficacy occurred during the course of the study. Adverse events were reported by 62% of the patients.",0
W2423913433,Emergency Management of Migraine: Is the Headache Really Over?,"OBJECTIVES: To observe headache frequency after release for acute migraine sufferers treated in an ED; to observe the impact after-release headaches and associated symptoms have on quality of life; and to document the variability in migraine management in an emergency setting. METHODS: Prospective observational study, including 24- and 72-hour telephone follow-up. RESULTS: Over a 4-month period, 143 patients with headaches (149 visits) were observed in the ED. Of 108 patients successfully contacted, the incidence of headache in the first 24 hours after release was 49.1%. Forty-two patients left the ED without pain; 13 of these subsequently had return of headache. Sixty-six left with some degree of pain, with 40 having headache persistence at 24 hours. The difference in 24-hour headache rate between the 2 groups is significant (p=0.008). Five patients still had headaches at 72 hours after release, but 54 of 70 contacted had taken medication for their symptoms between 24 and 72 hours after release. Forty-five percent were not back to normal function at 24 hours, while 21 of 70 were still not sleeping well at 72 hours. Finally, 8 different classes of medications were used in the ED for migraine headaches, with 20 patients receiving at least 3 types of medication. CONCLUSIONS: Treatment for acute migraine headache in this emergency setting was variable. Patients not obtaining complete relief in the ED had a higher rate of headache after release than did those who left with no pain. Migraine sufferers may have normal daily function affected for up to 72 hours or longer after ED treatment.",1
W2052545597,Serotonergic synergism: the risks and benefits of combining the selective serotonin reuptake inhibitors with other serotonergic drugs,,0
W1967660492,Effects of the antimigraine compound zolmitriptan ('Zomig') on psychomotor performance alone and in combination with diazepam in healthy volunteers,"Zolmitriptan (Zomig) is a 5HT1B/1D agonist which has the ability to cross the intact blood-brain barrier to access central as well as peripheral receptors. Because of the potential for central nervous system side effects, this randomized, double-blind, placebo-controlled, 6-period crossover study evaluated the effects of 2.5 and 5 mg doses of zolmitriptan on psychomotor performance and investigated any pharmacodynamic or pharmacokinetic interaction with diazepam. Twelve healthy volunteers received the following ""treatments"" as single doses: zolmitriptan 2.5 mg, zolmitriptan 5 mg, diazepam 10 mg, zolmitriptan 2.5 mg + diazepam 10 mg, zolmitriptan 5 mg + diazepam 10 mg and placebo. Pre-dose and at 1, 4, 8, and 24 h post-dose, the following validated battery of psychomotor tests was performed: Bond-Lader visual analogue scales (calmness, contentedness, and alertness factors), critical flicker fusion test, choice reaction time (recognition, motor, and total reaction times), finger-tapping test, number cancellation test and digit symbol substitution test. Plasma concentrations of zolmitriptan, its active metabolite, and diazepam and its active metabolites were measured at the same timepoints. Zolmitriptan 2.5 and 5 mg had no effect on psychomotor function when given alone. In contrast, diazepam 10 mg had profound effects, consistent with its sedative properties, but there was no synergism on concomitant administration of either dose of zolmitriptan. Plasma concentrations of zolmitriptan, diazepam, and their respective active metabolites were similar when the two drugs were given alone or in combination.",0
W2172106360,Effect of subcutaneous naratriptan on forearm blood flow,"This randomized, double-blind, placebo-controlled, four-way crossover study was conducted on an in-clinic basis to assess forearm perfusion after subcutaneous (s.c.) naratriptan and placebo by reserve volume (hyperemic/baseline) and basal forearm blood flow (FBF) measured by strain gauge plethysmography. Nineteen male and female volunteer migraine subjects (International Headache Society criteria) received s.c. naratriptan 1 mg, 5 mg, 10 mg, and placebo on four separate study days outside a migraine attack. FBF was recorded at baseline, at 7-min intervals post-dose up to 1 h (basal) and once after sublingual glyceryl trinitrate administered at 1 h (hyperemic). Vital signs and electrocardiograms were recorded at baseline and 15, 30, 45, and 60 min post-dose. There were no statistically significant differences in reserve volume (hyperemic/baseline) between any dose of s.c. naratriptan and placebo. The naratriptan to placebo ratio was 102% (95% CI: 87-120%; p = 0.789) for 1 mg; 97% (95% CI: 83-114%, p = 0.737) for 5 mg; and 92% (95% CI: 79-108%; p = 0.325) for 10 mg. There were no statistically significant differences in basal FBF for any dose compared to placebo. The naratriptan to placebo ratio was 95% (95% CI: 87-104%; p = 0.263) for 1 mg; 94% (95% CI: 86-102%; p = 0.142) for 5 mg; and 94% (95% CI: 86-103%; p = 0.157) for 10 mg. The percentage of patients reporting adverse events was 53% with placebo, 53% with s.c. naratriptan 1 mg, 89% with 5 mg and 89% with 10 mg. In conclusion, these results suggest that s.c. naratriptan doses similar to and above the oral therapeutic dose equivalent (single oral dose 2.5 mg) have no significant effect on peripheral blood flow as measured by FBF. S.c. naratriptan doses 1 mg, 5 mg, and 10 mg were well tolerated.",0
W2118457323,Effect of operationalized computer diagnosis on the therapeutic results of sumatriptan in general practice,"A multicenter test was conducted to investigate the effectiveness of the selective serotonin agonist sumatriptan in patients with the computerized headache diagnosis of migraine. A computer program was used for diagnostic evaluation of patients attending a general practice because of headache. The results of the analysis were taken as a direct decision on therapy. If the patients satisfied the criteria for migraine, they were given subcutaneous sumatriptan for treating three migraine attacks. The patients were able to use the study medication under outpatient conditions. The therapeutic efficacy of the medicine was recorded in a headache diary. A total of 91 patients were included in the study at 22 practices in Germany. An average of four patients per practice were recruited. In the first migraine attack treated, headache improvement was experienced by 77.7% of the patients treated. In the second and third attacks an improvement was experienced by 93.5% and 89.8%, respectively. The results show that by optimizing diagnostic reliability with the aid of the computer program a high response rate can be achieved under practice conditions using the selective serotonin agonist sumatriptan. Since the computer program described permits a specific diagnosis, it improves the prospects of effective headache therapy in the individual patient. Thus treatment based on this approach can reduce inputs of time and money in migraine therapy.",0
W2112380209,Sumatriptan nasal spray (20 mg/dose) in the acute treatment of cluster headache.,"Subcutaneous injection of sumatriptan is an effective treatment for attacks of cluster headache with a short onset of action. This open, randomized study evaluates whether sumatriptan nasal spray at its highest commercially available dose (20 mg/dose) is equally effective. In 26 patients, four consecutive attacks were treated alternately with nasal spray and subcutaneous injection. Treatment was given within 5 min of onset of pain, and the time interval for the start and completeness of pain relief, provided these occurred within 15 min of administration, were recorded by the patient. After completion of the study, the patients were also asked to indicate which treatment they preferred, based on efficacy, side effects, and handling of the preparation. Forty-nine of the 52 treatments with injection resulted in complete relief of pain within 15 min, with a mean of 9.6 min. The remaining three attacks were reduced by a mean of 86.7% at 15 min. Only 7 of the 52 treatments with nasal spray in the nostril ipsilateral to pain resulted in complete relief within this time period, with a mean of 13.0 min. In 18 of these treatments pain was reduced by a mean of 42.2% at 15 min, whereas no effect on pain was obtained at this time in the remaining 27 treatments. The effect was almost identical when the nasal spray was administered in the nostril on the non-painful side. As an overall judgement, only 2 of the 26 patients preferred nasal spray to injection. We conclude that sumatriptan nasal spray 20 mg/dose is less effective than subcutaneous injection in relieving pain in the great majority of cluster headache sufferers.",0
W2083120125,"Comparative clinical pharmacokinetics of single doses of sumatriptan following subcutaneous, oral, rectal and intranasal administration",,0
W1988741278,Clinical study of epidural analgesia with clonidine and sumatriptan in posthysterectomy,,0
W1991022206,Cardiovascular Safety of 5Ht<sub>1B/1D</sub> Agonists—Is There a Cause for Concern?,,0
W2077958283,"Safety Trial with the 5Ht<sub>1B/1D</sub> Agonist Avitriptan (BMS-180048) in Patients with Migraine who have Experienced Pressure, Tightness, and/or pain in the Chest, Neck, and/or throat following Sumatriptan","We investigate whether symptoms of pressure, tightness, and/or pain in the chest, neck, and/or throat after administration of the 5HT1B/1D agonist avitriptan were associated with objective impairment of the myocardial function on 12-lead electrocardiogram (ECG), continuous ECG (Holter) monitoring, and echocardiography. Migraine sufferers who in two-thirds of all attacks treated with sumatriptan had experienced chest/throat/neck symptoms were chosen for study. Baseline measures included vital signs, a 12-lead ECG and an echocardiogram. Patients (n = 51) who had no clinically significant abnormality at baseline received a high dose (150 mg) of avitriptan orally outside of a migraine attack. If pressure, tightness, and/or pain in the chest, neck, and/or throat occurred, an ECG was obtained, and a repeat echocardiogram was done while the symptoms were present in order to monitor for impairment of myocardial function. If symptoms of these types did not occur within 60 min after administration of the study drug, a second echocardiogram was obtained. Forty-five patients (88%) reported at least one adverse event and 23 (45%) experienced pressure, tightness, and/or pain in the chest, neck, and/or throat after administration of avitriptan. No clinically significant myocardial abnormalities were observed in any patients, even in those who had experienced the targeted symptoms. No other serious adverse event occurred. We concluded that the typical 5HT1B/1D agonist-induced chest/throat/neck symptoms are most unlikely to be of cardiovascular origin.",0
W1910330505,The absolute bioavailability and effect of food on the pharmacokinetics of zolmitriptan in healthy volunteers,"AIMS: Zolmitriptan (Zomig (formerly 311C90)) is a novel 5-HT1B/1D receptor agonist developed for the acute oral treatment of migraine. A highly sensitive LCMS-MS assay has been developed which allows quantification of plasma concentrations of zolmitriptan and its active metabolite, 183C91, after therapeutic doses. Two studies using this assay method were conducted to investigate the pharmacokinetics, including absolute bioavailability, of 2.5 and 5 mg oral doses of zolmitriptan in men and women, the dose-proportionality of 2.5, 5 and 10 mg doses and the effect of food on the pharmacokinetics of a 5 mg oral dose. METHODS: Two randomized, balanced, open-label, 4-period crossover studies were conducted in a total of 32 healthy volunteers. The first study determined the absolute bioavailability of 2.5 and 5 mg doses of zolmitriptan and compared the pharmacokinetics in men and women. The second study examined the dose-proportionality in pharmacokinetics after fasting doses of 2.5, 5 and 10 mg, and the effect of food on a 5 mg dose. Blood pressure, heart rate, ECG, clinical chemistry, haematology and adverse events were also monitored. RESULTS: The mean (s.d.) absolute oral bioavailability was 0.41 (0.14 and 0.40) 0.09 after 2.5 mg and 0.48+/-0.14 and 0.36+/-0.07 after 5 mg in women and men, respectively. Without adjustment for bodyweight, plasma concentrations of zolmitriptan, but not 183C91, were higher in women than men. Mean (+/-s.d.) AUC was 32.7+/-10.1 and 60.2+/-26.8 ng ml(-1) h after 5 mg in men and women, respectively (95% CI for ratio 0.43-0.77). After 2.5 mg mean (+/-s.d.) AUC was 18.4+/-5.4 and 23.1+/-9.9 ng ml(-1) h in men and women, respectively (95% CI for ratio 0.61-1.09). However, these differences were of no clinical significance. Cmax and AUC of oral zolmitriptan were dose-proportional and there was a 13 and 16% fall in mean zolmitriptan Cmax and AUC, respectively, when administered after food. Adverse effects were minor, predominantly mild and transient, and there were no clinically significant effects on ECG, blood pressure, or laboratory parameters. CONCLUSIONS: At therapeutic doses zolmitriptan has good oral bioavailability in healthy volunteers and has dose-proportional pharmacokinetics that are not affected by food to any clinically relevant extent.",0
W2105231848,Involvement of two different pathways in the motor effects of erythromycin on the gastric antrum in humans,"BACKGROUND: During the interdigestive state in humans, erythromycin 40 mg induces a premature activity front that starts in the stomach, while erythromycin 200 mg induces a prolonged period of enhanced antral contractile activity. AIMS: To study the involvement of a cholinergic pathway in the motor effects of erythromycin using the muscarinic antagonist atropine and the neural 5-HT1 receptor agonist sumatriptan. METHODS: In 30 healthy volunteers, fasted antroduodenojejunal motor activity was studied by stationary manometry. Placebo (n = 10), atropine (15 micrograms/kg intravenous bolus plus 15 micrograms/kg/h over 30 minutes; n = 10), or sumatriptan (6 mg subcutaneously; n = 10) was administered, followed by infusion of erythromycin 40 mg or 200 mg. RESULTS: After placebo, erythromycin 40 mg induced a premature activity front with gastric onset after 19.1 (1.7) minutes in all volunteers. After atropine, erythromycin 40 mg failed to induce a premature activity front during a 60 minute period in all volunteers (p < 0.001), while sumatriptan prevented the induction of a premature activity front during a 60 minute period in all but one volunteer (p < 0.005). The number of antral contractions and their mean amplitude in the 60 minutes after erythromycin 200 mg did not differ significantly after atropine or sumatriptan versus placebo. CONCLUSIONS: The antral motor effects of erythromycin in humans are mediated via different pathways. The induction of a premature activity front is mediated through activation of an intrinsic cholinergic pathway, while the induction of enhanced antral contractile activity may be mediated via a pathway potentially involving activation of a muscular receptor.",0
W2062701698,Update in Neurology,"Updates4 January 2005Update in NeurologyMartin A. Samuels, MDMartin A. Samuels, MDFrom Brigham and Women's Hospital and Harvard Medical School, Boston, Massachusetts.Search for more papers by this authorAuthor, Article, and Disclosure Informationhttps://doi.org/10.7326/0003-4819-142-1-200501040-00009 SectionsAboutFull TextPDF ToolsAdd to favoritesDownload CitationsTrack CitationsPermissions ShareFacebookTwitterLinkedInRedditEmail Rather than focus on a few seminal papers, this Update broadly describes what the field of neurology has achieved, where it is going, and how its accomplishments and direction will affect internists. The Update incorporates an overview of articles on stroke, transient ischemic attack (TIA), and cerebrovascular disease; hypertension; multiple sclerosis; inflammation; infectious diseases; neurocardiogenic syncope; dementia; seizures; language and autism; myelopathies; Hashimoto encephalopathy; intracranial hypotension or headache; back and neck pain; restless legs syndrome; and drugs and toxins. The summaries are adapted from those in Journal Watch Neurology, with permission from the Massachusetts Medical Society.Stroke, TIA, and Cerebrovascular ...References1. Winslow CM, Solomon DH, Chassin MR, Kosecoff J, Merrick NJ, Brook RH. The appropriateness of carotid endarterectomy. N Engl J Med. 1988;318:721-7. [PMID: 3279313] CrossrefMedlineGoogle Scholar2. Forette F, Seux ML, Staessen JA, Thijs L, Birkenhäger WH, Babarskiene MR, et al. Prevention of dementia in randomised double-blind placebo-controlled Systolic Hypertension in Europe (Syst-Eur) trial. Lancet. 1998;352:1347-51. [PMID: 9802273] CrossrefMedlineGoogle Scholar Author, Article, and Disclosure InformationAffiliations: From Brigham and Women's Hospital and Harvard Medical School, Boston, Massachusetts.Disclosures:Consultancies: Meda Corp.Corresponding Author: Martin A. Samuels, MD, Department of Neurology, Brigham and Women's Hospital, 75 Francis Street, Boston, MA 02115; e-mail, [email protected]org. PreviousarticleNextarticle Advertisement FiguresReferencesRelatedDetails Metrics 4 January 2005Volume 142, Issue 1Page: 28-36KeywordsBrainBrain diseasesCarotid endarterectomyDementiaDrugsEpileptic seizuresLesionsMultiple sclerosisNeurologyStroke ePublished: 4 January 2005 Issue Published: 4 January 2005 Copyright & PermissionsCopyright © 2005 by American College of Physicians. All Rights Reserved.PDF downloadLoading ...",0
W2083124212,Pharmacokinetics and tolerability of intravenous rizatriptan in healthy females,"The pharmacokinetics and tolerability of intravenous (i.v.) rizatriptan (MK-0462), a novel 5-HT1D/1B receptor agonist for the acute oral treatment of migraine, were examined in an open, single-dose, four-period, randomized crossover study in healthy females. Results of this study indicated that i.v. rizatriptan (0.5-5 mg) was well tolerated. The disposition kinetics of rizatriptan were linear for i.v. doses up to and including 2.5 mg. Relative to the 0.5 mg dose, geometric mean dose-adjusted AUC ratios were 1.04, 1.09, and 1.18 for 1, 2.5, and 5 mg doses, respectively. Apparent plasma clearance (Cl) ranged between 859 and 941 mL min(-1) from 0.5 to 2.5 mg, but dropped to slightly below 800 mL min(-1) for the 5 mg dose. Therefore, the elimination of rizatriptan appears somewhat dose dependent at the high end of this dose range. Mean plasma half-life (t1/2) was 1.5-2.2 h across all doses while mean residence time in the body (MRT) and steady state volume of distribution (Vss) of rizatriptan remained relatively invariant across doses. Urinary excretion of rizatriptan (Ue) ranged from 14.5 to 34.6% of dose.",0
W2106745289,Sumatriptan (5-HT 1D receptor agonist) does not exacerbate symptoms in obsessive compulsive disorder,,0
W2090646450,Exercise testing in patients with chest pain to sumatriptan,,0
W1999697951,Comparative Efficacy and Safety of Calcium Carbasalate plus Metoclopramide versus Ergotamine Tartrate plus Caffeine in the Treatment of Acute Migraine Attacks,"This randomized, double-blind, double-dummy, multicenter, parallel-group study aimed at comparing the efficacy and safety of calcium carbasalate (equivalent to 900 mg aspirin) plus metoclopramide 10 mg (CM) with ergotamine tartrate 1 mg plus caffeine 100 mg (EC) administered in the treatment of 2 acute migraine attacks. A total of 296 patients fulfilling the International Headache Society diagnostic criteria for migraine were enrolled. In total, one or two migraine attacks were treated in 268 and 235 patients, respectively. The primary endpoint for the first treated attack was headache relief, with intensity decreasing from moderate or severe to mild or absent 2 h after drug intake. Usual secondary efficacy endpoints were assessed. A superiority of CM over EC was observed for both treated attacks for the main endpoint: success in 54 versus 36%, p = 0.003 for the first attack and 60 versus 44%, p = 0.02 for the second attack. CM was also significantly superior to EC during the first attack for complete headache relief (20 vs. 8%, p = 0.006), nausea (42 vs. 63%, p = 0. 007) and willingness to take the drug again (90 vs. 80%, p = 0.043). The global efficacy evaluation, rated by the investigators, was significantly more favorable to CM for both attacks (p = 0.001 for the first attack and p = 0.02 for the second). The patients' evaluation was significant for the first attack (p = 0.002). The global incidence of adverse events was 45% higher with EC, though not significant (32 vs. 22%, p = 0.075). They were most often unspecific and mild to moderate in intensity. Gastrointestinal side effects were significantly less frequent with CM than EC (7 vs. 21%, p = 0.001). Thus, CM is more effective and has a better gastrointestinal safety than EC in the acute treatment of migraine attacks.",0
W2027159697,"Lack of an effect of zolmitriptan (Zomig, 311C90) on psychometric task performance: results of a placebo-controlled study in healthy volunteers",,0
W1792923393,Subcutaneous sumatriptan compared with usual acute treatments for migraine: clinical and pharmacoeconomic evaluation.,"Cost-effectiveness and cost per successful treatment has been evaluated in 186 outpatients randomised to treat moderate to severe migraine attacks either with subcutaneous sumatriptan 6 mg (n = 97) or with their current therapy (n = 89) during an open, multicentre study of 3 months. Within 2 hours, headache severity decreased to none/mild in 86% of all attacks in the sumatriptan group (STG) compared to 25% in the customary group (CTG). Migraine was alleviated earlier in the STG than in the CTG (median 3.78 vs. 13.39 hours, p < 0.0001). The direct and total cost of treatment was 133 and 2012 BF, respectively, in the CTG and 1400 and 2522 BF, respectively, in the STG. Measuring the effectiveness of earlier pain relief with sumatriptan, the incremental cost-effective ratios for direct and total cost were 132 and 53 BF per hour of relieved pain, respectively. For this price, significantly more sumatriptan patients improved their quality of life by more than 20% (61.6 vs. 20.6% patients, p < 0.001) and less sumatriptan patient consulted a medical professional (11.3 vs. 29.2% patients, p < 0.01), used less medication for adverse events (6.2 vs. 22.5%, p < 0.001) and suffered less from associated migraine symptoms. The median number of hours of diminished work-efficiency (3 vs. 7 hours, p < 0.01) or of suspension of non-professional activity (10 vs. 24 hours, p < 0.001) was also significantly lower in the STG. The total cost per successfully treated patient was lower in the STG. Sumatriptan is more effective, provides a better quality of life, reduces health care resource utilisation, and improves work productivity as compared to the CTG, thereby resulting in a favourable cost-effectiveness ratio.",0
W2394676021,Radiofrequency cervical zygapophyseal joint neurotomy for cervicogenic headache: a prospective study of 15 patients.,"The present study assessed the clinical efficacy of radiofrequency cervical zygapophyseal joint neurotomy in patients with cervicogenic headache. Fifteen consecutive patients with cervicogenic headache were treated and then assessed one week prior to treatment and, at short-term (8 weeks), intermediate (mean 8.8 months) and long-term (mean 16.8 months) follow-ups. The following were taken as outcome parameters: Visual Analogue Scale (VAS), 7-point Verbal Rating Scale (VRS), number of headache days per week and analgesic intake per week. The results of this study showed that radiofrequency neurotomy of the cervical zygapophyseal joints significantly reduced headache severity in 12 (80%) patients, both at short-term and long-term follow-up assessed by 7-point VRS. Mean VAS decrease was 31.4 mm (p < 0.001) and 53.5 mm (p < 0.0001) respectively in this period. The average mean number of headache days per week decreased from 5.8 days to 2.8 days (p = 0.001) and the average analgesic intake per week showed a reduction from a mean of 17.5 tablets to a mean of 3.4 tablets (p = 0.003). A definitive conclusion about the clinical efficacy of this treatment can only be drawn from a randomized controlled trial.",0
W2101300501,Medication-Induced Headache: Overview and Systematic Review of Therapeutic Approaches,"OBJECTIVE: To review medication-induced headache (MIH) through a systematic evaluation of the literature regarding the pharmacologic management of this condition. METHODOLOGY: To identify and evaluate all pharmacologic interventions for MIH, we conducted a qualitative systematic review of the English-language literature from 1966 to June 1998 using MEDLINE. The following search terms were used: chronic daily headache, transformed migraine, analgesic withdrawal headache, analgesic rebound headache, drug-associated headache, medication-induced headache, detoxification, and dihydroergotamine. In addition, a review of the references from relevant literature was also conducted to collect reports not identified in the MEDLINE search. RESULTS: Numerous therapies for acute management of MIH have been evaluated, although no rigorously conducted clinical trials were identified. Therapies evaluated include abrupt withdrawal of analgesics, initiation of dihydroergotamine, nonsteroidal antiinflammatory agents, methylergonovine, dihydroergotamine, sumatriptan, amitriptyline, dexamethasone, piracetam, prothipendyl, and valproate. Epidemiology, diagnosis, clinical features, pathophysiology, and long-term prognosis of therapy are discussed and therapeutic guidelines are offered. CONCLUSIONS: MIH is an underrecognized and difficult condition affecting headache-prone patients. The published literature concerning treatment of patients with MIH is scant and of poor quality, making it difficult for clinicians to decide on appropriate therapy. Recognition and treatment of MIH may lead to a long-term improvement in headache relief for many patients. It appears that complete withdrawal of the medications being overused is required for favorable long-term results.",0
W2082188135,The Pharmacodynamics of Sumatriptan in Nitroglycerin‐Induced Headache,"Migraine is a common disorder that causes significant morbidity in those afflicted. Many novel antimigraine compounds are in clinical development, yet full characterization of each one's pharmacodynamic behavior is a formidable task due to the difficulty in studying a migraineur during an attack. Nitroglycerin (NTG) administration commonly causes a headache with some features similar to those of a migraine. As such, NTG has been used as a model of vascular headaches, including migraine. The pharmacodynamic effects of nitroglycerin and sumatriptan on middle cerebral artery blood flow velocity (MCAv) and headache scores were studied in 10 healthy male volunteers. An intravenous infusion of NTG titrated to 0.5 mcg/kg/min over 30 minutes resulted in a median reduction from baseline in MCAv of 27% (range: 16.4%-37.3%). Nine of the subjects developed a headache with a median verbal score of 3.5 of 10 (range: 0-5). Subjects received sumatriptan either 2 mg intravenously or 6 mg subcutaneously, which abated clinical headache in 9 of the 10 subjects (p = 0.030). A median sumatriptan-induced increase in MCAv of 21% (p = 0.054) suggested a constricting effect on the NTG-induced dilated MCA. A two-compartment pharmacokinetic/indirect-effects pharmacodynamic model was fit to the sumatriptan concentration and MCAv data using iterative two-stage analysis. This model was unbiased and fit the concentration (r2 = 0.98) and the MCAv (r2 = 0.79) data well. These results suggest that NTG-induced headache and the development of pharmacokinetic/pharmacodynamic models could serve as a useful method for exploring the mechanisms of abortive migraine drugs.",0
