id,title,abstract,label
W2164799400,Pharmacokinetics of an Oral Once‐a‐Day Controlled‐Release Oxybutynin Formulation Compared with Immediate‐Release Oxybutynin,"Oxybutynin is used for the treatment of urge urinary incontinence. In this randomized, open-label, two-way crossover, multiple-dose study, the pharmacokinetics of a once-daily, controlled-release formulation, OROS oxybutynin chloride, was compared with that of immediate-release (IR) oxybutynin (Ditropan). Thirteen healthy female volunteers received three 5 mg OROS oxybutynin chloride tablets once daily for 4 days or IR oxybutynin 5 mg administered every 8 hours for 4 days. On day 1, with OROS oxybutynin chloride, mean plasma concentrations rose slowly over approximately 6 hours following dosing (mean Cmax 4.2 ng/mL) and remained fairly constant over the 24-hour dosing interval, whereas with IR oxybutynin, mean plasma concentrations rose rapidly within the first hour after dosing (mean Cmax 12.0 ng/mL), then declined. The mean oxybutynin degree of fluctuation was much lower for OROS oxybutynin chloride (78%) than for IR oxybutynin (371%). For both formulations, the plasma concentration-time profiles for the metabolite N-desethyloxybutynin paralleled those of oxybutynin but at higher concentrations. Steady-state oxybutynin concentrations were achieved by day 3 for both formulations. Mean area under the concentration-time curve (AUC) values for both oxybutynin and its metabolite were similar between day 1 and day 4 for each treatment, suggesting time-invariant pharmacokinetics. With OROS oxybutynin chloride, mean relative bioavailability was higher (153%) for oxybutynin and lower (69%) for N-desethyloxybutynin compared with IR oxybutynin. This increased bioavailability may be due to reduced first-pass metabolism; within 3 to 5 hours after dosing, OROS systems are thought to reach the colon, where cytochrome P450-mediated oxidation (oxybutynin's primary metabolic pathway) may be less extensive than in the small intestine. Fewer subjects reported any adverse event with OROS oxybutynin chloride than with IR oxybutynin (including dry mouth, oxybutynin's most frequently reported anticholinergic adverse effect).",0
W2008323673,New Drugs of 1998,,0
W2068456101,A Review of the Quality-of-Life Aspects of Urinary Urge Incontinence,,0
W1515159044,"Tolterodine does not affect the human <i>in vivo</i> metabolism of the probe drugs caffeine, debrisoquine and omeprazole","AIM: To investigate the in vivo effect of treatment with tolterodine on debrisoquine 4-hydroxylation (an index of CYP2D6 activity), omeprazole 5-hydroxylation (CYP2C19), omeprazole sulphoxidation (CYP3A4) and caffeine N3-demethylation (CYP1A2). METHODS: Twelve healthy male volunteers (eight extensive metabolisers [EMs] and four poor metabolisers [PMs] with respect to CYP2D6) received 4 mg tolterodine L-tartrate orally twice daily for 6 days. All subjects were EMs with respect to CYP2C19. The subjects received single oral doses of debrisoquine (10 mg), omeprazole (20 mg) and caffeine (100 mg) for determination of the appropriate metabolic ratios (MR). The drugs were given on separate consecutive days, before, during and after the co-administration of tolterodine. RESULTS: Mean serum tolterodine concentrations were 5-10 times higher in PMs than in EMs. Serum concentrations of the active 5-hydroxymethyl metabolite of tolterodine, 5-HM, were not quantifiable in PMs. The mean MR of debrisoquine (95% confidence interval) during tolterodine treatment was 0.50 (0.25-0.99) and did not differ statistically from the values before [0.49 (0.20-1.2)] and after tolterodine administration [0.46 (0.14-1.6)] in EMs. The mean MR of omeprazole hydroxylation and sulphoxidation or caffeine metabolism were not changed in the presence of tolterodine in either EMs or PMs. Debrisoquine and caffeine had no significant effect on the AUC(1,3 h) of either tolterodine or 5-HM, but during omeprazole administration small decreases (13-19%) in these parameters were seen. CONCLUSIONS: Tolterodine, administered at twice the expected therapeutic dosage, did not change the disposition of the probe drugs debrisoquine, omeprazole and caffeine and thus had no detectable effect on the activities of CYPs 2D6, 2C19, 3A4 and 1A2. Alteration of the metabolism of substrates of these enzymes by tolterodine is unlikely to occur.",0
W2010470645,Pharmacological effects of tolterodine on human isolated urinary bladder,,0
W2055149989,Serum protein binding of tolterodine and its major metabolites in humans and several animal species,"The aim of this study was to determine in vitro protein binding of tolterodine and its 5-hydroxymethyl (5-HM) and N-dealkylated metabolites in serum from humans and several animal species at concentrations similar to those obtained in clinical and preclinical studies. Binding of tolterodine and the two metabolites to human serum albumin and alpha1-acid glycoprotein (AAG) was also assessed, as was binding of tolterodine to red blood cells. Ex vivo protein binding of tolterodine and 5-HM was determined in serum samples from healthy volunteers treated with oral tolterodine 4 mg twice daily for 8 days. Tolterodine exhibited high protein binding in human serum; the unbound fraction (f(u)) was 3.7%. The unbound fraction of tolterodine in cat and dog serum (1.5 and 2.1%, respectively) was lower compared with human serum; f(u) was higher in the other species investigated (rat, 22%; mouse, 16-17%; rabbit, 39%). The unbound fraction of 5-HM was much higher in serum from humans (36%) and all animal species investigated (mouse, 72%; rabbit, 68%; cat, 32%; dog, 45%). Binding of N-dealkylated tolterodine to proteins in human serum was intermediate (f(u) 14%). AAG was the major binding protein for tolterodine and 5-HM, and the degree of binding increased with increasing concentration of the protein. The association constant of 5-HM for AAG was lower than that of tolterodine (1.3 x 10(5) M(-1) versus 2.1 x 10(6) M(-1)). The blood:plasma tolterodine concentration ratio was 0.6 in both humans and dog; thus, a minor fraction of tolterodine was present in red blood cells compared with plasma (0.18 and 0.36, respectively). In the mouse, tolterodine was equally present in blood and plasma. In ex vivo samples, f(u) values for tolterodine (pH adjusted) varied between 1.6 and 4.9% (mean 2.8%), which could be explained by differences in AAG concentrations. There was good correlation between observed f(u) values for tolterodine and those predicted on the basis of AAG levels. Similar findings were observed for 5-HM.",0
W2083510953,CLINICAL EFFICACY AND SAFETY OF TOLTERODINE COMPARED TO PLACEBO IN DETRUSOR OVERACTIVITY,"PURPOSE: We evaluated the efficacy, patient acceptability and side effect profile of tolterodine, a new antimuscarinic agent for treating bladder overactivity. MATERIALS AND METHODS: In our randomized, placebo controlled, parallel group study 123, 129 and 64 patients 18 years old or older with proved detrusor overactivity (idiopathic detrusor instability or detrusor hyperreflexia) were randomized to receive 1 or 2 mg. tolterodine, or placebo, respectively, twice daily for 12 weeks. Main outcome measures were number of voids per 24 hours, urine volume per void and episodes of urge incontinence per 24 hours on a frequency-volume chart with detailed recording of side effects. RESULTS: After 12 weeks of treatment mean number of voids per 24 hours plus or minus standard deviation decreased from 11.2 +/- 3.1 to 9.0 +/- 2.6 with the 2 mg. dosage (p = 0.0045 versus placebo). At this dose mean urine volume per void increased from 155 +/- 52 to 190 +/- 70 ml. (p <0.0001 versus placebo), while mean number of incontinence episodes per 24 hours decreased from 3.6 +/- 4.0 to 1.8 +/- 3.1 (p = 0.19 versus placebo). Similar efficacy was observed in patients receiving the 1 mg. dose. Severe dry mouth was reported by only 2, 1 and 2% of patients given the 1 and 2 mg. dose, and placebo, respectively. There was no clinical or electrocardiographic evidence of significant cardiac adverse events. CONCLUSIONS: Tolterodine administration resulted in a significant decrease in the frequency of voiding and improved voided volume but it was seldom associated with troublesome or severe side effects.",1
W1991953018,"Tolterodine, a New Antimuscarinic Drug for Treatment of Bladder Overactivity","Tolterodine is a nonsubtype selective antimuscarinic agent recently approved as therapy in patients with overactive bladder with symptoms of urinary frequency, urgency, or urge incontinence. It acts by muscarinic receptor blockade in the bladder wall and detrusor muscle. Despite short terminal disposition half-lives of 2-3 and 3-4 hours for tolterodine and its active 5-hydroxy metabolite, respectively, twice/day dosing is effective due to the drug's prolonged pharmacodynamic effects. Dosage adjustment is recommended in the presence of hepatic impairment and during concurrent therapy with drugs that inhibit cytochrome P450 2D6 and 3A4 isozymes. Tolterodine significantly reduces clinically relevant end points such as number of micturitions and number of incontinence episodes/day. In general, it is superior to placebo and equivalent to oxybutynin in this regard. As might be expected from its pharmacologic profile, the principal adverse effects of the drug are anticholinergic. In clinical trials, tolterodine was tolerated significantly better than oxybutynin. Its relative merits as a first- or second-line agent for patients intolerant of oxybutynin are unclear. Until pharmacoeconomic analyses are conducted that clearly justify use of this more expensive agent, tolterodine is perhaps best reserved for patients who are intolerant of or fail oxybutynin therapy.",0
W2109298103,Tolterodine in the treatment of overactive bladder: analysis of the pooled phase II efficacy and safety data,,0
W1603915265,Quality‐of‐life aspects of the overactive bladder and the effect of treatment with tolterodine,,0
W2148567690,ONCE DAILY CONTROLLED VERSUS IMMEDIATE RELEASE OXYBUTYNIN CHLORIDE FOR URGE URINARY INCONTINENCE,"PURPOSE: We compared the efficacy and safety of once daily controlled and immediate release oxybutynin for incontinence. MATERIALS AND METHODS: This multicenter, randomized, double-blind, active control, parallel study was designed to evaluate urge urinary incontinence episodes using a 7-day diary. RESULTS: A total of 97 women and 8 men 34 to 76 years old with urge incontinence or mixed incontinence with a clinically significant urge component were enrolled in the study. The number of weekly urge incontinence episodes decreased from 27.4 to 4.8 after controlled and from 23.4 to 3.1 after immediate release oxybutynin (p = 0.56), and total incontinence episodes decreased from 29.3 to 6 and from 26.3 to 3.8, respectively (p = 0.6). Weekly urge incontinence episodes from baseline to end of study also decreased to 84% after controlled and 88% after immediate release oxybutynin (p = 0.7). Continence was achieved in 41% of the controlled and 40% of the immediate release group (p = 0.9). Dry mouth of any severity was reported by 68 and 87% of the controlled and immediate release groups, respectively (p = 0.04), and moderate or severe dry mouth occurred in 25 and 46%, respectively (p = 0.03). CONCLUSIONS: Participants taking a single daily does of controlled release oxybutynin had similar reductions in urge incontinence and total incontinence episodes compared to those taking oxybutynin 1 to 4 times daily. A lower incidence of dry mouth was reported for controlled release oxybutynin.",1
W2034359248,Inhibition of airway hyperreactivity by oxybutynin chloride in subjects with cervical spinal cord injury,,0
W2056166146,Urge Incontinence,,0
W2334096500,Oxybutynin Enhances the Metabolism of Clomipramine and Dextrorphan Possibly by Induction of a Cytochrome P450 Isoenzyme,"Grozinger, Michael MD; Hartter, Sebastian PhD; Hiemke, Christoph PhD; Roschke, Joachim MD, PhD Author Information",1
W2375770443,Importance of pharmacological and physicochemical properties for tolerance of antimuscarinic drugs in the treatment of detrusor instability and detrusor hyperreflexia--chances for improvement of therapy.,"BACKGROUND: Antimuscarinic side-effects are relatively frequent problems in oral pharmacotherapy of detrusor instability and neurogenic dysfunction of the urinary bladder. Results of recent clinical trials demonstrate differences in tolerance between antimuscarinic drugs. It is the purpose of this paper to relate the available clinical data to the pharmacological and physicochemical properties of the different antimuscarinic drugs, in order to discuss the reasons for this enhanced tolerance and to make possible modes for improvement of antimuscarinic therapy plainly visible. METHODS: Therefore, we reviewed the available literature using among others the computerized library systems Medline (National Library of Medicine, Bethesda, Maryland, USA) and Embase (Excerpta Medica, Amsterdam, the Netherlands). Differences in tolerance of oral antimuscarinic drugs may result from muscarine-receptor selectivity, organ selectivity, and pharmacokinetic as well as physicochemical properties. While the roles of m-receptor and organ selectivity need more detailed clarification, influences of differences in bioavailability and physicochemical properties on the tolerance of antimuscarinic drugs are more sufficiently investigated. RESULTS: Generally, tolerance as well as efficacy of antimuscarinic drugs seem to be a complex result of a combination of various pharmacological properties distinguishing the individual substances. The enhancement of tolerance of propiverine hydrochloride, tolterodine tartrate and trospium chloride compared to oxybutynin chloride seems to be reached by different modes, from which the molecular structure -- propiverine and tolterodine are tertiary amines, trospium chloride possesses a quarternary ammonium structure -- may be of great importance. First investigations with alternative transdermal and intravesical application routes show interesting possibilities for further improvement of antimuscarinic therapy in urological indications. CONCLUSION: In conclusion, from pharmacological and clinical data it becomes obvious that there are significant differences between antimuscarinic drugs, which are of clinical relevance and include possible starting points for the development of new drugs and application forms.",0
W2124954720,An extended-release formulation of oxybutynin chloride for the treatment of overactive urinary bladder,,0
W1988005926,Using Flavoxate as Primary Medication for Patients Suffering from Urge Symptomatology,,0
W2127863576,Comparative pharmacology of recombinant human M<sub>3</sub> and M<sub>5</sub> muscarinic receptors expressed in CHO‐K1 cells,"1. Affinity estimates were obtained for several muscarinic antagonists against carbachol-stimulated [3H]-inositol phosphates accumulation in Chinese hamster ovary (CHO-KI) cells stably expressing either human muscarinic M3 or M5 receptor subtypes. The rationale for these studies was to generate a functional antagonist affinity profile for the M5 receptor subtype and compare this with that of the M3 receptor, in order to identify compounds which discriminate between these two subtypes. 2. The rank order of antagonist apparent affinities (pK(B)) at the muscarinic M5 receptor was atropine (8.7) > or =tolterodine (8.6) = 4-diphenylacetoxy-N-methylpiperidine (4-DAMP, 8.6)> darifenacin (7.7) > or =zamifenacin (7.6)>oxybutynin (6.6)= para-fluorohexahydrosiladifenidol (p-F-HHSiD, 6.6)>pirenzepine (6.4) > or = methoctramine (6.3)=himbacine (6.3)>AQ-RA 741 (6.1). 3. Antagonist apparent affinities for both receptor subtypes compare well with published binding affinity estimates. No antagonist displayed greater selectivity for the muscarinic M5 subtype over the M3 subtype, but himbacine, AQ-RA 741, p-F-HHSiD, darifenacin and oxybutynin displayed between 9- and 60 fold greater selectivity for the muscarinic M3 over the M5 subtype. 4. This study highlights the similarity in pharmacological profiles of M3 and M5 receptor subtypes and identifies five antagonists that may represent useful tools for discriminating between these two subtypes. Collectively, these data show that in the absence of a high affinity M5 selective antagonist, affinity data for a large range of antagonists is critical to define operationally the M5 receptor subtype.",0
W2035682337,Drug eruption due to flavoxate hydrochloride,,0
W2057912252,Pharmacological Management of Incontinence,,0
W1967831279,Treatment of urge incontinence in veterans affairs medical centers,,0
W2010708532,Clinical Efficacy of Oxybutynin on Sensory Urgency as Compared with That on Motor Urgency,"OBJECTIVE: Anticholinergic drug is widely accepted as an effective medication for frequency, urgency and urge incontinence related to detrusor overactivity (motor urgency). In order to elucidate whether anticholinergic drug is also effective for these symptoms related to bladder hypersensitivity (sensory urgency), clinical efficacy of oxybutynin on sensory urgency was compared with that on motor urgency. METHOD: Twenty-four patients with sensory urgency, and 53 patients with motor urgency were treated with oxybutynin (6 mg/day) for 4 weeks and subjective and objective efficacies were evaluated. Subjective parameters were quantified with urge score (grade 0-3) and daily numbers of voiding and incontinence. Objective efficacies were evaluated with pre-/ postcomparison of cystometric parameters. RESULTS: Excellent or good overall efficacy was obtained in 62.5% (15/24) of the sensory urgency group and 60.4% (32/53) of the motor urgency group. There was no statistical difference between these two groups. Objective cystometric parameters, bladder volume at first sensation and maximum cystometric capacity, statistically improved after the treatment in both groups. CONCLUSION: The results suggest that oxybutynin works as well on sensory urgency as it does on motor urgency.",0
W100535241,"Tolterodine for overactive bladder: time to onset of action, preferred dosage, and 9-month follow-up.","This is a prospective study of 28 patients who had urinary frequency (>8 times/day) and either urgency or urge incontinence (>1 time/day). After a 2-week run-in period (visit 1), the patients were started on tolterodine 1 mg twice a day (bid) (visit 2). They were followed at 4 and 8 weeks (visits 3 and 4). The patients were contacted by telephone 1 week after visit 2. Tolterodine was increased to 2 mg bid if the patient had incomplete improvement at either the initial phone call or during visit 3. Evaluation criteria were daily micturition charts including urinary frequency, nocturia, leakage episodes, average urine volume per day, and average voided volume. Tolterodine was well tolerated without side effects in 20 (80%) of 28 patients. Eight patients (20%) dropped out after enrollment because of side effects in 3, no improvement in 2, and missing visits (>1) in 3. Drug dosage in the 20 patients who tolerated tolterodine was 1 mg bid in 3 and 2 mg bid in 17 (85%). According to micturition charts, urinary frequency, nocturia, and leakage episodes decreased significantly after tolterodine treatment, whereas average urine volume per day and average voided volume did not change significantly. There were no electrocardiographic or biochemical abnormalities due to tolterodine treatment. Mean follow-up was 9.4 months. All 20 patients who tolerated tolterodine continue to take the medication without significant side effects. We conclude that tolterodine is well tolerated and effective for overactive bladders. Two milligrams bid is the dosage preferred by the majority of patients and the onset of action is seen within 1 week of treatment. Long-term compliance and efficacy are excellent, with no dropout in >9 months of follow-up.",0
W1992918179,Neurogenic bladder dysfunction,"Urodynamics are still essential for diagnosis and prognosis of neurogenic lower urinary tract-dysfunction and can not be replaced by other means of investigation so far, neither by a thorough clinical investigation nor by sophisticated means like magnetic resonance imaging. The findings with clinical investigations are specific, but not sensitive enough, and the spinal cord lesions may sometimes be beyond the resolution of magnetic resonance-scanning. Pharmacotherapy is still the corner stone in the management of detrusor hyperreflexia. Further studies with tolterodine, oxybutynin, trospiumchloride and propiverine have increased our knowledge about these substances. Capsaicin was proved to be the effective substance and not the alcoholic solution, which serves as a carrier. Intrathecal clonidine may represent a new conservative reversible alternative treatment for detrusor hyperreflexia. Experiments with detrusor strips from end-stage MMC-patients may explain the relative resistance of the low compliant bladder to the common anticholinergic/spasmolytic therapy. The differential indication for bladder augmentation, either using segments of the gastrointestinal-tract or performing a partial detrusor myectomy is ongoing, favourable results are reported for both techniques. Sacral posterior root rhizotomy is able to abolish detrusor hyperreflexia and therefore recommended for tetra- and paraplegics, however autonomic dysreflexia, if present, can not be totally abolished. Collagen injections for neuropathic sphincter incompetence can not be recommended as demonstrated in children with congenital neuropathy, a new design of an artificial sphincter must stand the test of time.",0
W2147798042,METABOLISM-BASED DRUG INTERACTIONS INVOLVING ORAL AZOLE ANTIFUNGALS IN HUMANS*,AUC:Area under the plasma concentration–time curveCmax:Maximum plasma concentrationCmin:Minimum plasma concentrationCss:Plasma concentration at steady stateCl:Total clearance from plasmaClH:Hepatic...,0
W2011917402,Evaluation of a new once-daily formulation of oxybutynin for the treatment of urinary urge incontinence,,1
W1967094,[Oxybutinin-desmopressin association in the treatment of primary nocturnal enuresis with diurnal urination disorders].,"BACKGROUND: Since most of the children observed in our Centre present enuresis with voiding disturbance, we carried out a study where these patients were treated with the DDAVP + Oxybutinin association. METHODS: We have treated 89 children with enuresis and voiding disturbances (urge incontinence, voiding urgency, urinated > 7 times a day), administering a drugs combination of desmopressin (20 micrograms/daily) and oxybutinin (0.3-0.6 mg/kg/bid or tid) for a variable period, depending on response to the treatment. RESULTS: The results demonstrate the efficacy of this association: we have observed a reduction in average bed wetting nights from 23.4 nights/month to 6.4 wet nights after 1 month, to 3.8 ad 2.9 respectively after 3 and 6 months from the beginning. Moreover we obtained a recovery of all daily voiding disturbances after 3 months. Fifty percent of children were cured after 4 months of therapy and finally 93.2% recovered at 6 months. On the other hand, 2 children were no-responders to the therapy even after 9 months of combined drugs administration. CONCLUSIONS: Based on these results we can affirm that children with nocturnal enuresis and voiding disturbance can be treated with this combined therapy. Actually, the reduction of urinary output and thus lower bladder filling, due to the desmopressin, decreases the onset of uninhibited bladder contractions and enhances oxybutinin activity.",0
W1973289190,Recent advances: Gynaecology,Competing interests: CK has received reimbursement both from Schering and from Pharmacia and Upjohn for attending symposia.,0
W2127252378,"A placebo‐controlled, multicentre study comparing the tolerability and efficacy of propiverine and oxybutynin in patients with urgency and urge incontinence","OBJECTIVE: To assess the tolerability and efficacy of propiverine and oxybutynin in patients with urgency and urge incontinence in a randomized, double-blind placebo-controlled clinical trial. PATIENTS AND METHODS: In all, 366 patients (149 on propiverine, 145 oxybutynin and 72 placebo, ratio 2:2:1) with urgency and urge incontinence were recruited in 32 study centres. Propiverine (group 1, 15 mg three times daily), oxybutynin (group 2, 5 mg twice daily) or placebo (group 3) were administered for 4 weeks, using the double-dummy technique. The dosages were selected specifically to compare the tolerability profile of propiverine with the commonly used therapeutic dosage of oxybutynin. Tolerability was assessed by directly questioning the patients about adverse events at four visits (V-1 before and V0 after a 1-week 'washout' period, V1 after 1 week and V4 after 4 weeks of treatment) during a 5-week surveillance period, and by tolerability ratings of the physicians. Efficacy was assessed using urodynamics at V0 and V4, evaluating the cystometric bladder capacity at maximal and first desire to void, and postvoid residual urine, according to the criteria of the International Continence Society. Additionally, a voiding protocol, overall assessment of clinical symptomatology and efficacy ratings by the physicians were documented. RESULTS: A remarkably high percentage of adverse events was reported in the washout period (VO: 13%, 16% and 18% in groups 1-3, respectively). At V4, the clinically most relevant symptom (dry mouth) occurred in 53% of patients in group 1, in 67% of group 2 and in 28% of group 3. Furthermore, dry mouth was less severe in group 1 than group 2. In contrast to groups 2 and 3, only patients in group 1 showed increasing tolerability during the treatment (from V1 to V4). These tolerability results were further supported by the overall tolerability assessment ('very good' or 'good' tolerability in 67% of group 1, in 59% of group 2 and in 83% of group 3). The urodynamic assessment of efficacy (comparing V0 and V4) showed a statistically significant increase in the mean (sd) maximal cystometric bladder capacity in group 1, being 222 (77) mL at V0 and 311 (125) mL at V4, an increase of 89 (108) mL, and in group 2, at 226 (75) mL and 322 (123) mL, an increase of 96 (106) mL, compared with group 3, at 211 (77) mL and 263 (93) mL, an increase of only 52 (92) mL. The cystometric bladder capacity at first desire to void also increased in group 1 (93 to 160 mL) and group 2 (89 to 160 mL), whereas in group 3 there were only minor changes (93 to 120 mL). Changes in the residual urine volume within and between the treatment groups were minimal and clinically irrelevant. The overall assessment of efficacy showed significant differences between the drugs when compared with placebo. CONCLUSION: Propiverine is a safe and effective drug in the treatment of urgency and urge incontinence; it is as effective as oxybutynin, but the incidence of dry mouth and its severity is less with propiverine than with oxybutynin. The availability of alternative pharmacotherapeutics such as propiverine should reduce the therapeutic failure rate and improves the success rate in the treatment of patients suffering from urgency and urge incontinence.",1
W2045061027,Advantages and risks of ileovesicostomy for the management of neuropathic bladder,,0
W1986383302,"Tolterodine, a New Antimuscarinic Drug for Treatment of Bladder Overactivity — A Comment",,0
W2014443182,Safety review of the oral antifungal agents used to treat superficial mycoses,,0
W2118975598,Tolterodine Use for Symptoms of Overactive Bladder,"OBJECTIVE: To describe the pharmacology, pharmacokinetics, clinical efficacy, and safety of tolterodine for the treatment of overactive bladder. DATA SOURCES: Published articles and abstracts were identified from a MEDLINE search (January 1980-October 1998) using the terms tolterodine, PNU-200583E, urge incontinence, overactive bladder, detrusor instability, detrusor overactivity, and antimuscarinic. Pertinent articles written in English were considered for review. Additional articles were identified from the bibliographies of retrieved articles. Data from the Food and Drug Administration-approved product labeling and the manufacturer were also used in the absence of published data. STUDY SELECTION AND DATA EXTRACTION: Clinical studies of tolterodine involving human subjects were evaluated. DATA SYNTHESIS: Tolterodine is a competitive muscarinic receptor antagonist with relative functional selectivity for bladder muscarinic receptors. It is metabolized in the liver by CYP2D6 to an active metabolite (DD 01), which is partially responsible for its pharmacologic activity. Those who are genetically devoid of CYP2D6 will have higher concentrations of the parent compound and virtually undetectable concentrations of DD 01; however, the clinical efficacy does not appear to be altered. In dosages of 2 mg twice daily, tolterodine has shown consistent reductions in the number of micturitions per 24 hours and less consistently decreased incontinence episodes in patients with detrusor overactivity. The functional selectivity of tolterodine for bladder muscarinic receptors results in fewer systemic adverse effects, such as dry mouth, than occur with comparable nonselective antimuscarinic agents. CONCLUSIONS: Clinical studies have shown that the effectiveness of tolterodine for symptoms of overactive bladder is similar to that of oxybutynin. The adverse effect profiles of tolterodine and oxybutynin are similar; however, comparative clinical trials have shown significantly fewer patients taking tolterodine require dosage reductions or discontinue therapy due to antimuscarinic adverse effects such as dry mouth. Although more costly than oxybutynin, tolterodine represents a modest improvement over oxybutynin with respect to adverse effect profile, which may allow more patients with incontinence to tolerate therapeutic doses. Further research is necessary to determine whether tolterodine has clinical advantages over similar agents in patients with other muscarinic adverse effects, such as constipation or cognitive impairment.",0
W2008079238,Clinical Efficacy and Safety of Tolterodine Compared to Oxybutynin and Placebo in Patients with Overactive Bladder,,1
W2062242064,Oxybutynin disrupts learning and memory in the rat passive avoidance response,,0
W2043681998,Preparation and Evaluation of Tablets Rapidly Disintegrating in Saliva Containing Bitter-Taste-Masked Granules by the Compression Method.,"The aim of this study was to prepare, using taste-masked granules, tablets which can rapidly disintegrate in saliva (rapidly disintegrating tablet), of drugs with bitter taste (pirenzepine HCl or oxybutynin HCl). The taste-masked granules were prepared using aminoalkyl methacrylate copolymers (Eudragit E-100) by the extrusion method. None of the drugs dissolved from the granules (% of dissolved, < 5%) even at 480 min at pH 6.8 in the dissolution test. However, the drugs dissolved rapidly in the medium at pH 1.2 in the dissolution test. Rapidly disintegrating tablets were prepared using the prepared taste-masked granules, and a mixture of excipients consisting of crystalline cellulose (Avicel PH-102) and low-substituted hydroxypropylcellulose (L-HPC, LH-11). The granules and excipients were mixed well (mixing ratio by weight, crystalline cellulose: L-HPC = 8:2) with 1% magnesium stearate, and subsequently compressed at 500-1500 kgf in a single-punch tableting machine. The prepared tablets (compressed at 500 kgf) containing the taste-masked granules have sufficient strength (the crushing strength: oxybutynin tablet, 3.5 kg; pirenzepine tablet, 2.2 kg), and a rapid disintegration time (within 20 s) was observed in the saliva of healthy volunteers. None of the volunteers felt any bitter taste after the disintegration of the tablet which contained the taste-masked granules. We confirmed that the rapidly disintegrating tablets can be prepared using these taste-masked granules and excipients which are commonly used in tablet preparation.",0
W2134445877,USE OF POLYDIMETHYLSILOXANE FOR ENDOSCOPIC TREATMENT OF NEUROGENIC URINARY INCONTINENCE IN CHILDREN,"PURPOSE: We report on the injection of polydimethylsiloxane for endoscopic treatment of urinary incontinence in children with neurogenic bladder and determine the optimal criteria for patient selection. MATERIALS AND METHODS: We have treated 17 boys and 16 girls since 1995. The etiology of incontinence was spina bifida in 24 cases. Previous surgery was performed in 18 patients, including bladder neck reconstruction in 15 and bladder augmentation in 9. Mean patient age at injection was 13 years (range 7 to 17). We administered 1, 2 and 3 injections in 21, 11 and 1 patients, respectively. Mean volume at each injection was 3.2 cc. Mean interval between injections was 6 months (range 3 to 15). In all cases injection was done transurethrally. RESULTS: Followup ranged from 6 to 41 months (median 16). A total of 11 patients (33.3%) are dry (continence for greater than 4 hours and no urinary pad use during the day) and 8 (24.2%) are improved (continence for 2 to 3 hours and minimal pad use). Results are poor in 14 cases. Overall previous bladder neck surgery or preoperative detrusor hyperactivity did not influence results. Good results were mainly associated with female gender (47.4% of girls versus 10.5% of boys achieved cure). CONCLUSIONS: Injection of polydimethylsiloxane at the bladder neck resulted in continence in 33% of neurogenic bladder cases. Better results occurred in girls and injection did not compromise other surgical procedures. Polydimethylsiloxane seems more suitable than bovine collagen due to potential problems with biological product use.",0
W2054545196,DESMOPRESSIN RESISTANT ENURESIS: PATHOGENETIC AND THERAPEUTIC CONSIDERATIONS,"PURPOSE: We tested the role of the bladder in the pathogenesis of desmopressin resistant enuresis by evaluating the influence of urine production on the timing of the enuretic event and the response to anticholinergic medication. MATERIALS AND METHODS: We gave 33 children with monosymptomatic nocturnal enuresis resistant to the standard 0.4 mg. oral dose of desmopressin 0.4 and 0.8 mg. desmopressin and placebo tablets for 5 nights each in a double-blind crossover fashion. The time of enuresis or nocturia was documented. All 9 children who had at least 1 dry treatment period during the randomized portion of the study then received open label treatment with 0.8 mg. desmopressin. Nonresponders to this regimen and the remainder of the children were offered anticholinergic treatment. RESULTS: Average time between bedtime and voiding was 5.0, 5.6 and 5.0 hours during the nights with placebo, and 0.4 and 0.8 mg. desmopressin, respectively (p = 0.12). Of the 9 children subsequently treated with 0.8 mg. desmopressin 5 became completely dry. Of the remaining 28 children given anticholinergic treatment 20 responded. CONCLUSIONS: Antidiuresis does not delay the enuretic event in children with desmopressin resistant enuresis. This finding and the favorable response to anticholinergic medication favor the hypothesis that these children have nocturnal bladder instability. A subgroup of enuretic children responds to high but not normal doses of desmopressin.",0
W1989158938,Visual hallucinations at the onset of tolterodine treatment in a patient with a high‐level spinal cord injury,,0
W2126414988,Tolterodine–Warfarin Drug Interaction,"OBJECTIVE: To report two cases of warfarin therapy in which the addition of tolterodine resulted in prolonged international normalized ratios (INRs). CASE SUMMARY: Two patients, each receiving warfarin for stroke prophylaxis in association with chronic atrial fibrillation, developed adverse effects after the initiation of tolterodine for urinary disorders. Other medications for concurrent medical diagnoses had remained unchanged. One patient had an episode of prostatitis, which was treated with levofloxacin immediately prior to tolterodine initiation. The warfarin dosage had remained constant for many weeks in both patients prior to and during the tolterodine trials. In each patient, the initiation of tolterodine was associated with a significant increase in the patient's INR measured 10-14 days later. Thus, tolterodine was ineffective in both patients and was discontinued one to two days before the elevated INRs were determined during routine clinic visits. INRs determined approximately two weeks after tolterodine was discontinued were similar to those obtained during the period before the use of the drug; the warfarin dosage remained unchanged. Rechallenge with tolterodine was not attempted in either patient. DISCUSSION: Several aspects of the reported cases support the validity of a proposed drug interaction when tolterodine is initiated in a patient stabilized on warfarin therapy. The temporal association of the course of tolterodine with an elevated INR, the return to the previous warfarin dose-INR response relationship after tolterodine discontinuation, and the absence of other causes for the elevated INR were factors found in both patients. Possible mechanisms to explain the suggested drug interaction are explored. CONCLUSIONS: Until further data are available, clinicians should be vigilant for a possible drug interaction when tolterodine therapy is initiated in a patient maintained on warfarin therapy.",0
W1670451451,Fluoxetine inhibits the metabolism of tolterodine—pharmacokinetic implications and proposed clinical relevance,"AIMS: To investigate the change in disposition of tolterodine during coadministration of the potent cytochrome P450 2D6 (CYP2D6) inhibitor fluoxetine. METHODS: Thirteen patients received tolterodine l-tartrate 2 mg twice daily for 2.5 days, followed by fluoxetine 20 mg once daily for 3 weeks and then concomitant administration for an additional 2.5 days. They were characterized as extensive metabolizers (EM1 with one functional CYP2D6 gene, EM2 with two functional genes) or poor metabolizers (PM). RESULTS: Nine patients, three EM2 and four EM1 and two PM, completed the trial. Following tolterodine administration, the area under the serum concentration-time curve (AUC) of tolterodine was 4.4-times and 30-times higher among EM1 and PM, respectively, compared with EM2. The AUC of the 5-hydroxymethyl metabolite (5-HM) was not quantifiable in PM. Fluoxetine significantly decreased (P<0.002) the oral clearance of tolterodine by 93% in EM2 and by 80% in EM1. The AUC of 5-HM increased in EM2 and decreased in EM1. However, the exposure to the active moiety (unbound tolterodine +5-HM) was not significantly increased in the two phenotypes. The subdivision of the EM group showed a 2.1-fold increase in active moiety in EM2 but the exposure was still similar to EM1 compared with before the interaction. CONCLUSIONS: The study suggests a difference in the pharmacokinetics of tolterodine and its 5-hydroxymethyl metabolite depending on the number of functional CYP2D6 genes. Fluoxetine significantly inhibited the hydroxylation of tolterodine. Despite the effect on the pharmacokinetics of tolterodine in extensive metabolizers, the clinical effect is expected to be within normal variation.",1
W1597693410,Ketoconazole inhibits the metabolism of tolterodine in subjects with deficient CYP2D6 activity,"AIMS: To investigate the pharmacokinetics and safety of tolterodine and tolterodine metabolites after single-and multiple-dose administration in the absence and presence of ketoconazole, an inhibitor of cytochrome P450 (CYP) 3A4, in healthy volunteers with deficient CYP2D6 activity, i.e. poor metabolisers of debrisoquine. METHODS: Eight healthy volunteers received single oral doses (2 mg) of tolterodine l-tartrate. Following a wash-out period of about 3 months, six of the subjects participated in a multiple-dose (1 mg twice daily) phase of the study. Ketoconazole 200 mg was given once daily for 4-4.5 days during both the single and multiple dose tolterodine administration phases. Blood samples were drawn and the pharmacokinetics of tolterodine and its metabolites were determined. RESULTS: A decrease (P<0.01) in apparent oral clearance of tolterodine, from 10- 12 l h-1 to 4.3-4.7 l h-1, was obtained during concomitant administration of ketoconazole, yielding at least a two-fold increase in the area under the serum concentration-time curve after single as well as after multiple doses following single dose administration of tolterodine. The mean (+/-s.d.) terminal half-life increased by 50% from 9.7+/-2.7 h to 15+/-5.4 h in the presence of ketoconazole. CONCLUSIONS: CYP3A4 is the major enzyme involved in the elimination of tolterodine in individuals with deficient CYP2D6 activity (poor metabolisers), since oral clearance of tolterodine decreased by 60% during ketoconazole coadministration. This inhibition resulted in 2.1-fold increase in AUC.",1
W4253965844,Update in Women's Health,"Updates from the Annual Session21 December 1999Update in Women's HealthPamela Charney, MD, Judith Walsh, MD, MPH, and Ann B. Nattinger, MD, MPHPamela Charney, MDFrom Albert Einstein College of Medicine and Jacobi Medical Center, Bronx, New York; University of California, San Francisco, San Francisco, California; and Medical College of Wisconsin, Milwaukee, Wisconsin.Search for more papers by this author, Judith Walsh, MD, MPHFrom Albert Einstein College of Medicine and Jacobi Medical Center, Bronx, New York; University of California, San Francisco, San Francisco, California; and Medical College of Wisconsin, Milwaukee, Wisconsin.Search for more papers by this author, and Ann B. Nattinger, MD, MPHFrom Albert Einstein College of Medicine and Jacobi Medical Center, Bronx, New York; University of California, San Francisco, San Francisco, California; and Medical College of Wisconsin, Milwaukee, Wisconsin.Search for more papers by this authorAuthor, Article, and Disclosure Informationhttps://doi.org/10.7326/0003-4819-131-12-199912210-00008 SectionsAboutFull TextPDF ToolsAdd to favoritesDownload CitationsTrack CitationsPermissions ShareFacebookTwitterLinkedInRedditEmail Many important articles on a variety of women's health topics were published in 1998. We chose the articles for this Update because of their implications for clinical practice in four areas: gynecology, risk factors for coronary artery disease, risk factors for and prevention of breast cancer, and osteoporosis. Some of the articles—such as Burgio and colleagues' study of incontinence—offer observations and practical advice, whereas others—such as Jick and colleagues' study of the association between use of obesity drugs and occurrence of heart disease—send a warning signal. Each article presents interesting and useful information for the internist. Although some of the ...References1. Altkorn D, Roach K, Stern S, Levinson W. Update in general internal medicine. Ann Intern Med. 1999;131:199-206. LinkGoogle Scholar2. Egger M, Low N, Smith GD, Lindblom B, Herrmann B. Screening for chlamydial infections and the risk of ectopic pregnancy in a county in Sweden: ecological analysis. BMJ. 1998;316:1776-80. CrossrefMedlineGoogle Scholar3. Sacks FM, Pfeffer MA, Moye LA, Rouleau JL, Rutherford JD, Cole TG, et al . The effect of pravastatin on coronary events after myocardial infarction in patients with average cholesterol levels. Cholesterol and Recurrent Events Trial Investigators. N Engl J Med. 1996;335:1007-9. CrossrefGoogle Scholar4. Powles T, Eeles R, Ashley S, Easton D, Chang J, Dowsett M, et al . Interim analysis of the incidence of breast cancer in the Royal Marsden Hospital tamoxifen randomised chemoprevention trial. Lancet. 1998;352:98-101. CrossrefMedlineGoogle Scholar5. Veronesi U, Maisonneuve P, Costa A, Sacchini V, Maltoni C, Robertson C, et al . Prevention of breast cancer with tamoxifen: preliminary findings from the Italian randomised trial among hysterectomized women. Italian Tamoxifen Prevention Study. Lancet. 1998;352:93-7. CrossrefMedlineGoogle Scholar Author, Article, and Disclosure InformationAuthors: Pamela Charney, MD; Judith Walsh, MD, MPH; Ann B. Nattinger, MD, MPHAffiliations: From Albert Einstein College of Medicine and Jacobi Medical Center, Bronx, New York; University of California, San Francisco, San Francisco, California; and Medical College of Wisconsin, Milwaukee, Wisconsin.Corresponding Author: Pamela Charney, MD, Department of Medicine, Jacobi Medical Center and Albert Einstein College of Medicine, 1400 Pelham Parkway South, Bronx, NY 10461. For reprint orders in quantities exceeding 100, please contact the Reprints Coordinator; phone, 215-351-2657; e-mail, [email protected]acponline.org.Current Author Addresses: Dr. Charney: Department of Medicine, Jacobi Medical Center and Albert Einstein College of Medicine, 1400 Pelham Parkway South, Bronx, NY 10461.Dr. Walsh: Outpatient Department, University of California at San Francisco/Mount Zion Medical Center, 2380 Sutter, Box 1650, San Francisco, CA 94115.Dr. Nattinger: General Internal Medicine, Medical College of Wisconsin, 9200 West Wisconsin Avenue, Milwaukee, WI 53226. PreviousarticleNextarticle Advertisement FiguresReferencesRelatedDetailsSee AlsoUpdate in Women's Health Roy Verdery Update in Women's Health Pamela Charney and Judith Walsh Metrics Cited byDiet medications and valvular hearl disease: the current evidenceMAINTAINING WOMEN'S ORAL HEALTHUpdate in Women's HealthRoy Verdery, PhD, MD 21 December 1999Volume 131, Issue 12Page: 952-958KeywordsAlcoholsBreast cancerChlamydia infectionContraceptivesDrugsFolic acidLongitudinal studiesMedical risk factorsRelative riskStable coronary artery disease ePublished: 15 August 2000 Issue Published: 21 December 1999 Copyright & PermissionsCopyright © 1999 by American College of Physicians. All Rights Reserved.PDF downloadLoading ...",0
W2042579742,Inhibitory Effects of Trospium Chloride on Cytochrome P450 Enzymes in Human Liver Microsomes,"Trospium chloride, an atropine derivative used for the treatment of urge incontinence, was tested for inhibitory effects on human cytochrome P450 enzymes. Metabolic activities were determined in liver microsomes from two donors using the following selective substrates: dextromethorphan (CYP2D6), denitronifedipine (CYP3A4), caffeine (CYP1A2), chlorzoxazone (CYP2E1), S-(+)-mephenytoin (CYP2C19), S-(-)-warfarin (CYP2C9) and coumarin (CYP2A6). Incubations with each substrate were carried out without a possible inhibitor and in the presence of trospium chloride at varying concentrations (37-3000 microM) at 37 degrees in 0.1 M KH2PO4 buffer containing up to 3% DMSO. Metabolite concentrations were determined by high-performance liquid chromatography (HPLC) in all cases except CYP2A6 where direct fluorescence spectroscopy was used. First, trospium chloride IC50 values were determined for each substrate at respective K(M) concentrations. Trospium chloride did not show relevant inhibitory effects on the metabolism of most substrates (IC50 values considerably higher than 1 mM). The only clear inhibition was seen for the CYP2D6-dependent high-affinity O-demethylation of dextromethorphan, where IC50 values of 27 microM and 44 microM were observed. Therefore, additional dextromethorphan concentrations (0.4-2000 microM) were tested. Trospium chloride was a competitive inhibitor of the reaction with Ki values of 20 and 51 microM, respectively. Thus, trospium chloride has negligible inhibitory effects on CYP3A4, CYP1A2, CYP2E1, CYP2C19, CYP2C9 and CYP2A6 activity but is a reasonably potent inhibitor of CYP2D6 in vitro. Compared to therapeutic trospium chloride peak plasma concentrations below 50 nM, the 1000-times higher competitive inhibition constant Ki however suggests that inhibition of CYP2D6 by trospium chloride is without any clinical relevance.",0
W1990486716,Pregnancy outcomes in healthy nulliparas who developed hypertension,"OBJECTIVE: To determine maternal and perinatal outcomes in nulliparas with pregnancy-associated hypertension or preeclampsia. METHODS: We conducted (and reported elsewhere) a randomized, double-masked, placebo-controlled trial calcium supplementation of 4589 healthy nulliparas assigned at 13-21 weeks' gestation. This well-defined and characterized data set provided an opportunity to detail more precisely adverse maternal, fetal, and newborn outcomes in women who developed hypertension among a prospective series of healthy nulliparas. RESULTS: Of 4302 women observed to or beyond 20 weeks' gestation, 1073 (24.9%) developed mild or severe pregnancy-associated hypertension or preeclampsia. One hundred sixteen women of the 1073 with hypertension (10.8%) and 336 of the 3229 without hypertension (10.4%) were delivered before 37 weeks' gestation. Fetal and neonatal mortality were similar in those groups; however, selected maternal and newborn morbidities were significantly greater in women with hypertension. Significantly increased maternal morbidities included increased cesarean deliveries, abruptio placentae, and acute renal dysfunction; and significantly increased perinatal morbidities included respiratory distress syndrome, ventilatory support, and fetal growth restriction. Adverse outcomes were highest in women with severe pregnancy-associated hypertension or preeclampsia. CONCLUSION: Hypertension, especially severe hypertension, was associated with an appreciable increase in important maternal and perinatal morbidity but not perinatal mortality.",1
W2084696188,A Risk-Benefit Assessment of the Newer Oral Antifungal Agents Used to Treat Onychomycosis,,0
W1825324089,"Oxybutynin for detrusor instability with adjuvant salivary stimulant pastilles to improve compliance: results of a multicentre, randomized controlled trial","OBJECTIVE: To test the hypothesis that compliance with oxybutynin would be improved if the severity of dry mouth could be reduced, thus leading to improved urinary symptom response and improved outcome, in a randomized, controlled trial of oxybutynin with or without salivary stimulant pastilles in patients with detrusor instability. PATIENTS AND METHODS: Sixty-seven women with detrusor instability were randomized to a variable dose regimen of oxybutynin with (37) or without (30) salivary stimulant pastilles for 8 weeks. Patients were asked to complete a baseline voiding diary. In weeks 1 and 2, patients were encouraged to adjust the dose of oxybutynin themselves to achieve optimum symptomatic control. A second diary was completed in the sixth week and patients were reviewed at 8 weeks. The outcome measures were the compliance rate, follow-up attendance rate, maximum dose of medication, changes in voiding and incontinence episodes, and changes in severity of urgency and of dry mouth symptoms between the first and sixth week. RESULTS: Of the 67 women, 32 (47%) completed the study; the proportion completing was the same in both groups. Four patients had stopped the medication and there was no difference in the distribution of maximum dosage achieved between the groups. Both groups reported a reduced severity of urgency symptoms and increased severity of dry mouth. There were no differences in reported symptom change between the groups during the study. CONCLUSIONS: The combination of oxybutynin and salivary stimulant pastilles does not improve compliance or symptom relief compared with oxybutynin alone; it does not allow a greater dose of oxybutynin to be tolerated.",0
W2125730187,Combined intravesical and oral oxybutynin chloride in adult patients with spinal cord injury,,0
W2071783708,Efficacy and tolerability of tolterodine in children with detrusor hyperreflexia,,0
W39583435,Jaundice associated with flavoxate,,0
W2043486717,Intravesical Neuromodulatory Drugs: Capsaicin and Resiniferatoxin to Treat the Overactive Bladder,"Current pharmacologic treatment of the overactive bladder relies on anticholinergic drugs. However, these drugs often have troublesome side effects and frequently are given in doses insufficient to restore continence in patients with detrusor instability. We present the background and basic and clinical research dealing with intravesical instillation of capsaicin and resinfferatoxin as treatments for the overactive bladder. Capsaicin is the main pungent ingredient in ""hot"" peppers of the genus Capsicum. It is a specific neurotoxin that desensitizes C-fiber afferent neurons, which may be responsible for the signals that trigger detrusor overactivity. Studies with capsaicin over the past 8 years have demonstrated clinical efficacy with minimal long-term complications. Most of these studies have also shown that the acute pain and irritation associated with capsaicin are a major deterrent to widespread use. Resiniferatoxin (RTX), an ultrapotent analog of capsaicin that appears to have similar efficacy but with much less acute side effects may be more useful. Intravesical instillation of capsaicin or resiniferatoxin is a promising treatment for the overactive bladder.",0
W2096128412,Extended-Release Oxybutynin,,0
W1562810967,"Efficacy of trospium chloride in patients with detrusor instability: a placebo‐controlled, randomized, double‐blind, multicentre clinical trial","OBJECTIVES: To assess the efficacy and safety of trospium chloride (TCl, 20 mg twice daily) in the treatment of detrusor instability, compared with placebo. PATIENTS AND METHODS: In all, 208 patients were allocated at random to either TCl or placebo in a double-blind clinical study; the patients were treated for 3 weeks. Urodynamic values were measured at the beginning and end of the treatment period. Adverse events were recorded on patient diary cards. A confirmatory adaptive procedure with one planned interim analysis was used to evaluate efficacy. RESULTS: Trospium chloride produced significant improvements in maximum cystometric bladder capacity (median treatment effect 22.0 mL, mean 37.3 mL, one-sided P = 0. 0054) and urinary volume at first unstable contraction (median treatment effect 45.0 mL, mean 63.6 mL, one-sided P = 0.0015). The patients' assessment of efficacy showed significantly greater clinical improvement in the TCl group than in the placebo group (two-sided P = 0.0047). Furthermore, TCl was well tolerated, with similar frequencies of adverse events reported in both groups (68% in the TCl and 62% in the placebo group). CONCLUSION: Trospium chloride (20 mg twice daily) is an effective and safe option for the treatment of detrusor instability.",1
W2003159281,Nonpharmacologic treatments for overactive bladder—pelvic floor exercises,,0
W2126587119,Muscarinic receptor antagonists in the treatment of overactive bladder,,0
W2077172439,Discussion: Resiniferatoxin—preliminary data,,0
W2087498132,Immediate‐Release Oxybutynin versus Tolterodine in Detrusor Overactivity: A Population Analysis,"We evaluated adherence to treatment with immediate-release (IR) oxybutynin (515 patients) and tolterodine (505 patients) for detrusor overactivity through retrospective analysis of a pharmacy claims database. Outcomes included percentage of patients continuing therapy for 6 months, medication possession ratios, and time to discontinuation of therapy. The proportion of patients continuing therapy for 6 months was statistically superior for tolterodine (32%) compared with IR oxybutynin (22%, p<0.001). Medication possession ratios were also superior for patients in the tolterodine group (medians 0.83 and 0.64, ranges 0.11-1.15 and 0.07-1.13, respectively, p<0.001). Oxybutynin was discontinued significantly earlier (mean 45 days) than tolterodine (mean 59 days, p<0.001) and was switched to another therapy more commonly than tolterodine (19% and 14%, respectively). Tolterodine was favored over oxybutynin for several measurements of patient adherence. However, less than one-third of patients continued therapy with either agent for 6 months. The clinical relevance of these differences is unknown.",1
W2056759810,Dry mouth with conventional and controlled-release oxybutynin in urinary incontinence,"OBJECTIVE: To compare the efficacy and safety of controlled-release oxybutynin with conventional, immediate-release oxybutynin and determine rates of dry mouth. METHODS: Patients (n = 226) who were known to be responsive to anticholinergic therapy and who had seven or more urge incontinence episodes per week were randomized to receive controlled-release oxybutynin or immediate-release oxybutynin. After an initial placebo run-in period, dosing in each began at 5 mg per day and increased weekly by 5 mg per day to a maximum of 20 mg per day or when a balance between improvement of incontinence symptoms and tolerability of side effects was achieved. Rates of urge incontinence and dry mouth were compared. Post hoc Kaplan-Meier survival analysis was used to describe elimination of incontinence episodes by dose and to analyze dry mouth risk by dose. RESULTS: Reductions in urge urinary incontinence episodes from baseline to the end of treatment were 18.6 to 2.9 per week (83% mean decrease) and 19.8 to 4.4 per week (76% mean decrease) in the controlled- and immediate-release oxybutynin groups (P =.36), respectively. At equal doses, comparable proportions of patients in both groups reported the absence of urge incontinence (P =.85). The incidence of dry mouth increased with dose in both groups, but there was no difference in dry mouth rates between the groups: 47.7% and 59.1% for the controlled- and immediate-release oxybutynin (P =.09), respectively. However, Kaplan-Meier analysis to examine first report of dry mouth at a given dose revealed that a significantly lower proportion of patients taking controlled-release oxybutynin had moderate to severe dry mouth (P =.007) or any dry mouth (P =.003) compared with those taking immediate-release oxybutynin. CONCLUSION: At the same daily dose, controlled- and immediate-release oxybutynin demonstrated comparable efficacy in reduction of urge incontinence episodes. The incidence of dry mouth was dose dependent but equal in both groups; first report of moderate to severe dry mouth was significantly lower in the controlled-release group.",1
W1591365506,A randomized controlled trial comparing the efficacy of controlled‐release oxybutynin tablets (10 mg once daily) with conventional oxybutynin tablets (5 mg twice daily) in patients whose symptoms were stabilized on 5 mg twice daily of oxybutynin,"OBJECTIVE: To compare the efficacy of a controlled-release (CR) formulation of oxybutynin with that of conventional oxybutynin in patients with detrusor instability or detrusor hyper-reflexia whose symptoms were stabilized on conventional oral oxybutynin tablets. PATIENTS AND METHODS: The study comprised a randomized, double-blind, parallel-group trial involving 130 patients drawn from 15 centres in the UK. The study was of 6 weeks' duration, i.e. 2 weeks of screening whilst taking conventional oxybutynin tablets (5 mg twice daily) followed by 4 weeks of double-blind treatment with either CR oxybutynin tablets (10 mg once daily) or conventional oxybutynin tablets (5 mg twice daily). Outcome measures were changes in 24-h frequency and 24-h incontinence episodes recorded throughout the study on diary charts. Adverse events were recorded by patients in their diary charts and serum concentrations of oxybutynin and its active metabolite, N-desethyloxybutynin, were measured at baseline and at completion of the study to detect possible drug accumulation. RESULTS: The treatments did not differ significantly in any of the outcome measures. The primary efficacy criterion was the daytime continence at completion of the study; 53% and 58% of patients were continent on CR and conventional oxybutynin treatments, respectively (the 95% confidence interval of the difference in the proportion being - 22% to 13%; P = 0.62). The total number of side-effects experienced by those patients receiving treatment with the CR formulation was 57% of that for patients receiving treatment with conventional oxybutynin. Individual side-effects showed a similar distribution within treatment groups. There was no evidence of the accumulation of oxybutynin or N-desethyloxybutynin during the multiple dosing of CR or conventional oxybutynin tablets. CONCLUSION: The CR and conventional formulations of oxybutynin did not differ in their efficacy, and the CR formulation was associated with fewer side-effects. In addition, CR oxybutynin appeared to maintain therapeutic blood levels over the 24 h dosing interval with no accumulation of oxybutynin or its active metabolite. Once-daily dosing with a CR tablet is seen as convenient for the patient and is expected to result in improved compliance in patients already stabilized on conventional oxybutynin treatment.",1
W2043742417,Combined Behavioral and Drug Therapy for Urge Incontinence in Older Women,"OBJECTIVE: The purpose of this study was to examine the effects of combining behavioral treatment and drug treatment for urge incontinence in community-dwelling older women. DESIGN: Modified crossover design (extension of a randomized clinical trial). Eligible subjects were stratified according to type and severity of incontinence and randomized to behavioral treatment, drug treatment, or a control condition (placebo). Subjects not totally continent or not satisfied after 8 weeks of a single treatment were offered the opportunity to cross over into combined therapy. SETTING: A university-based outpatient geriatric medicine clinic. PARTICIPANTS: Subjects in the clinical trial were 197 ambulatory, nondemented, community-dwelling women (age 55 years or older) with persistent urge urinary incontinence. Thirty-five subjects participated in combined treatment. INTERVENTION: One group of subjects received four sessions (over 8 weeks) of biofeedback-assisted behavioral training followed by 8 weeks of behavioral training combined with drug therapy (oxybutynin chloride individually titrated from 2.5 mg to 15 mg daily). The second group received drug therapy first, followed by 8 weeks of drug therapy combined with behavioral training. MEASUREMENTS: Bladder diaries completed by subjects before and after each treatment phase were used to calculate change in the frequency of incontinent episodes. RESULTS: Eight subjects (12.7%) crossed from behavioral treatment alone to combined behavioral and drug therapy. Additional benefit was seen in improvement from a mean 57.5% reduction of incontinence with single therapy to a mean 88.5% reduction of incontinence with combined therapy (P = .034). Twenty-seven subjects (41.5%) crossed from drug therapy alone to combined drug and behavioral treatment. They also showed additional improvement, from a mean 72.7% reduction of incontinence with single therapy to a mean 84.3% reduction of incontinence with combined therapy (P = .001). CONCLUSIONS: This study shows that combining drug and behavioral therapy in a stepped program can produce added benefit for patients with urge incontinence.",0
W2082234153,INTERSTITIAL CYSTITIS: BLADDER TRAINING WITH INTRAVESICAL OXYBUTYNIN,"PURPOSE: We assess the efficacy of intravesical administration of oxybutynin chloride in patients with interstitial cystitis. MATERIALS AND METHODS: The study included 36 women with a mean age of 45 years with a diagnosis of interstitial cystitis. Patients were treated with gradual intravesical instillation of saline oxybutynin solution (oxybutynin group) or gradual filling of simple saline (control group). Evaluation parameters consisted of symptom problem index, voids per day, volume per void, functional bladder capacity, volume at first sensation, cystometric bladder capacity and cystometric volume at first sensation. RESULTS: Statistically significant improvement of all evaluated parameters was found in both groups. When comparing the outcomes statistically significant improvement of parameters favored the oxybutynin group. CONCLUSIONS: Bladder training alone produces a satisfactory result by gradually expanding the bladder, and an additional statistically significant improvement is evident with intravesical oxybutynin.",0
W138736198,[Assessment of effectiveness of and tolerance to oxybutynin in the treatment of unstable bladder in women].,"Unstable bladder is a frequent syndrome in women and is due in the most part because of detrusor involuntary contractions, mainly due to detrusor denervation, which produces voiding hypersensitivity and loss of cortical inhibition control, clinical manifestations are: frequency, nicturia, urgency and urge incontinence. Historically the most effective treatment has been muscular relaxing agents and anticholinergic agents. We present a prospective, double blind, cross, placebo control study to evaluate efficacy and tolerance of oxybutynin in women with unstable bladder. We included 44 adult women with unstable bladder, 22 unitially received oxybutynin 5 mg t.i.d. and 22 placebo 5 mg t.i.d. aleatory in both groups through 6 weeks, later wash-out period was performed and those women in which initially received oxybutynin were administered placebo and those women in which initially received placebo, were administered oxybutynin, for another six weeks. Five patients which initiated the study with oxybutynin abandoned the study, 2 of them for intolerance and 3 for unknown causes. Two women in which initially received placebo abandoned follow-up too. A total of 74 subjects (37 for each branch of study) had an age average of 51.7. Symptoms scoring decreased from 13 to 11 and 6 points with placebo and oxybutynin respectively (p = 0.001). The analog visual scale of symptoms decreased from 77% to 62.5% and 40% with placebo and oxybutynin respectively (p = 0.003). The overall rate of improvement evaluated through symptoms scoring was from 27% with placebo and 72.9% with oxybutynin (p = 0.000) and evaluated through analog visual scale of symptoms was from 40% with placebo and 78.3% with oxybutynin (p = 0.002). The vesical volume at first voiding sensation increased from 129 ml to 134 ml and 187 ml with placebo and oxybutynin respectively (p = 0.021) and the maximum cystometric capacity increased from 231 ml to 236 ml and 301 ml with placebo and oxybutynin respectively. The most frequent adverse effect in both groups was mouth dryness and it presented in 7 (19%) and 34 (91%) patients with placebo and oxybutynin respectively (p = 0.000). Only 5 of 44 patients (11.3%) with oxybutynin and 2 of 44 patients (4.4%) with placebo abandoned follow up (p = 0.14). We concluded that oxybutynin improve significantly the unstable bladder symptoms in women, possibly by increasing functional bladder capacity and decreasing voiding sensitivity, with good tolerance of mouth dryness in the majority of patients.",0
W2088419730,"Efficacy and Cardiac Safety of Propiverine in Elderly Patients &amp;ndash; A Double&amp;ndash;Blind, Placebo&amp;ndash;Controlled Clinical Study",,0
W2337111741,Treatment of prostatitis.,"The term prostatitis is applied to a series of disorders, ranging from acute bacterial infection to chronic pain syndromes, in which the prostate gland is inflamed. Patients present with a variety of symptoms, including urinary obstruction, fever, myalgias, decreased libido or impotence, painful ejaculation and low-back and perineal pain. Physical examination often fails to clarify the cause of the pain. Cultures and microscopic examination of urine and prostatic secretions before and after prostatic massage may help differentiate prostatitis caused by infection from prostatitis with other causes. Because the rate of occult infection is high, a therapeutic trial of antibiotics is often in order even when patients do not appear to have bacterial prostatitis. If the patient responds to therapy, antibiotics are continued for at least three to four weeks, although some men require treatment for several months. A patient who does not respond might be evaluated for chronic nonbacterial prostatitis, in which nonsteroidal anti-inflammatory drugs, alpha-blocking agents, anticholinergic agents or other therapies may provide symptomatic relief.",0
W2101186984,Sildenafil effects on sexual and cardiovascular responses in women with spinal cord injury,,0
W4246953292,Urinary Incontinence,"BACKGROUND: One of the more prevalent conditions associated with aging is urinary incontinence (UI), which may affect up to 55% of women and 34% of men older than 65 years. As a result of increasing longevity in developed nations, the proportion of UI-susceptible individuals continues to grow, presenting clinical and economic challenges to healthcare providers. OBJECTIVE: To assist the clinician in making informed decisions regarding UI, provide information on the wider ramifications of the disease, and provide a comprehensive overview of the condition. DATA SOURCES: MEDLINE (1966-December 1998) was searched for relevant publications using the following search terms: UI, UI in the elderly, treatment of UI, oxybutynin, flavoxate, vasopressin, quality of life in UI, and economic impact of UI. DATA SYNTHESIS: Key articles relating to the etiology, diagnosis, classification, economic burden, quality of life, and treatment of UI were retrieved, and this information formed the basis of the review. CONCLUSIONS: Although UI can be controlled relatively well with existing therapies, only about 50% of affected patients may actually seek care. There are a variety of therapeutic options available for the treatment of UI, although pharmacologic intervention is presently a relatively minor component of overall care; this suggests that effective drug therapy might play a more significant role in the future. The economic burden associated with the care of the incontinent patient is substantial, and in the US the direct medical cost of the disease was estimated at $25.5 billion in 1995. The disease also has a large impact on the individual UI patient, negatively affecting many parameters normally associated with a tolerable health-related quality of life.",0
W2069438361,Responses of Isolated Normal Human Detrusor Muscle to Various Spasmolytic Drugs Commonly Used in the Treatment of the Overactive Bladder,"The spasmolytic activity of flavoxate (CAS 15301-69-6) and the anticholinergic agents oxybutynin (CAS 5633-20-5), tolterodine (CAS 124937-51-5) and trospium chloride (CAS 10405-02-4), all of which are commonly utilized in the treatment of urinary incontinence, on muscarinic tension and electrically evoked contractions of isolated human detrusor smooth muscle strips was studied using the organ bath technique. Within the concentration ranges tested (trospium chloride 10(-11)-10(-6) mol/l, flavoxate and oxybutynin 10(-9)-10(-5) mol/l, tolterodine 10(-10)-10(-5) mol/l), each drug caused a concentration-dependent relaxation of the tension elicited by muscarinic stimulation and dose-dependently attenuated the contractions induced by electrical field stimulation (EFS). The effects of trospium chloride and tolterodine on carbachol-induced muscarinic tension were more pronounced than those of oxybutynin, while trospium chloride and oxybutynin were most effective in inhibiting the contractions induced by EFS. Flavoxate was significantly less effective than all other drugs tested. Regardless the individual drug concentrations needed for maximal efficacy, the potency of oxybutynin and flavoxate to reverse muscarinic tension and attenuate EFS-evoked contractions was almost comparable while tolterodine and trospium chloride were more effective in relaxing the muscarinic tension of the detrusor strip preparations than causing inhibition of EFS-induced contractions. Our results again underline the ratio for the use of nortropane analogues (trospium chloride) and phenylpropylamine cresols (tolterodine) in the treatment of frequency, urgency and urge incontinence secondary to an overactive bladder.",0
W2143289116,Selective Prescribing of Spasmolytics,"BACKGROUND: Daily clinical practice often differs largely from the clinical trial setting, so extrapolation of outcomes from trial data, such as safety, effectiveness, and economic outcomes, can be deceptive. Prescribers may intend to treat a selected group of patients with new drugs; this practice could result in significant bias in assessing outcomes of these agents during their use in daily clinical practice. OBJECTIVE: To evaluate what type of patient received tolterodine compared with the spasmolytic drugs previously marketed (oxybutynin, flavoxate, emepronium). DESIGN: An observational, follow-up study. SETTING: Eighteen collaborating community pharmacies. PATIENTS: Aged > or = 18 years, noninstitutionalized; initial therapy with tolterodine, oxybutynin, flavoxate, or emepronium. RESULTS: Tolterodine was often used as a second-line and even as a third-line treatment, and was prescribed to a ""polluted"" population in terms of concomitant psychotropic medication. Tolterodine users were 7.5 times more likely to have received another spasmolytic drug (RR 7.5, 95% CI 4.8 to 11.9). In addition, these patients more frequently used antiparkinsonian drugs (RR 4.1, 95% CI 1.6 to 10.4) as well as antipsychotic drugs (RR 2.9, 95% CI 1.4 to 6.2). There was a small difference in concomitant use of antidepressants and benzodiazepines between patients receiving tolterodine versus those taking other spasmolytic drugs. CONCLUSIONS: Tolterodine is prescribed for a population differing from that receiving previously marketed spasmolytic drugs. Selective prescribing should recognized when evaluating new drugs in daily clinical practice. Policy makers, such as pharmacy and therapeutics committees, should consider this aspect in their formulary decisions since selective prescribing can lead to unjustified conclusions about a drug's therapeutic effects (e.g., efficacy, safety, cost-effectiveness).",0
W26646949,Propiverine-Induced Parkinsonism: A Case Report and a Pharmacokinetic/Pharmacodynamic Study in Mice,,0
W1993384839,Urinary Incontinence: Does it Increase Risk for Falls and Fractures?,"OBJECTIVE: To determine if urge urinary incontinence is associated with risk of falls and non-spine fractures in older women. METHODS: Type and frequency of incontinent episodes were assessed by 6,049 community-dwelling women using a self-completed questionnaire. Postcards were subsequently mailed every 4 months to inquire about falls and fractures. Incident fractures were confirmed by radiographic report. Logistic and proportional hazard models were used to assess the independent association of urge urinary incontinence and risk of falling or fracture. RESULTS: The mean age of the women was 78.5 (+/- 4.6) years. During an average follow-up of 3 years, 55% of women reported falling, and 8.5% reported fractures. One-quarter of the women (1,493) reported weekly or more frequent urge incontinence, 19% (1,137) reported weekly or more frequent stress incontinence, and 708 (12%) reported both types of incontinence. In multivariate models, weekly or more frequent urge incontinence was associated independently with risk of falling (odds ratio = 1.26; 95% confidence interval (CI), 1.14-1.40) and with non-spine nontraumatic fracture (relative hazard 1.34; 95% CI, 1.06-1.69; P = .02). Stress incontinence was not associated independently with falls or fracture. CONCLUSIONS: Weekly or more frequent urge incontinence was associated independently with an increased risk of falls and non-spine, nontraumatic fractures in older women. Urinary frequency, nocturia, and rushing to the bathroom to avoid urge incontinent episodes most likely increase the risk of falling, which then results in fractures. Early diagnosis and appropriate treatment of urge incontinence may decrease the risk of fracture.",0
W2021914078,Porcine Microsomal Vitamin D3 25-Hydroxylase (CYP2D25),"The metabolic activation of the prohormone vitamin D(3) requires a 25-hydroxylation that has been reported to be catalyzed by both mitochondrial CYP27A and a microsomal vitamin D(3) 25-hydroxylase in the liver. CYP27A has been extensively studied, but its role as a physiologically important vitamin D(3) 25-hydroxylase has been questioned. The present paper reports that the microsomal vitamin D(3) 25-hydroxylase, purified from pig liver, converted vitamin D(3) into 25-hydroxyvitamin D(3) in substrate concentrations which are within the physiological range (apparent K(m) = 0.1 microm). The enzyme 25-hydroxylated vitamin D(3), 1 alpha-hydroxyvitamin D(3) and vitamin D(2) and also converted tolterodine, a substrate for human CYP2D6, into its 5-hydroxymethyl metabolite. Tolterodine inhibited the microsomal 25-hydroxylation, whereas quinidine, an inhibitor of CYP2D6, did not markedly inhibit the reaction. The primary structure of the microsomal vitamin D(3) 25-hydroxylase, designated CYP2D25, shows 77% identity with that of human CYP2D6. Northern blot and reverse transcription-polymerase chain reaction experiments revealed that CYP2D25 mRNA is expressed in higher levels in liver than in kidney and in small amounts in adrenals, brain, heart, intestine, lung, muscle, spleen, and thymus. Experiments with human liver microsomes and recombinantly expressed CYP2D6 strongly indicate that the microsomal 25-hydroxylation of vitamin D(3) in human liver is catalyzed by an enzyme different from CYP2D6.",0
W2095485378,"Possible site of action of TAK-637, a tachykinin NK1 receptor antagonist, on the micturition reflex in guinea pigs",,0
W2021212641,Combination Therapy of Imipramine with Oxybutynin in Children with Enuresis Nocturna,"PURPOSE: The treatment approach for enuresis is controversial due to the lack of consensus as to the exact causes of nocturnal enuresis. Despite various treatment modalities, pharmacotherapy still appears to be the common choice. The aim of this prospective study was the evaluation of the efficacy of combination therapy (imipramine and oxybutynin) in patients with enuresis nocturna. PATIENTS AND METHODS: This prospective study was done with 77 monosymptomatic nocturnal enuretics between July 1996 and December 1998. RESULTS: Even though there is no statistically significant difference between combination therapy (imipramine plus oxybutynin) and monotherapy, clinical data showed that combination therapy is more effective. CONCLUSIONS: We conclude that combination of imipramine with oxybutynin is a safe and new choice in the treatment of nocturnal enuresis.",0
W1559187935,Comparison of the effects of novel antimuscarinic drugs on human detrusor smooth muscle,"OBJECTIVE: To evaluate the effects of tolterodine, vamicamide and temiverine, novel antimuscarinic drugs developed for the treatment of frequency and urinary incontinence, on human detrusor smooth muscle. Materials and methods Specimens of human urinary bladder were obtained from 20 patients who underwent total cystectomy for malignant bladder tumour. Using an organ-bath technique, the effects of various drugs on the contractions induced by carbachol, KCl, CaCl2 and electrical field stimulation in the detrusor strips were investigated. RESULTS: Carbachol (0.001-10000 micromol/L) caused concentration-dependent contractions in human detrusor smooth muscles. Tolterodine (0.01-10 micromol/L), vamicamide (0.01-10 micromol/L), temiverine (0.01-1 micromol/L) and atropine (0.001-1 micromol/L) caused parallel shifts to the right of the concentration-response curves to carbachol. All slopes for the regression line of Schild plots were close to unity, and the rank order of pA2 values was atropine = tolterodine > vamicamide > temiverine. Tolterodine, vamicamide and atropine did not inhibit the maximum contractile responses to carbachol, while temiverine (10 micromol/L) significantly inhibited the maximum contractions. Tolterodine (0.001-1 micromol/L) and vamicamide (0.01-10 micromol/L) did not inhibit the KCl- (80 mmol/L) and CaCl2-induced (5 mmol/L) contractions, while temiverine (0.01-10 micromol/L) significantly inhibited the contractions. Electrical field stimulation (2-60 Hz) caused frequency-dependent contractions in human detrusor smooth muscles, which were significantly inhibited by various drugs. In the presence of 1 micromol/L atropine, tolterodine and vamicamide did not inhibit the contractions induced by electrical field stimulation at all frequencies, while temiverine (10 micromol/L) significantly inhibited the contractions. CONCLUSION: Tolterodine and vamicamide inhibited contractions of human detrusor smooth muscles only through their antimuscarinic action, while temiverine had both antimuscarinic and calcium-antagonist actions. Furthermore, these novel drugs have different efficacies and potencies for inhibiting human detrusor smooth muscle.",0
W2064067168,Regular review: Management of urinary incontinence in women,"<h3>Background</h3> Antibodies against citrullinated peptides have gained special importance in the diagnosis of rheumatoid arthritis (RA) (1,2). <h3>Objectives</h3> This study aims to investigate the diagnostic sensitivity and specificity of anti-mutated citrullinated vimentin (anti-MCV) antibodies for rheumatoid arthritis (RA) in comparison to IgM RF and anti-CCP and to assess their clinical significance particularly as a marker of RA activity. <h3>Methods</h3> 60 patients with different rheumatic diseases 40 patients with RA and 20 patients with other rheumatic diseases (disease controls) were recruited from Ain Shams University Hospitals, and 20 persons (healthy controls) All participants underwent history taking, clinical examination, laboratory and radiological investigations, and calculation of disease activity score DAS-28 for each RA patient. Enzyme-linked immunosorbent assay (ELISA) techniques were used to detect RF-IgM, anti-CCP antibodies, and anti-MCV antibodies <h3>Results</h3> The sensitivity of anti-MCV antibodies was 95% with 97.1% specificity. For anti-CCP antibodies the sensitivity was 95% and the specificity was 100%. The sensitivity of RF was 72.5% with 97.1% specificity. Anti-CCP antibodies have higher diagnostic specificity and positive predictive value than RF and anti-MCV antibodies. The best cut-off value for the anti-MCV test was found at 22.7 U/L, while that for Anti-CCP antibodies and RF were 20 u/l and 44 IU/ml respectively. Of RA patients with positive RF, 86.2% were anti-MCV antibodies positive, including only 6.8% with negative Anti-CCP. Of patients with negative RF, 81.8% were positive for anti-MCV, including 9% who tested negative for anti-CCP. <h3>Conclusions</h3> Our results suggest that anti-MCV antibodies may be valuable for diagnosing RA and that, it may be better to assay both anti-MCV and anti-CCP in RF -negative RA patients without replacing them. Long-term study is required to find out whether anti-MCV antibodies can be used as predictive test for incidence of RA. <h3>References</h3> Klareskog L, Rönnelid J, Lundberg K, Padyukov L, Alfredsson L: Immunity to citrullinated proteins in rheumatoid arthritis. Annu Rev Immunol 2008, 26: 651-675. Shmerling RH, Delbanco TL: How useful is the rheumatoid factor? An analysis of sensitivity, specificity and predictive value. Arch Intern Med. 1992,152: 2417–2420. <h3>Disclosure of Interest</h3> None declared <h3>DOI</h3> 10.1136/annrheumdis-2014-eular.5120",0
W1979886827,Recent advances: Urology,"Urology has seen dramatic changes over the past 20 years. It has moved from an open surgical specialty with few drug treatments to a specialty that has enthusiastically embraced endoscopic (minimally invasive) techniques and new drug treatments for common conditions such as erectile dysfunction and urinary incontinence. The advances that have occurred in the past few years have been mainly in treatment of diseases that are becoming more common as the population ages. These include the two most common urological malignancies, prostate and bladder cancer, as well as lower urinary tract symptoms in older men and urinary incontinence and urinary tract infections, particularly in older women.",0
W2104047528,Treatments used in women with interstitial cystitis: the Interstitial Cystitis Data Base (ICDB) study experience,,0
W1983283344,Advancements in pharmacologic management of the overactive bladder,,0
W2159546797,Pharmacological agents for the treatment of urinary incontinence due to overactive bladder,"Although the exact aetiology of overactive bladder is unknown to date, pharmacological therapy has been targeted to both the central and peripheral nervous systems. Potential CNS targets include GABA, opioid, serotonin (5-HT), dopamine and glutaminergic receptors as well as the alpha-adrenoceptors. Potential PNS targets include muscarinic receptors, calcium and potassium channels and alpha- and beta-adrenergic receptors. Since acetylcholine is the primary excitatory neurotransmitter involved in bladder (detrusor) contraction and emptying, anticholinergic agents are the primary compounds used clinically to decrease involuntary detrusor contractions. Anticholinergic therapy has a stabilising effect on the bladder (detrusor muscle); increases bladder capacity; decreases frequency of involuntary detrusor contractions; and delays the initial urge to void, but does not affect warning time. However, the clinical utility of antimuscarinic therapy is limited by the lack of receptor selectivity, resulting in the classic anticholinergic side effects of dry mouth, blurred vision, constipation and potentially, CNS effects such as somnolence and impaired cognitive function. These unwanted side effects often result in premature discontinuation of therapy and poor compliance. Previous attempts to develop uroselective alpha-adrenergic receptor antagonists have not been successful and although research continues, the hope that this class of agents would be viable alternatives to the anticholinergics remains to be proven in the clinical setting. The recent demise of several potassium channel openers does not augur well for the future of this class of agent. The reasons for the discontinuation of trials with these agents have not been fully elucidated, but one must assume that they were not uroselective and the cardiovascular side effects rendered them less than useful clinically. The serotonin re-uptake inhibitors appear to be promising novel therapeutic agents aimed at controlling bladder over-activity through specific CNS pathways. The sensory side of the micturition reflex is a potential therapeutic target. Agents to desensitise afferent nerve endings involved in C-fibre afferent reflexes include capsaicin and resiniferatoxin. Their clinical applicability is currently being evaluated. Finally, the recent findings related to the role of the P2X3 receptor in the sensory aspects of bladder filling have created new interest in the future development of agents that will improve the management of this prevalent and debilitating condition.",0
W2397126742,Treatment of elderly women with urge incontinence in middle tennessee: a single institution practice-based study.,"INTRODUCTION AND OBJECTIVES: Urinary urge incontinence (UUI) is a major factor in reducing quality of life in elderly women. The treatment of UUI in the elderly population is complicated by comorbidities, polypharmacy, cost, and side effects. The purpose of this study was to examine our practice pattern in Middle Tennessee for the treatment of elderly women with UUI. METHODS: We retrospectively reviewed the medical records of all women over age 65 seen at our institution between January 1, 1998 and September 1, 1999 with an initial complaint of pure UUI. Diagnosis was based on history and physical examination by a single urologist (JJF). Initial treatment in all patients was medication as well as timed and double voids. Medication chosen was based on cost factors, co-morbidities, current medications, and outcome from previous treatment. RESULTS: Of 53 women ranging in age from 65-87 years of age (avg. 74.7) included in this study, 6/53 (11.3%) had a previous CVA, and 2/53 (3.7%) had grade I-II cystoceles. Initial pharmacologic treatment included anticholinergic medication in 47 patients (88.6%), and either imipramine or topical estrogen alone in the remaining 11.4%. Of the anticholinergics, hyoscyamine time capsules were used in 29, tolterodine in 7, standard oxybutynin in 5, oxybutynin XL in 1, and a combination with imipramine in 5. Thirty-four of the 53 total patients (64.1%) discontinued their medications because of no improvement 14 (41.1%), dry mouth 9 (26.4%), other side effects 9 (26.4%), cost 1, and other reasons in the remaining 2 patients. Only 17 patients (32%) stated they were doing well on their initial medications; 11 of those (64.7%) were taking hyoscyamine time capsules. Upon subjective failure, 22/36 patients (61.1%) had their medications changed, while 14/36 (38.8%) pursued behavioral therapy without additional medications. Urodynamic studies were done in 12 patients who failed empiric medical treatment (22.6%). CONCLUSIONS: Only 32% of elderly women treated medically for UUI were satisfied and continued therapy in this patient population. One-fourth of elderly women failed empiric medical management of UUI due to lack of efficacy, and one-third due to intolerable side effects. In this practice, hyoscyamine was continued more often than any other anticholinergic because of reasonable cost, efficacy, and side effect profile.",0
W89315081,Bladder-sphincter biofeedback as treatment of detrusor instability in women who failed to respond to oxybutynin.,"BACKGROUND: This study was designed to determine the efficacy of bladder-sphincter-biofeedback as a secondary treatment for those women with detrusor instability who failed to respond to oxybutynin chloride. METHODS: In a prospective non-randomized trial, 31 of 70 women with detrusor instability were assigned to either the study bladder-sphincter-biofeedback training group (n = 16) or to the control pelvic floor exercise group (n = 15) after they had failed to respond to oxybutynin chloride. RESULTS: Thirty (43%) of the 70 women were cured by oxybutynin chloride, and 9 (13%) withdrew due to various side effects. A comparison of cure rates between biofeedback training and pelvic floor exercise groups demonstrated that there were significant differences in objective changes: detrusor pressure (68.75% vs. 0%, p < 0.001), compliance (75.0% vs. 6.67%, p < 0.001), and resting maximal urethral closure pressure (43.75% vs. 6.67%, p < 0.037). Neither the cure rate nor improvement rate of subjective changes (urgency, and frequency and episodes of urge incontinence), significantly differed. CONCLUSION: Oxybutynin chloride was not well tolerated while bladder-sphincter-biofeedback was well accepted. As a secondary treatment, it appears better than pelvic floor exercise alone and may be the choice of non-surgical treatment in those women who failed to respond to oxybutynin chloride for detrusor instability.",0
W2075000415,Neonatal outcome of infants born at 23 weeks' gestation,"OBJECTIVE: To determine the neonatal outcome in accurately dated 23-week deliveries. METHODS: We reviewed the records of consecutive births between 23 0/7 and 23 6/7 weeks at Brigham & Women's Hospital, Boston, Massachusetts, from January 1995 to December 1999. Women were excluded if they presented for elective termination or had known fetal death or poor dating criteria. Neonatal records were abstracted for mortality and short-term morbidity, including the respiratory distress syndrome (RDS), intraventricular hemorrhage, chronic lung disease, necrotizing enterocolitis, periventricular leukomalacia, and retinopathy of prematurity. Survival was defined as discharge from neonatal intensive care. RESULTS: Thirty-three singleton pregnancies met criteria for inclusion, 11 of whom survived to discharge (survival rate 0.33; 95% CI 0.18, 0.52). More advanced gestational age was associated with increased likelihood of survival: 0 of 12 at 23 0/7 to 23 2/7 weeks, 4 of 10 at 23 3/7 to 23 4/7 weeks, and 7 of 11 at 23 5/7 to 23 6/7 weeks (P =.02). All 11 survivors developed RDS and chronic lung disease. One of 11 survivors had necrotizing enterocolitis, and 2 of 11 had severe retinopathy of prematurity. One survivor had periventricular leukomalacia on head ultrasonography, compared with 7 of the nonsurvivors who had head ultrasonography (P =.03). One survivor developed severe intraventricular hemorrhage (grade 3 or 4) compared with 8 of the 12 at-risk nonsurvivors who had head ultrasonography (P =.01). CONCLUSION: About one third of infants delivered at 23 weeks' gestation survived to be discharged from neonatal intensive care. More advanced gestational age was associated with increased likelihood of survival. No neonates survived free of substantial morbidity.",1
W2139718483,Practice patterns in the treatment of female urinary incontinence: a postal and internet survey,,0
W2000323397,Pharmacological actions of AH-9700 on micturition reflex in anesthetized rats,,0
W2068710144,INTRAVESICAL ELECTROMOTIVE ADMINISTRATION OF OXYBUTYNIN IN PATIENTS WITH DETRUSOR HYPERREFLEXIA UNRESPONSIVE TO STANDARD ANTICHOLINERGIC REGIMENS,"PURPOSE: About 15% to 20% of patients with detrusor hyperreflexia do not benefit from oral oxybutynin regimens, frequently because of unpleasant side effects. Several reports indicate that intravesical oxybutynin is effective in many of these patients but there are some who still fail to respond. MATERIALS AND METHODS: A select group of 10 adults with detrusor hyperreflexia unresponsive to standard oral and intravesical oxybutynin regimens were treated at weekly intervals with 5 mg. oxybutynin orally, or 5 mg. oxybutynin in 100 ml. intravesically for 60 minutes of passive diffusion and for 30 minutes with 5 mA. electrical current. Each treatment (plus oral placebo and 2 intravesical controls) was associated with an 8-hour, full urodynamic monitoring session, and periodic blood and bladder content sampling. RESULTS: There was no significant objective improvement with oral or intravesical passive diffusion oxybutynin. Conversely there was significant improvement in 5 of 6 objective urodynamic measurements with intravesical electromotive oxybutynin. Plasma profiles were a single peak and decay following oral oxybutynin and 2 distinct peaks with intravesical passive diffusion and electromotive oxybutynin. Area under the curve for intravesical passive diffusion were 709 ng. per 8 hours versus oral 1,485 (p <0.05) versus intravesical electromotive 2,781 (p <0.001). Bladder content samples confirmed oxybutynin absorption. Oral oxybutynin caused anticholinergic side effects in 7 of 10 patients. There were no side effects with intravesical passive diffusion or electromotive administrations. CONCLUSIONS: Accelerated intravesical administration results in greater bioavailability and increased objective benefits without side effects in previously unresponsive patients compared with oral and intravesical passive diffusion oxybutynin administration.",0
W2054785014,USE OF TOLTERODINE IN CHILDREN WITH DYSFUNCTIONAL VOIDING: AN INITIAL REPORT,"PURPOSE: Tolterodine was recently approved for the treatment of incontinence and overactive bladder in adults, and has fewer side effects than oxybutynin. We evaluated the safety and efficacy of tolterodine in children with dysfunctional voiding. MATERIALS AND METHODS: We retrospectively reviewed our experience with 30 pediatric patients treated with tolterodine for a primary diagnosis of dysfunctional voiding. Patients were treated with adult doses of tolterodine and behavioral modifications. Standard definitions determined by the International Children's Continence Society were adapted to designate final treatment outcomes on medication as cured-greater than 90% reduction in wetting episodes, improved-greater than 50% reduction or failed-less than 50% reduction. RESULTS: The children were 4 to 17 years old (mean age 8.7) and were treated with tolterodine for an average of 5.2 months. The final dose was 1 mg. twice daily in 1, 2 mg. twice daily in 27 and 4 mg. twice daily in 2 patients. Wetting episodes were cured in 10 (33%), improved in 12 (40%), and failed to show improvement in 8 (27%) cases. Four patients (13.3%) reported side effects and only 1 discontinued the medication due to diarrhea. There were no reports of hyperpyrexia, flushing or intolerance to sunshine and outdoor temperature. CONCLUSIONS: Our results demonstrate that tolterodine at adult doses without titration can be used safely to decrease wetting episodes in children with dysfunctional voiding. Controlled clinical trials should be completed to evaluate further efficacy and safety in children.",0
W2133808428,Association between oxybutynin and neuropsychiatric adverse effects not confirmed in daily practice,"To the Editor: Oxybutynin is a tertiary amine ester possessing anticholinergic, spasmolytic, and local-anaesthetic pharmacological properties and is widely used for the treatment of older patients with overactive bladder presenting with frequency, urgency, or urge incontinence.1 Due to its pharmacological profile and its biochemical properties that permit passage through the blood-brain barrier,2 oxybutynin can cause neuropsychiatric adverse drug effects (ADEs).3 Several papers have been published describing case reports and case series of neuropsychiatric effects in older individuals attributed to oxybutynin.4–7 According to the published case reports, there seems to be a causal relationship between oxybutynin and the occurrence of neuropsychiatric ADEs. Since the evidence is limited to case reports, the incidence of those ADEs caused by oxybutynin under everyday circumstances is not yet known. A way to quantify side effects of drugs is the concept of prescription sequence analysis (PSA), introduced by Petri and coworkers.8 This method is based on the observation that certain side effects themselves may induce symptoms requiring the prescription of another medication. Thus, an adverse drug reaction can be the indication for the prescription of a new drug, e.g., drug-induced psychosis treated with antipsychotic drugs. To assess the risk estimate for neuropsychiatric side effects associated with the use of the spasmolytic drug oxybutynin, we performed a retrospective observational follow-up study using PSA. Patients using flavoxate, a noncentrally acting spasmolytic agent, were obtained as the reference group. This investigation incorporated data obtained from 18 collaborating community pharmacies located in the southern part of The Netherlands (Tilburg and surroundings) covering a population of approximately 200,000 inhabitants. Patients taking the spasmolytic drugs oxybutynin and flavoxate were identified, and an anonymous complete drug dispensing history of each patient over a 2-year period was generated in a computer database. First-time users (age> 18 years) of oxybutynin or flavoxate were enrolled in the study. Patients were followed until either the end of the study period or the occurrence of one or more of the following neuropsychiatric adverse events, defined as “start” as well as “switch” of a benzodiazepine or “start” with antipsychotic drug therapy. As determined in a previous study, age; gender; use of anti-Parkinson drugs, antidepressants, benzodiazepines, or antipsychotic drugs; and previous use of other spasmolytics were examined as potential confounders.9 The relative frequency of the occurrence of a neuropsychiatric ADE was estimated using Poisson regression as the incidence density ratio (IDR), in which the incidence density of flavoxate was taken as the baseline. The IDR can be interpreted as a relative risk. In order to adjust for potential confounding data, indicator variables for gender, age, and concomitant drug use were included in the multivariate Poisson regression model. In total, 742 older patients were registered who received a first-time prescription of oxybutynin or flavoxate during the study period. There were no relevant differences between the demographic characteristics of the study patients. The mean age of the study population was 59 years; older adults age 60 to 97 years constituted the majority (52%). Table 1 presents the incidence density of all endpoints while exposed to oxybutynin or flavoxate and the IDR for oxybutynin compared with flavoxate. As shown in this table, oxybutynin was clearly not more frequently associated with any of the defined endpoints (IDRadjusted 1.08 95% confidence interval [CI] 0.60–1.92). We evaluated the risk of neuropsychiatric adverse drug effects contributed to oxybutynin while used in daily clinical practice. The results indicate that use of oxybutynin was not clearly associated with an increased risk of neuropsychiatric adverse events in comparison with flavoxate, a noncentrally acting spasmolytic agent. Our study was based on longitudinal data obtained from daily clinical practice. To our knowledge, no other studies have been published that make a direct comparison between oxybutynin and flavoxate under everyday circumstances. Such direct comparisons are important because, as described previously, therapeutic outcomes like tolerability, safety, and effectiveness need, in addition to clinical trial data, such nonrandomized comparisons.10 A limitation of PSA is that not all ADEs will be identified, that is, the absolute risk is likely to be underestimated. Nevertheless, it is unlikely that the degree of misclassification is different between the two groups. Therefore, we feel that the estimate for the relative risk is unbiased and still valid. Although the reported case reports in the literature suggest that neuropsychiatric side effects can be caused by oxybutynin, our study indicates that such risk is low. In our opinion, current procedures for drug approval still fail to recognize rare adverse drug effects that are of specific importance to older people. Therefore, systematic research is needed to ensure recognition of infrequent adverse effects of medication used in large populations under everyday circumstances.",1
W2041633830,Lack of Effect of Food on the Pharmacokinetics of an Extended‐Release Oxybutynin Formulation,"The effect of food on the pharmacokinetics of 15 mg oxybutynin XL was evaluated in a single-dose, randomized, crossover, open-label study in healthy volunteers. A validated, stereospecific, high-performance liquid chromatography assay was used to simultaneously determine the plasma concentrations of R- and S-oxybutynin and active metabolite R- and S-desethyloxybutynin. The mean AUC and Cmax values for each of the four analytes in the fed treatment were within +/- 20% of the fasting treatment values. The 90% confidence intervals for the treatment ratios (fed/fasted) for log-transformed Cmax and AUCinf values for the drug isomers and AUCinf values for the metabolite isomers were all within the 80% to 125% range. Only the ranges for the Cmax values for R- and S-desethyloxybutynin were slightly wider but were well within the 70% to 143% criteria recommended for Cmax when comparing effect of food. Lack of effect of food on oxybutynin XL is consistent with the previous observation that the osmotically controlled formulations are nearly insensitive to the gastrointestinal environment, including food. Oxybutynin XL was well tolerated, and the safety results were comparable whether administered alone or with food. In conclusion, oxybutynin XL administration does not require any caution to be exercised regarding food.",0
W2026599479,Tolterodine once-daily: superior efficacy and tolerability in the treatment of the overactive bladder,,1
W2098603301,Food Increases the Bioavailability of Tolterodine but Not Effective Exposure,"The objective of this study was to investigate the influence of food on the pharmacokinetics of tolterodine, its active 5-hydroxymethyl metabolite (5-HM), and exposure to the active moiety (sum of unbound tolterodine + 5-HM) in healthy volunteers. Serum concentrations of tolterodine and 5-HM were measured for up to 12 hours after a single oral dose (2 mg) of tolterodine L-tartrate, administered either on an empty stomach or with a standardized medium-fat breakfast. All 23 subjects completing the study were classified as extensive metabolizers (phenotyped with debrisoquine). Pharmacokinetic data on tolterodine and the active moiety were evaluable for 22 subjects; all completing subjects were evaluable for 5-HM pharmacokinetics. Based on Cmax and AUC(infinity) ratios, relative bioavailability of tolterodine in the presence of food was 1.49 (90% confidence interval [CI], 1.35-1.71) and 1.53 (1.35-1.72), respectively. The pharmacokinetics of 5-HM and the active moiety were unaffected by food, as were the rates of drug absorption and terminal half-lives of tolterodine and 5-HM. Given that bioequivalence was observed for the active moiety underfed and fasting conditions, the authors concluded that coadministration of tolterodine with food is not expected to have any clinically relevant effects.",0
W2033470362,Food Does Not Influence the Pharmacokinetics of a New Extended Release Formulation of Tolterodine for Once Daily Treatment of Patients with Overactive Bladder,,0
W2318890297,Oxybutynin Does Not Affect Cyclosporin Blood Levels,"Cyclosporin is an important immunosuppressive medication used to prevent organ rejection. Drug interactions that alter its blood levels can cause serious problems with toxicity or transplant rejection. Current evidence indicates that both cyclosporin and oxybutynin, which is used to treat bladder dysfunction, are metabolized by the cytochrome P450 3A enzyme system, raising the possibility of an adverse interaction between these medications. However, a study of two children receiving cyclosporin with and without oxybutynin revealed no significant changes in trough blood cyclosporin concentrations.",0
W1517656600,The overactive bladder in children: a potential future indication for tolterodine,"OBJECTIVE: To determine the safety, efficacy and pharmacokinetics of tolterodine in children with an overactive bladder. PATIENTS AND METHODS: Thirty-three children (20 boys and 13 girls, aged 5-10 years) with an overactive bladder and symptoms of urgency, frequency and/or urge incontinence were enrolled in an open, dose-escalation study. Patients were treated with oral tolterodine 0.5 mg (n = 11), 1 mg (n = 10) or 2 mg (n = 12) twice daily for 14 days. The primary safety endpoint was the change in residual urinary volume, as determined by ultrasonography. In addition, voiding diary variables (frequency and incontinence episodes) and pharmacokinetics were evaluated. Other safety endpoints included laboratory variables, electrocardiogram recordings and reported adverse events. RESULTS: There were no safety concerns in terms of the change in residual urinary volume for any of the three dosage groups; values were comparable with baseline after 2 weeks of treatment for all three dosages. Adverse events were reported by 20 patients (six on 0.5 mg, five on 1 mg, and nine on 2 mg). Most adverse events were not considered to be drug-related; of the 13 possibly related events, 10 occurred in those taking 2 mg. Headache was the most commonly reported adverse event. No serious adverse events were reported and there were no general safety concerns. There was an improvement in voiding diary variables in all treatment groups after 2 weeks of treatment, although the efficacy was greatest in those taking 1 mg and 2 mg. Pharmacokinetic findings were consistent with dose linearity over the range 0.5-2 mg. CONCLUSION: The results support the use of 1 mg twice daily as the optimal dose of tolterodine for treating children aged 5-10 years with an overactive bladder.",0
W2003321288,Economics of Lower Urinary Tract Symptoms (LUTS) in Older People,,0
W2015955064,Medical Management of Overactive Bladder,,0
W2059946745,Prospective Randomized Controlled Trial of Extended-Release Oxybutynin Chloride and Tolterodine Tartrate in the Treatment of Overactive Bladder: Results of the OBJECT Study,,1
W1986153368,Multiple Dose Pharmacokinetics of a New Once Daily Extended Release Tolterodine Formulation Versus Immediate Release Tolterodine,,0
W2092477693,Tolterodine,,0
W2058646317,TOLTERODINE: SUPERIOR TOLERABILITY THAN AND COMPARABLE EFFICACY TO OXYBUTYNIN IN INDIVIDUALS 50 YEARS OLD OR OLDER WITH OVERACTIVE BLADDER: A RANDOMIZED CONTROLLED TRIAL,"PURPOSE: We compared the tolerability and clinical efficacy of tolterodine with those of oxybutynin in patients with an overactive bladder using an upward oxybutynin dose titration strategy analogous to that used in routine clinical practice in the United Kingdom and Republic of Ireland. MATERIALS AND METHODS: In a randomized double-blind trial 378 male and female patients 50 years old or older with symptoms of overactive bladder (a urinary frequency of 8 or more voids per 24 hours with urgency and/or urge incontinence, that is 1 or more urge incontinence episodes per 24 hours) received 10 weeks of treatment with 2 mg. tolterodine twice daily/or an initial dose of 2.5 mg. oxybutynin twice daily, increasing to 5 mg. twice daily after 2 weeks of treatment. The main outcome measures were changes in voiding diary variables combined with detailed tolerability-safety assessments. RESULTS: Patients treated with tolterodine had significantly fewer adverse events (69% versus 81%, p = 0.01), notably dry mouth (37% versus 61%, p <0.0001), as well as a lower incidence of dose reduction (6% versus 25%, p <0.0001) than those in the oxybutynin group. Each agent had comparable efficacy for improving urinary symptoms. Tolterodine and oxybutynin caused a significant decrease (p = 0.0001) in the mean number of voids per 24 hours (-1.7 or -15% and -1.7 or -15%, respectively), urge incontinence episodes per 24 hours (-1.3 or -54% and -1.8 or -62%, respectively) and mean voided volume per void (33 ml. or 22% and 34 ml. or 23%) after 10 weeks of treatment. CONCLUSIONS: Tolterodine is as effective as oxybutynin for improving the symptoms of overactive bladder but it has superior tolerability. The combination of these qualities makes tolterodine the preferred pharmacological therapy for the long-term treatment of this condition.",1
W1955418933,Side‐effects of oral or intravesical oxybutynin chloride in children with spina bifida,"OBJECTIVE: To evaluate the incidence of side-effects of oral and intravesical oxybutynin chloride in children with meningomyelocele (MMC) and a neurogenic bladder. PATIENTS AND METHODS: The study comprised 225 children with a neurogenic bladder from MMC who were evaluated with urodynamic testing and voiding cysto-urethrography to identify those at high risk of upper tract damage. In all, 101 children (mean age 4.2 years, range 0.25-10) had unco-ordinated detrusor-sphincter function and low compliance; they were treated with either oral or intravesical oxybutynin and clean intermittent catheterization. RESULTS: Of the 101 patients, 67 were treated with oral oxybutynin; in 11 the treatment was discontinued because of the side-effects. The other 34 patients used both clean intermittent catheterization and intravesical oxybutynin. In this group there were side-effects in six patients, including drowsiness, hallucinations and cognitive changes. CONCLUSIONS: Oral and intravesical oxybutynin is effective for managing neurogenic bladder dysfunction, but intravesical administration is safer and better tolerated than oral oxybutynin in the treatment of children with MMC. However, adverse effects such as cognitive impairment can also occur in children treated with intravesical oxybutynin and these patients must be closely monitored because these effects may differ from those with oral administration.",0
W1989656810,A Semiparametric Deconvolution Model to Establish In Vivo–In Vitro Correlation Applied to OROS Oxybutynin,,0
W2005182544,Treatment of overactive bladder: long-term tolerability and efficacy of tolterodine,,1
W1970710807,Clinical experiences with tolterodine,,0
W2017156172,A comparison of the effects of saliva output of oxybutynin chloride and tolterodine tartrate,,0
W2026522667,"Effects of Tolterodine, Trospium Chloride, and Oxybutynin on the Central Nervous System","Antimuscarinic compounds are increasingly used to treat the symptoms of overactive bladder; however, their use is often restricted by peripheral adverse effects (AEs). On the other hand, data regarding their influence on the central nervous system (CNS) are limited. This randomized, single-blind, parallel-group quantitative-topographical EEG (qEEG) study of clinical phase I investigates the potential CNS adverse effects of the three antimuscarinic drugs--tolterodine, oxybutynin, and trospium chloride--in comparison to placebo. Overall, 4 x 16 (total 64) young, healthy male volunteers were included in the study. The subjects were given either placebo or the clinically recommended daily doses of the drugs dispensed in three doses on a single day (tolterodine 2 mg bid and once placebo, total 4 mg/d; oxybutynin 5 mg tid, total 15 mg/d; and trospium chloride 15 mg tid, total 45 mg/d). The qEEG was recorded prior to and up to 4 hours after each intake of the trial medication (a total of 10 qEEG sessions) under three different conditions: at rest with eyes open, eyes closed, and under mental demand. The drug tolerability was subjectively evaluated by the volunteer and the investigator. In comparison to placebo (10% confidence interval), tolterodine and trospium chloride did not induce changes of the qEEG power in five of the six frequency bands (i.e., delta, alpha 1, alpha 2, beta 1, and beta 2). Isolated power decreases were only observed in the theta frequency band. In contrast, oxybutynin caused significant power reductions in four frequency bands (theta, alpha 1, alpha 2, and beta 1; p < 0.01). The subjectively evaluated drug tolerability was comparable between all treatment groups, although differences in the AE occurrence existed, with the AE frequency being higher in the oxybutynin group. The results of this study support the findings that oxybutynin as a tertiary amine crosses the blood-brain barrier, causing significant qEEG activity changes and more pronounced central adverse effects. Although tolterodine is also a tertiary amine, it shows limited effects on qEEG activity (i.e., slight theta power reductions), comparable to the effects of trospium chloride, a quarternary amine, which barely crosses the blood-brain barrier. The minimal qEEG changes observed with tolterodine and trospium chloride reflect most probably a rebound message from the peripheral target organs. Prescription of oxybutynin thus implicates a higher risk of CNS side effects.",0
W2012563222,"A SHORT-TERM, MULTICENTER, RANDOMIZED DOUBLE-BLIND DOSE TITRATION STUDY OF THE EFFICACY AND ANTICHOLINERGIC SIDE EFFECTS OF TRANSDERMAL COMPARED TO IMMEDIATE RELEASE ORAL OXYBUTYNIN TREATMENT OF PATIENTS WITH URGE URINARY INCONTINENCE","PURPOSE: We compared the short-term efficacy, safety and tolerability of transdermal versus oral oxybutynin in adults with urge urinary incontinence. MATERIALS AND METHODS: Volunteers with detrusor instability currently responding to oral immediate release oxybutynin were enrolled in our study. Those patients presenting with recurrence of incontinent symptoms after a 2-week washout underwent confirmatory cystometrogram with subsequent randomization to transdermal or oral treatment. Matching active and placebo medications included matrix patches applied twice weekly and capsules taken 2 or 3 times daily. Dose titration was based on anticholinergic symptoms. Outcome measures included comparison of baseline to 6 week changes in incontinence episodes on a 3 day urinary diary, a visual analog scale for efficacy and anticholinergic symptoms reported on a questionnaire. Safety monitoring included adverse events and skin tolerability of the transdermal system. RESULTS: A total of 76 patients were enrolled and 74 completed at least 4 weeks of treatment. Mean age in the transdermal and oral groups was 64 and 63 years, and 87% and 97% were female, respectively. Daily incontinent episodes decreased in the transdermal and oral groups (7.3 to 2.4 [66%] and 7.4 to 2.6 [72%], respectively, p = 0.39). The visual analog scale reduction in urinary leakage improved from washout in both groups (p <0.0001) with no difference between them (p = 0.9). Dry mouth occurred in significantly fewer patients in the transdermal (38%) compared with those in the oral group (94%, p <0.001). Of the patients in the transdermal group 67% noticed a reduction in dry mouth severity compared with previous oral treatment, and 90% had none or mild skin erythema. CONCLUSIONS: Transdermal delivery of oxybutynin resulted in comparable efficacy and a significantly improved anticholinergic side effect profile compared with oral administration in adults with urge urinary incontinence.",0
W1970441962,A CROSSOVER RANDOMIZED TRIAL OF TRANSCUTANEOUS ELECTRICAL NERVE STIMULATION AND OXYBUTYNIN IN PATIENTS WITH DETRUSOR INSTABILITY,"PURPOSE: Management of idiopathic detrusor instability is difficult in most patients mainly due to the lack of a complete understanding of the pathophysiology. Oxybutynin and transcutaneous electrical nerve stimulation have been used but to our knowledge no direct comparisons have been made. MATERIALS AND METHODS: Patients with frequency, urgency, urge incontinence and proved detrusor instability were studied with urodynamics, quality of life instruments, and frequency and volume charts. Patients were randomized to transcutaneous electrical nerve stimulation or oxybutynin. After 6 weeks of treatment, they were reassessed and after a washout of 2 weeks, they were started on the second arm of treatment and reassessed 6 weeks later. RESULTS: A total of 13 male and 30 female patients were studied. Functional capacity had increased and number of voids daily had decreased significantly compared with before treatment in both arms (p <0.005). There were significant improvements in symptom specific quality of life measures but no changes were found on the global Short Form 36 (SF-36) quality of life questionnaire. The volume to first desire to void and first unstable contraction had increased significantly with oxybutynin but not with transcutaneous electrical nerve stimulation. Of 23 patients 7 were stabilized with treatment, including 2 with oxybutynin only, 2 with either nerve stimulation or oxybutynin and the remaining 3 with only nerve stimulation. Total bladder capacity did not change significantly with either treatment but patients noticed side effects more commonly with oxybutynin. CONCLUSIONS: Both treatments clearly improved subjective parameters. However, only oxybutynin showed significant improvements in objective urodynamic parameters. Transcutaneous electrical nerve stimulation can be used in patients who cannot take oxybutynin. Further studies are needed to show the long-term efficacy and cost analyses of nerve stimulation.",1
W2021702941,Tolterodine: A Safe and Effective Treatment for Older Patients with Overactive Bladder,"OBJECTIVE: To investigate the clinical safety and efficacy of two dosages of tolterodine in older patients with symptoms attributable to overactive bladder. DESIGN: Randomized, double-blind, placebo-controlled, parallel-group, multinational, phase III study. SETTING: Incontinence, older care, urological, and urogynecological clinics in the United Kingdom, France, and the Republic of Ireland. PARTICIPANTS: One hundred and seventy-seven older patients (age > or =65 years) with symptoms of urinary urgency, increased frequency of micturition (> or =8 micturitions/24 hours), and/or urge incontinence (> or =1 episode/24 hours). INTERVENTION: Tolterodine 1 mg or 2 mg twice daily (bid), or placebo, for 4 weeks. MEASUREMENTS: Safety and tolerability were evaluated through spontaneously reported adverse events, electrocardiogram, and blood pressure measurements. Efficacy was assessed using micturition diary variables: mean change from baseline in frequency of micturition and number of incontinence episodes/24 hours. RESULTS: The mean age of the patient population was 75 years. Overall, > or =87% of patients completed the study. Neither dosage of tolterodine was associated with serious drug-related adverse events during the study. No cardiac arrythmogenic events were noted. Dry mouth (mild to moderate intensity) was the most common adverse event in both the placebo and tolterodine treatment groups. Three percent of patients in the tolterodine 2 mg bid group discontinued treatment because of dry mouth, compared with 2% of placebo-treated patients. Compared with placebo, statistically significant decreases in micturition frequency were apparent in both tolterodine treatment groups. Furthermore, patients treated with tolterodine 2 mg bid had statistically significant decreases in urge incontinence episodes/24 hours and increases in volume voided per micturition compared with placebo. CONCLUSION: Tolterodine (taken for 4 weeks) is safe and shows efficacy, particularly at a dosage of 2 mg bid, in the treatment of older patients with urinary symptoms attributable to overactive bladder.",1
W2008297288,Urinary Incontinence Management: New Questions from Old Assumptions,"The series of papers on urinary incontinence (UI) in this issue examines whether existing behavioral and medication treatments are effective in older, frailer adults,1–3 and looks at patient preferences for similar treatments.4 Three papers focus particularly on nursing home residents,2–4 who, despite their extremely high prevalence of UI, remain largely undertreated. All papers address long-held “truisms” of geriatric UI: drug therapy should always “start low, go slow”; UI in postmenopausal women is related to estrogen deficiency and responds to hormone replacement; daytime prompted voiding effects carry over to improvement in nocturnal UI for incontinent NH residents; and consensus exists for UI treatment preferences in the long-term care setting. Malone-Lee et al.1 report a multi-center trial of the muscarinic antagonist tolterodine, comparing both the standard dose (2 mg bid) and a lower dose (1 mg bid) with placebo in older persons with overactive bladder (OAB). Phase II–III trials had established 2 mg twice daily as the effective dose in predominantly younger patients with OAB,5 leaving open whether tolterodine was equally effective in older patients and whether a lower dosage could be used. By targeting OAB rather than urge incontinence alone, the study included continent patients with urinary frequency and urgency alone (23% of subjects). Although both dosages significantly decreased voiding frequency, only 2 mg bid significantly decreased urge UI episodes. Nearly half of subjects on 2 mg bid complained of dry mouth, yet few found it severe and only 3% withdrew. Despite the relatively high prevalence of male subjects (35%), none developed symptomatic urinary retention. However, subclinical retention (elevated postvoiding residual) could have been missed by the insensitive technique of abdominal palpation. These outcomes are mitigated by several factors. First, treatment efficacy for UI was only moderate, with the standard dose resulting in a 25% median decrease in UI episodes/24 hours (95% confidence interval (CI) maximum, 46% decrease). The number of patients who became continent was not reported. These modest responses to medication are paralleled by virtually no placebo response (highly unusual for UI drug treatment trials), perhaps reflecting that placebo subjects had significantly worse UI and for a longer duration. Second, no patient-based satisfaction or quality-of-life outcomes were reported, limiting our knowledge of how patients themselves rated drug efficacy. Third, the trial was short (4 weeks), limiting its generalizability to clinical settings in which longer treatment duration would be expected, and—as the authors note—possibly contributing to the modest drug response. Finally, despite the authors' claims, this study adds little to the debate concerning tolterodine versus oxybutynin CNS side effects.6“Adverse CNS events” in this trial were “comparable and low level among placebo- and tolterodine-treated patients,” yet the definition and prevalence of such events are not given. It is unclear how quantitative electroencephalograph results (cited as evidence of the greater CNS impact of oxybutynin vs tolterodine) correspond with clinical CNS adverse events and it remains uncertain whether the higher lipophilicity of oxybutynin indeed accounts for observed differences in side effect profiles observed across existing studies. Until tolterodine “has been subject[ed] to the same detailed neuropsychiatric testing as oxybutynin,” and—most importantly—compared directly with oxybutynin in randomized studies designed and adequately powered to answer this question, the differences in CNS side effects between the drugs remain unclear. The difficulties inherent in conducting conclusive UI treatment studies, especially in frail older persons, are well delineated in the exploratory randomized trial of oral estrogen and progestin for incontinent female NH residents by Ouslander et al.2 Of their potential 350 subjects, only 9% met entrance criteria, gave consent, and did not withdraw before randomization and 25% of the 32 randomized subjects dropped out before the 6-month evaluation; their perseverance in face of such adversity is admirable. They observed significantly higher serum estradiol, estrone, and estrone sulfate levels in subjects receiving active drug, yet these treatment effects translated into only partial improvement in vaginal and urethral atrophy and failed to decrease UI. As the authors note, their study was underpowered to detect significant differences in UI, subjects were highly selected, and progestin may have mitigated positive estrogen effects. Another possibility is that poor blood flow to vaginal tissues (due to either atherosclerotic disease or possibly estrogen deficiency itself) prevented adequate delivery of the higher serum estrogen levels to the target tissues. Also, estrogen replacement may have a differential effect on stress versus urge incontinence (subjects in this trial had “predominantly urge” incontinence, although diagnostic criteria were not given). The authors cite their pilot experience showing that vaginal rings delivering estrogen directly to the epithelium reduced UI and signs of atrophy, even in the absence of increased serum estrogen levels.7 Even so, this trial must be placed in the context of the increasingly equivocal evidence that estrogen is effective for treating UI even in younger women.8,9 In another NH trial,3 Ouslander and colleagues examine whether prompted voiding (PV), which can improve daytime UI in some NH residents, also decreases nocturnal UI. PV was done during daytime and nighttime hours in the same patients during different time periods. Consistent with their previous work,10 approximately 25% of subjects had significant decreases in daytime UI with daytime PV. Final nocturnal wetness rates were higher than daytime rates in the entire group and in the subgroups of daytime PV responders/nonresponders. The lowest response rates to PV occurred in the middle of the night. However, the authors did not report the change from baseline in nocturnal UI wetness rates, leaving uncertain whether nocturnal PV decreased UI, especially among daytime PV responders. The fact that daytime and nocturnal PV had to be carried out in noncontiguous day/night periods because neither residents nor research staff could tolerate continuous 2-hour checks and prompts indicates that even if effective, nocturnal PV would have be targeted to residents not receiving daytime PV. The enormous inertia against providing nocturnal PV in NH settings (e.g., from lower staffing levels, the ill effects of sleep disruption 11) will not be budged by these results. The question remains whether we are foregoing an effective strategy for improving a bothersome form of UI in a subgroup of residents. In the final paper of this group, Johnson et al. address the issue of UI treatment preferences by NH residents and their potential proxies (family members of incontinent NH residents, NH licensed staff, and older adults in the community).4 Patient preferences are enormously important, given that high cost, problematic side effects, and less-than-curative outcomes mitigate the efficacy of many UI therapies in the NH setting. The actual input from NH residents in this study was limited though, because only nine cognitively intact incontinent residents were enrolled from the four study facilities. The treatment pairs presented to the proxies included decisions that rarely if ever occur in real life (e.g., catheter vs prompted voiding, diapers vs electrical stimulation), and there was no specified methodology for the quantitative analysis. Despite these methodological problems, their important finding is that different proxy groups voiced significantly different UI treatment preferences. Preferences appeared to reflect differences in proxy experience with UI and incontinent NH residents, different roles and responsibilities in UI care, and the proxy's own personal preferences. It is not surprising that nursing staff would prefer prompted voiding to diapers: nursing assistants bear the brunt of the work for both treatments, and nurses know that PV documentation (a nursing responsibility) gets high marks from state surveyors. Family members' responses were consistent with previous work showing that proxies for frail older persons are reluctant to consider interventions that they perceive would disturb the patient or that the proxies themselves would not accept.12 Proxies' responses tend to be more discordant when asked about subjective items such as symptoms rather than existence of disease,13 and proxies with high caregiver stress overstate intermediate activities of daily living disability.14 The preferences voiced by community-dwelling older persons, with variable and generally little personal experience with either UI or NHs, is harder to interpret and generalize. Like all good science, these papers together raise more questions than they answer. Would drug titration be more effective than “standard” doses, be they large or small?15 Is PV truly ineffective for bothersome nocturnal UI? Will topical estrogen have a role in NH UI, and for what duration and at what cost and side effects? Can UI treatment be tailored to satisfy preferences of NH residents and caregivers alike? One message from these trials seems clear: monotherapy for UI, be it behavioral or medication, is not sufficient. A multifactoral approach is needed for what is fundamentally a multifactoral and chronic condition, especially in frailer populations. We need to communicate this message to patients, providers, and caregivers. More trials taking this fact into account must be designed,16 with more emphasis placed on elucidating the additional effects patients reap from randomized trials (such as behavioral management strategies and the placebo effect.)17 Perhaps even a semantic change, emphasizing UI management rather than treatment, will help convey to patients and providers alike that although there is no “magic bullet” for UI, we possess an increasingly varied and sophisticated armamentarium that truly promises symptom relief and improved quality of life. Dr. DuBeau has received support from Pharmacia, the maker of tolterodine.",0
W1999751841,Therapeutic opportunities from muscarinic receptor research,,0
W2023548731,Twelve-Month Treatment of Overactive Bladder,,0
W2130754948,Failure of Tolterodine to Treat Clozapine-Induced Nocturnal Enuresis,"OBJECTIVE: To report the use and subsequent failure of the bladder-selective agent tolterodine, to treat clozapine-induced nocturnal enuresis in an adolescent patient with psychotic illness. CASE SUMMARY: A 16-year-old Hispanic girl was admitted to the state psychiatric hospital with a diagnosis of bipolar disorder with psychotic features. Clozapine therapy was initiated, and after three months of treatment the patient began experiencing episodes of nocturnal enuresis. The bladder-selective agent tolterodine was tried and subsequently failed to resolve the enuresis episodes. Desmopressin was initiated, which resulted in amelioration of symptoms. DISCUSSION: This is the first published report of using tolterodine to treat clozapine-induced nocturnal enuresis. Several methods to decrease clozapine-induced urinary incontinence have been used and typically include the addition of agents with high anticholinergic properties. Tolterodine is a bladder-selective anticholinergic agent indicated for the treatment of urinary urge incontinence and may be employed as a treatment for antipsychotic-induced incontinence. CONCLUSIONS: Nocturnal enuresis is an adverse effect that infrequently occurs with use of clozapine therapy. Although tolterodine was ineffective in our patient to treat clozapine-induced nocturnal enuresis, further trials are required to appropriately evaluate the effectiveness of tolterodine to treat this adverse drug reaction.",0
W2411479152,Is extended-release oxybutynin (Ditropan XL) or tolterodine (Detrol) more effective in the treatment of an overactive bladder?,,0
W1607352979,Pharmacokinetics of the R- and S-Enantiomers of Oxybutynin and N-Desethyloxybutynin Following Oral and Transdermal Administration of the Racemate in Healthy Volunteers,,0
W1558847532,Modern pharmacotherapy of urge urinary incontinence in the USA: tolterodine and oxybutynin,,0
W1985610078,"Encephalocraniocutaneous lipomatosis associated with iris coloboma, chorioretinitis and spinal cord involvement: a case report",,0
W2002173401,Combined pharmacotherapy for nocturnal enuresis,,0
W2037084995,Safety Profile of Tolterodine as Used in General Practice in England,,1
W4231018539,Managing incontinence due to detrusor instability,"Urinary incontinence affects around 3.5 million people of all ages in the UK. For many, incontinence severely restricts their routine activities and damages their quality of life and self-esteem. In about one-third of women sufferers, and around a half of all men with incontinence, the cause is detrusor instability. This condition is characterised by involuntary bladder contractions or pressure rises during bladder filling, which result in a strong or uncontrollable urge to pass urine and, often, incontinence. Here, we consider a primary care-based approach to managing urinary incontinence in adults, concentrating on the medical management of detrusor instability.",0
W2093274926,Automatic orienting of visuospatial attention in Parkinson's disease,,0
W2025242634,CHANGING CONCEPTS CONCERNING THE MANAGEMENT OF VESICOURETERAL REFLUX,"PURPOSE: Conservative estimates indicate that up to 54% of patients who present with vesicoureteral reflux have dysfunction voiding. Children with voiding dysfunction and vesicoureteral reflux historically have a high breakthrough infection rate of 34% to 43%. Breakthrough infection represents significant morbidity and it is the most common indication for surgical intervention for vesicoureteral reflux. Voiding dysfunction is present in 79% of patients who proceed to reflux surgery. We evaluated the impact of pelvic floor muscle retraining combined with a medical program in patients with voiding dysfunction and vesicoureteral reflux. MATERIALS AND METHODS: Children with a history consistent with voiding dysfunction and vesicoureteral reflux were screened by uroflowmetry/electromyography, bladder scan for post-void residual urine, renal ultrasound and voiding cystourethrography. Confirmed cases of voiding dysfunction and vesicoureteral reflux were prospectively enrolled in this study. Children participated in an interactive, computer assisted, pelvic floor muscle retraining program that involved a conservative medical regimen and pelvic floor muscle retraining. All patients received prophylactic antibiotics. We evaluated the rate of breakthrough urinary tract infection, reflux outcome and surgical intervention. A literature review with the key words vesicoureteral reflux, voiding dysfunction and urinary tract infection was performed to identify historical control cases for comparison. RESULTS: Study enrollment criteria were fulfilled by 49 girls and 4 boys 4 to 13 years old (average age 8.8), representing 72 units with low grades I to II (48) and high grades III to V (24) reflux. Mean followup was 24 months. Initial uroflowmetry/electromyography and bladder scan revealed a staccato flow pattern and normal post-void residual urine in 11% of cases, staccato flow pattern and elevated post-void residual urine in 10%, flattened flow pattern and normal post-void residual urine in 28%, and flattened flow pattern and elevated post-void residual urine in 51%. Breakthrough infection developed in 5 patients (10%), including 1 in whom reflux had resolved and 1 with grade I reflux who underwent observation. The parents of 2 patients elected to complete biofeedback without surgical intervention and these patients did not have a repeat infection. Reimplantation was performed in 1 case (2%). There was resolution in 18 low and 7 high grade refluxing units, including 2 older patients with a long history of high grade bilateral disease. Average time to resolution was 7.8 months. We noted elevated post-void residual urine in 88% of the patients with high grade reflux. Average age at resolution was 9.2 years. During a 24-month period one of us (P. H. M.) noted a greater than 90% decrease in surgical intervention. CONCLUSIONS: A combined conservative medical and computer game assisted pelvic floor muscle retraining program appears to have decreased the incidence of breakthrough urinary tract infections and facilitated reflux resolution in children with voiding dysfunction and vesicoureteral reflux. Patients with high grade reflux and voiding dysfunction commonly present with elevated post-void residual urine, contraindicating the indiscriminate administration of anticholinergics. Decreasing the rate of urinary tract infections may have a dramatic impact on the need for surgical intervention and enable the reflux resolution rate to approximate that in patients without voiding dysfunction. Prospective controlled trials are needed to determine whether pelvic floor muscle retraining combined with a conservative medical regimen alters the natural history of vesicoureteral reflux in patients with voiding dysfunction.",0
W2103255085,Glatiramer acetate induces a Th2-biased response and crossreactivity with myelin basic protein in patients with MS,"Glatiromer acetate (GA) is an approved treatment for multiple sclerosis (MS). The proposed mechanism of action is the induction of GA-specific T cells characterized by protective anti-inflammatory Th2 response. We tested this hypothesis in 11 MS patients treated with GA from 1-19 months. Interferon-gamma and IL-5 (markers of Th1 and Th2 responses respectively) were assayed by ELISA in GA-specific T-cell lines (TCL) supernatants. Th1/Th2 bias was defined based on the ratio of IFN-gamma/IL-5 secretion. Fifty-eight pre-treatment and 75 on-treatment GA-specific TCL were generated. On-treatment mean IL-5 levels in GA-TCL increased significantly, whereas those for IFN-gamma were markedly reduced. Consequently, the ratio of IFN-gamma IL-5 also shifted in favor of a Th2 response. The percentage of GA-TCL classified as Th1 was decreased, whereas those classified as Th2 increased on-treatment as compared to pre-treatment. Some GA-specific TCL, (approximately 25%) generated during treatment secreted predominantly IL-5 in response to MBP and the immunodominant MBP peptide 83-99, indicating that these crossreactive antigens can act as partial agonists for GA-reactive TCL. These results strongly suggest that the mechanism of action of GA in MS involves the induction of crossreactive GA-specific T cells with a predominant Th2 cytokine profile.",0
W2064966997,Role of urethrocystoscopy in the evaluation of refractory idiopathic detrusor instability,,0
W2465431162,POEMS (patient-oriented evidence that matters) spark discussion.,,0
W1496249181,Effect of OROS<sup>®</sup> controlled‐release delivery on the pharmacokinetics and pharmacodynamics of oxybutynin chloride,"UNLABELLED: Aims : Dry mouth is a common side-effect seen with immediate-release oxybutynin (IR-Oxy). Ditropan XL [(Oxy-XL), a controlled-release formulation of oxybutynin chloride, is a once-daily oral dosage form that incorporates the OROS technology. Dry mouth as the pharmacodynamic measure was compared between Oxy-XL and IR-Oxy administration. The steady state stereospecific pharmacokinetics were also established for the two formulations and the kinetic-dynamic relationship of oxybutynin was examined. METHODS: This was a randomized, repeated-dose, double-blind, two-treatment, two-period, crossover study. After a baseline assessment day, volunteers were randomly assigned to one of two treatment sequences and received 4 days of each treatment with a washout period of 7 days between treatments. The treatments were: 1) Oxy-XL 10 mg in the morning and placebo 8 h later, and 2) IR-Oxy 5 mg in the morning and again 8 h later. Volunteers assessed dry mouth severity subjectively using a 100 mm visual analogue scale, VAS (Baseline, treatment days 1 and 4) and objectively by collecting saliva (Baseline and treatment day 4) before dosing and every hour after the morning dose for approximately 16 h. Several blood samples were collected during each treatment, with frequent sampling on day 4 to analyse for plasma R- and S-oxybutynin and R- and S-desethyloxybutynin concentrations. RESULTS: Relatively constant plasma concentrations of oxybutynin and its metabolite were seen over 24 h following Oxy-XL administration with the degree of fluctuation being much lower (P = 0.001; 66% to 81% reduction for the various analytes) than IR-Oxy. Compared with IR-Oxy, Oxy-XL yielded higher (131% and 158% for the R- and S-isomer, respectively) oxybutynin and lower (62% and 78% for the R- and S-isomer, respectively) desethyloxybutynin bioavailability, suggesting reduced first-pass metabolism. Saliva output (area under the effect curve) was significantly higher [P = 0.001; 37% (95% confidence interval: 24, 51%)] with Oxy-XL than with IR-Oxy and, accordingly, dry mouth severity (VAS) integrated over the day was significantly lower with Oxy-XL. The decrease in saliva output and the consequent increase in dry mouth severity correlated with the metabolite R-desethyloxybutynin concentration, and no apparent relationship was observed with the R-oxybutynin concentration. This suggests that the metabolite may contribute to the dry mouth. Therefore, the reduction in metabolite exposure with Oxy-XL may be a possible explanation for the observed decrease in dry mouth severity with OXY-XL compared with IR-Oxy. CONCLUSIONS: Oxy-XL maintains relatively constant plasma drug and metabolite concentrations and minimizes first-pass metabolism of oxybutynin. The metabolite appears to contribute to dry mouth associated with oxybutynin, and following Oxy-XL metabolite exposure is reduced compared with IR-Oxy. Consequently less dry mouth was observed with Oxy-XL as compared with IR-Oxy.",0
W2147996138,Medical Treatment of Overactive Bladder,,0
W2091563092,Tolterodine once-daily in treatment of the overactive bladder,,0
W2103902697,Urethral catheterization in hypospadias surgery: Should the device enter the bladder or be made a urethral stent?,,0
W2083020178,Potentially Inappropriate Medication Use in the Community-Dwelling Elderly,"CONTEXT: Inappropriate medication use is a major patient safety concern, especially for the elderly population. Using explicit criteria, prior studies have found that 23.5% and 17.5% of the US community-dwelling elderly population used at least 1 of 20 potentially inappropriate medications in 1987 and 1992, respectively. OBJECTIVES: To determine the prevalence of potentially inappropriate medication use in community-dwelling elderly persons in 1996, to assess trends over 10 years, categorize inappropriate medication use according to explicit criteria, and to examine risk factors for inappropriate medication use. DESIGN, SETTING, AND PARTICIPANTS: Respondents aged 65 years or older (n = 2455) to the 1996 Medical Expenditure Panel Survey, a nationally representative survey of the US noninstitutionalized population were included. A 7-member expert panel was convened to categorize inappropriate medications. MAIN OUTCOME MEASURE: Prevalence of use of 33 potentially inappropriate medications. RESULTS: In 1996, 21.3% (95% confidence interval [CI], 19.5%-23.1%) of community-dwelling elderly patients in the United States received at least 1 of 33 potentially inappropriate medications. Using the expert panel's classifications, about 2.6% of elderly patients (95% CI, 2.0%-3.2%) used at least 1 of the 11 medications that should always be avoided by elderly patients; 9.1% (95% CI, 7.9%-10.3%) used at least 1 of the 8 that would rarely be appropriate; and 13.3% (95% CI, 11.7%-14.9%) used at least 1 of the 14 medications that have some indications but are often misused. Use of some inappropriate medications declined between 1987 and 1996. Persons with poor health and more prescriptions had a significantly higher risk of inappropriate medication use. CONCLUSIONS: Overall inappropriate medication use in elderly patients remains a serious problem. Despite challenges in using explicit criteria for assessing inappropriate medications for elderly patients, such criteria can be applied to population-based surveys to identify opportunities to improve quality of care and patient safety. Enhancements of existing data sources to include dosage, duration, and indication may augment national improvement and monitoring efforts.",0
W2094933627,Identification of muscarinic receptor subtypes of cultured smooth muscle cells and tissue of human bladder body,"BACKGROUND: Muscarinic receptor subtypes of cultured smooth muscle cells from the human bladder body were investigated by the receptor binding assay method. The result was compared with that obtained from the human bladder body tissue to confirm whether the receptor subtypes of the cells are not changed after several passages of cell culture. METHODS: Inhibitory effects of various muscarinic antagonists on the binding of [3H]-N-methylscopolamine ([3H]-NMS) to membrane preparations obtained from cultured smooth muscle cells from the fourth subculture of the human bladder body were compared with those prepared from the human bladder body tissue and cells expressing human muscarinic receptor subtypes. RESULTS: Binding-inhibition constants (pKi) for atropine, pirenzepine, methoctramine, 4-diphenylacetoxy-N-methylpiperidine methiodide (4-DAMP), oxybutynin and propiverine obtained from membrane preparations of cultured smooth muscle cells were 8.91, 6.35, 8.24, 8.53, 7.29 and 5.61, respectively. pKi values of these muscarinic receptor antagonists against the membrane preparation of human bladder body tissue were 9.08, 6.66, 8.05, 8.79, 7.53 and 6.04, respectively. pKi values of cultured smooth muscle cells and tissue from human bladder body were correlated closely with those of insect cells expressing the cloned human M2 receptor subtype. CONCLUSION: The binding affinities for various muscarinic receptor antagonists of cultured human smooth muscle cells were maintained through the fourth subculture and it was suggested that the M2 receptor subtype is predominantly expressed in cultured smooth muscle cells of human bladder body as well as in tissue of the human bladder body.",0
W1985505791,Prescription-event monitoring and reporting of adverse drug reactions,,0
W2409587761,Is tolterodine (Detrol) or oxybutynin (Ditropan) the best for treatment of urge urinary incontinence?,,0
W1480826807,Motor imagery in Parkinson's disease: A PET study,"We used positron emission tomography (PET) with 15O-labelled water to record patterns of cerebral activation in six patients with Parkinson's disease (PD), studied when clinically ""off"" and after turning ""on"" as a result of dopaminergic stimulation. They were asked to imagine a finger opposition movement performed with their right hand, externally paced at a rate of 1 Hz. Trials alternating between motor imagery and rest were measured. A pilot study of three age-matched controls was also performed. We chose the task as a robust method of activating the supplementary motor area (SMA), defects of which have been reported in PD. The PD patients showed normal degrees of activation of the SMA (proper) when both ""off"" and ""on."" Significant activation with imagining movement also occurred in the ipsilateral inferior parietal cortex (both ""off"" and when ""on"") and ipsilateral premotor cortex (when ""off"" only). The patients showed significantly greater activation of the rostral anterior cingulate and significantly less activation of the left lingual gyrus and precuneus when performing the task ""on"" compared with their performance when ""off."" PD patients when imagining movement and ""off"" showed less activation of several sites including the right dorsolateral prefrontal cortex (DLPFC) when compared to the controls performing the same task. No significant differences from controls were present when the patients imagined when ""on."" Our results are consistent with other studies showing deficits of pre-SMA function in PD with preserved function of the SMA proper. In addition to the areas of reduced activation (anterior cingulate, DLPFC), there were also sites of activation (ipsilateral premotor and inferior parietal cortex) previously reported as locations of compensatory overactivity for PD patients performing similar tasks. Both failure of activation and compensatory changes are likely to contribute to the motor deficit in PD.",0
W2087185523,The impact of non‐compliance on the cost‐effectiveness of pharmaceuticals: a review of the literature,"Non-compliance with drug therapies not only limits their effectiveness, but in some instances, is associated with grave clinical sequelae and substantial economic burden. It is important, therefore, to consider non-compliance in economic evaluations. A review of pharmacoeconomic evaluations, which have applied sensitivity analysis to non-compliance rates, was undertaken to evaluate the impact of non-compliance on the cost-effectiveness of different drug therapies. Although 22 evaluations satisfied the inclusion criteria, additional information was obtained from the authors of most studies, as the published details were inadequate. The majority of evaluations assumed altered effectiveness owing to reduced compliance in the absence of supportive clinical evidence. Because of the disparity in the nature of the outcomes, the measures of non-compliance and the time horizon of the studies evaluated, it was not possible to compare the magnitude of the impact of non-compliance among different drug-disease combinations. However, it was evident that non-compliance always results in a reduction in efficacy, but its impact on costs varied substantially. The importance of incorporating measures of compliance is highlighted, as failing to account for 'real world' compliance rates in pharmacoeconomic evaluations may lead to selection of sub-optimal treatment strategies.",0
W1971081113,Which muscarinic receptor is important in the bladder?,,0
W2035874674,Tolterodine: an overview,,0
W2047009245,Trospium chloride - an effective drug in the treatment of overactive bladder and detrusor hyperreflexia,,0
W2165760482,The effect of tolterodine on the pharmacokinetics and pharmacodynamics of a combination oral contraceptive containing ethinyl estradiol and levonorgestrel,,0
W2000543695,Use of Potentially Inappropriate Drugs in Nursing Homes,"STUDY OBJECTIVES: To examine patterns and determine predictors of inappropriate drug use in nursing homes. DESIGN: Retrospective study. SETTING: One thousand four hundred ninety-two nursing homes in five states. PATIENTS: A total of 44,562 residents admitted to nursing homes over 1 year. METHODS: Frequency of discontinuation and initiation of potentially inappropriate drugs over the first 90 days after admission to a nursing home was calculated. Data were collected using the minimum data set. RESULTS: On admission, 33% of residents were receiving at least one potentially inappropriate drug. After 90 days, the drug was discontinued in 16% of these residents. Of those not receiving a potentially inappropriate drug on admission, one was begun in 18%. Demographic factors and number of drugs taken by patients were associated with the use of potentially inappropriate drugs. CONCLUSIONS; Use of potentially inappropriate drugs was prevalent on admission and at 90 days after admission. Discontinuation was highest among patients with conditions for which potentially safer therapeutic alternatives existed.",0
W2007106795,Cost-effectiveness to tolterodine for patients with urge incontinence who discontinue initial therapy with oxybutynin: A Canadian perspective,,0
W2418855174,[Continence problems after radical prostatectomy: medical treatment].,"OBJECTIVE: We hypothesized that a benefit can be obtained from both urine storage and urethral resistance after retropubic radical prostatectomy through the induction of artificial erections. MATERIAL AND METHODS: From January 1993 to December 2000 we have submitted 127 patients to radical retropubic prostatectomy. According to preoperative bladder behaviour, 59 patients (46.5%) presented voiding disorders, 10 (7.9%) filling disorders, 4 (3.1%) mixed disorders, whereas 54 (42.5%) were asymptomatic. The urethral catheter was removed between the 10th and the 12th postoperative day. Fourteen patients entered a programme of early sexual rehabilitation with intracavernous injection of prostaglandin E1 (ICI) within 7 days from catheter removal. RESULTS: After catheter removal the recovery of urinary continence occurred within 2.2 +/- 2.3 days. At dismissal from the hospital, 8 patients (6.2%) were almost totally incontinent; 2 (1.5%) were still incontinent after a 6-month period; 73 (57.4%) were dismissed with clinical signs of detrusor instability hence treated with anticholinergic drugs such oxybutynin or tolterodine; 3 (2.3%) resulted obstructed after surgery because of stenosis of the anastomosis. Almost all the patients submitted to early sexual rehabilitation referred an improvement of their incontinence after the first injection. The patients who did not begin an early sexual rehabilitation generally recovered from incontinence in a longer time. CONCLUSIONS: Our preliminary observations showed that artificial erection PGE1-induced is effective in improving or accelerating post radical prostatectomy incontinence recovery. The results apply also to patients with pre-operatory detrusor instability.",0
W2035527398,Evidence for the efficacy and safety of tolterodine in the treatment of overactive bladder,"Overactive bladder (OAB) is a chronic and prevalent condition, the symptoms of which (urinary frequency and urgency, with or without urge incontinence) can exert a profound negative effect on a person's daily life activities. Tolterodine (Detrol in North America and Detrusitol in the rest of the world, Pharmacia), a competitive muscarinic antagonist, is the first agent of this class to be specifically developed for the treatment of OAB. This agent displays in vivo functional selectivity for the bladder over other tissues that contain muscarinic receptors (e.g., salivary glands, eye), which translates into good efficacy and tolerability in patients with OAB (including the elderly). Comparative, randomised, double-blind studies show that tolterodine (administered as immediate-release [IR] tablets 2 mg b.i.d.) is as effective as oxybutynin (5 mg t.i.d.) in improving all of the troublesome symptoms of OAB but with a significantly lower incidence and severity of dry mouth. The advent of a new extended-release (ER) capsule formulation of tolterodine (4 mg) for convenient once-daily treatment builds upon these findings, with significantly improved efficacy for reducing urge incontinence episodes and a lower frequency of dry mouth relative to the existing IR tablet (2 mg b.i.d.). Tolterodine can therefore be considered a valuable, well-tolerated treatment option for patients with OAB, providing improvements in symptoms that are both clinically meaningful to patients and sustained during long-term treatment.",0
W2163507633,Efficacy of botulinum-a toxin in children with detrusor hyperreflexia due to myelomeningocele: preliminary results,,0
W2137321083,Preliminary study of the safety and efficacy of extended-release oxybutynin in children,,0
W2039259802,Efficacy of desmopressin in treatment of refractory nocturia in patients older than 65 years,,0
W2117201072,Oxybutynin chloride: alterations in drug delivery and improved therapeutic index,"Oxybutynin chloride (Ditropan, Alza) is widely regarded as the most efficient antimuscarinic agent for the treatment of bladder detrusor dysfunction resulting in urinary urgency, frequency and urge incontinence. Oxybutynin metabolism occurs primarily in the proximal gastrointestinal tract and the hepatic circulation and is mediated by the cytochrome P450 3A4 isozyme. The major degradation products are desethyloxybutynin, which possesses pharmacological activity, and phenylcyclohexylglycolic acid, which is metabolically inert. A major limitation to long-term compliance with immediate-release oxybutynin remains the necessity for twice- or thrice-daily dosing regimens to provide sustained pharmacological efficacy. Side effects induced by cytochrome P450 metabolism of oxybutynin into the primary metabolite desethyloxybutynin within the gut wall substantially affect the tolerability of the compound within the individual. The oral osmotic delivery system provides unique advantages for drug delivery and substantially alters the tolerability profile of the oxybutynin chloride compound. This extended-release formulation consists of a two component core encapsulated by a semi-permeable membrane. The osmotic gradient between the surrounding environment and the inner core of the delivery system remains constant and water absorption within the capsule is controlled by the semipermeable membrane causing a controlled release of drug, which is sustained over 24 h. Herein are reviewed the various pre- and post-approval trials which have documented the overall therapeutic index of the oral osmotic oxybutynin (Ortho-McNeil Pharmaceuticals). Subsequent post-market surveillance issues are reviewed as are new developments in oxybutynin delivery.",0
W2008531386,Assessment and Conservative Management of the Neuropathic Bladder,,0
W2119997055,Tolterodine-Associated Acute Mixed Liver Injury,"OBJECTIVE: To report a patient with an acute mixed liver injury associated with tolterodine therapy. CASE SUMMARY: An 81-year-old white woman with urge incontinence experienced malaise, fever, and gastrointestinal disturbances 18 days after starting tolterodine 2 mg twice daily. The patient's concurrent medications included flunitrazepam, diclofenac, and dorzolamide/timolol eye drops. Laboratory examination was consistent with the presentation of an acute mixed liver injury with increased transaminase enzymes, alkaline phosphatase, gamma-glutamyltransferase, and bilirubin. Additionally, she had mild leukocytosis with eosinophilia. After tolterodine was discontinued, the abnormal liver and hematologic parameters returned to normal within 4 weeks. DISCUSSION: Tolterodine, a muscarinic receptor antagonist, has predominantly anticholinergic effects. To our knowledge, this is the first case published describing tolterodine-associated acute mixed liver injury. However, some of the patient's additional symptoms can also be considered part of a drug-induced hypersensitivity syndrome. This is usually defined by the triad of fever, cutaneous reaction, and involvement of internal organs, mainly affecting the liver. The close temporal relationship between the start of tolterodine therapy and the first symptoms and the reversibility after dechallenge led us to conclude that the adverse reaction was possibly related to tolterodine exposure. CONCLUSIONS: Our case illustrates that tolterodine may rarely be associated with liver injury. This may have been an organ manifestation of tolterodine-induced hypersensitivity syndrome.",0
W2405608831,Treatments for overactive bladder.,,0
W1978083855,"Once-Daily, Extended-Release Formulations of Antimuscarinic Agents in the Treatment of Overactive Bladder: A Review",,0
W1987044979,Tolterodine: Selectivity for the Urinary Bladder Over the Eye (as Measured by Visual Accommodation) in Healthy Volunteers,,0
W1525503492,A long‐term follow‐up of autoaugmentation in myelodysplastic children,"OBJECTIVE: To evaluate the long-term results of patients who underwent bladder autoaugmentation (BA) in whom BA was used to treat a neuropathic bladder secondary to myelomeningocele, and who presented with a high-pressure/poorly compliant bladder. PATIENTS AND METHODS: Eleven patients (eight girls and three boys, mean age 12.8 years, mean follow-up 6.6 years) were selected who had undergone BA between June 1991 and June 1994. At surgery, the patients had a poorly compliant bladder with a mean leak point volume (LPV) of 94 mL and a mean leak point pressure (LPP) of 58 cmH2O. None of the patients had vesico-ureteric reflux (VUR) at BA; five with grade III or IV VUR had undergone endoscopic correction in a day-surgery procedure using a suburethral collagen injection 1-3 weeks before BA. The patients were evaluated using clinical, urodynamic, radiological and endoscopic assessments. The LPV, LPP and safe bladder capacity (SBC, the cystometric volume at an intravesical pressure of 40 cmH2O) were recorded. RESULTS: At 1 year after surgery the mean LPV was 297 mL; none of the patients had VUR. The most recent mean LPV was 198 mL and the SBC 167 mL. The mean LPP remained stable at 60 cmH2O. At the last follow-up four patients had recurrent uni- or bilateral grade III-V VUR. At endoscopy the 'augmented' bladder portion had a smooth surface, compared with the grossly trabeculated lower half. From this finding all patients on clean intermittent catheterization were treated with oral oxybutynin. Some patients reported slightly less abdominal pain at maximum bladder volume; four needed pads to treat intermittent incontinence. On voiding cysto-urethrography, one patient had an hourglass-shaped bladder. Five patients recently underwent ileocystoplasty because of recurrent urinary tract infection, high-grade VUR and incontinence. CONCLUSION: These results do not justify the routine use of BA in hypertonic/poorly compliant bladders secondary to myelomeningocele. The mean follow-up of 6.6 years showed that this procedure failed in seven of 11 patients. Further studies might be able to identify subgroups in which this approach may be more appropriate.",0
W2149824548,"A multicenter, prospective, open-label study of tolterodine extended-release 4 mg for overactive bladder: The speed of onset of therapeutic assessment trial (STAT)",,1
W2006171475,"Efficacy, Safety, and Tolerability of Extended‐Release Once‐Daily Tolterodine Treatment for Overactive Bladder in Older versus Younger Patients","OBJECTIVES: To evaluate the efficacy, safety, and tolerability of a new, once-daily extended-release (ER) formulation of tolterodine in treating overactive bladder in older (> or =65) and younger (<65) patients. DESIGN: A 12-week double-blind, placebo-controlled clinical trial. SETTING: An international study conducted at 167 medical centers. PARTICIPANTS: One thousand fifteen patients (43.1% aged > or =65) with urge incontinence and urinary frequency. INTERVENTION: Patients were randomized to treatment with tolterodine ER 4 mg once daily (qd) (n = 507) or placebo (n = 508) for 12 weeks. MEASUREMENTS: Efficacy, measured with micturition charts (incontinence episodes, micturitions, volume voided per micturition) and subjective patient assessments, safety, and tolerability endpoints were evaluated, relative to placebo, according to two age cohorts: younger than 65 and 65 and older. RESULTS: Mean age in the older and younger patient cohorts was 74 (range 65-93) and 51 (range 20-64), respectively. Compared with placebo, significant improvements in micturition chart variables with tolterodine ER showed no age-related differences. Irrespective of age, significantly more tolterodine ER recipients than placebo recipients reported an improvement in urgency symptoms. After 12 weeks of treatment with tolterodine ER, a fivefold increase in the percentage of patients able to finish tasks before voiding in response to urgency was noted in both age groups (<65: from 6.5-32.8%, > or =65: from 5.1-26.2%). Tolterodine ER recipients, irrespective of age, also had significant improvements in their bladder condition than did placebo recipients. Overall, a greater percentage of patients, irrespective of age, perceived any benefit with tolterodine ER than with placebo (P <.001). Dry mouth (of any severity) was the most common adverse event in both the tolterodine ER and placebo treatment arms, irrespective of age (<65: ER 22.7%, placebo 8.1%; > or =65: ER 24.3%, placebo 7.2%). Few patients (<2%) experienced severe dry mouth. No central nervous system, visual, cardiac (per electrocardiogram), or laboratory safety concerns were noted. Withdrawal rates due to adverse events on tolterodine ER 4 mg qd were comparable in the two age cohorts (<65: 5.5%; > or =65: 5.1%; P =.87). CONCLUSIONS: The new, once-daily ER formulation of tolterodine is efficacious, safe, and well tolerated in the treatment of patients with symptoms of overactive bladder, irrespective of age.",1
W2044322882,Urodynamic Changes Associated with Behavioral and Drug Treatment of Urge Incontinence in Older Women,"OBJECTIVES: To describe changes in bladder function and voiding frequency associated with behavioral and drug treatment for urge incontinence and to examine whether these variables mediate the positive effects of treatment on the frequency of incontinence. DESIGN: Randomized, double-blinded, placebo-controlled, clinical trial. Eligible patients were stratified according to type of incontinence (urge only vs mixed urge and stress) and severity of incontinence (frequency of accidents as documented in bladder diary). SETTING: University-based outpatient geriatric medicine clinic. PARTICIPANTS: One hundred five ambulatory, nondemented, community-dwelling women; mean age 67.0 (range 55-91); 98% white, 2% African American. INTERVENTION: Four sessions (over 8 weeks) of biofeedback-assisted behavioral training, drug treatment with individually-titrated oxybutynin chloride, or a placebo control condition. MEASUREMENTS: Two-channel cystometry was performed to determine threshold volumes for first desire to void (FDV), strong desire to void (SDV), bladder capacity, and the volume at which detrusor instability (DI) or leakage occurred, before randomization and after completion of treatment. Two-week bladder diaries were used before and after treatment to document episodes of incontinence and voiding frequency. RESULTS: Bladder capacity increased by 68.9 mL in the oxybutynin group (P <.001) and 17.3 mL in the behavior group and decreased 6.0 mL in the control group. SDV increased 69.9 mL in the oxybutynin group (P <.001), 40.5 in the behavior group (P <.05), and 7.8 mL in the control group. FDV increased by 44.4 mL in the oxybutynin group (P <.001), 18.8 mL in the behavior group, and 8.9 mL in the control group. One of seven patients who presented with DI (12.0%) resolved in the behavior group, seven of eight (87.5%) resolved in the oxybutynin group, and seven of 12 (58.3%) resolved in the control group. These differences were not statistically significant. Voiding frequency was significantly reduced after treatment in both the behavior and the oxybutynin group. Behavioral training resulted in a mean 82.3% reduction in frequency of accidents, oxybutynin (final doses 2.5 mg daily to 5 mg three times a day) resulted in a mean 78.3% reduction, and the control condition resulted in a mean 51.5% reduction (P =.002). Although oxybutynin and behavioral treatment were both effective, and oxybutynin increased SDV and bladder capacity, the structural equation modeling did not demonstrate that the clinical improvement was mediated through the effects of these treatments on urodynamic or voiding frequency measures. CONCLUSIONS: Studies using more-complex urodynamics and studies with larger sample sizes are needed to better characterize changes in bladder function and explore other urodynamic changes that may accompany treatment. In addition, other factors, both physiological and behavioral, need to be explored as mechanisms by which conservative therapies improve urge incontinence.",1
W2047440100,Use of Anticholinergic Medications by Older Adults with Dementia,"OBJECTIVES: To compare the prevalence of anticholinergic use in older adults with probable dementia with that of a matched comparison group of older adults who were unlikely to have dementia and to examine the extent to which patients taking donepezil concomitantly use anticholinergic medications. DESIGN: Retrospective study. SETTING: Community-based older adults receiving medications through a pharmacy benefit management company. PARTICIPANTS: Eight hundred thirty-six patients aged 65 and older. Patients taking donepezil (n = 418) constituted the treatment group. Patients not taking donepezil (n = 418) constituted the comparison group. Each treatment group member was matched with a comparison group member on the basis of age, sex, and number of drugs taken for chronic conditions. MEASUREMENTS: The prevalence of anticholinergic use was compared in the treatment and comparison groups over a 3- to 12-month follow-up period using pharmacy claims data. The proportion of follow-up period days that treatment group members concomitantly used donepezil and anticholinergics was also examined. RESULTS: Older adults with probable dementia were more likely to use anticholinergics than matched comparison group patients (33.0% vs 23.4%; P =.001). Of treatment group members receiving anticholinergics, 26.1% used multiple anticholinergic medications. Treatment group members who received anticholinergics used those drugs concomitantly with donepezil on a mean of 28.4% of follow-up period days. CONCLUSIONS: Community-based, commercially insured, older adults with probable dementia are more likely to take anticholinergics than matched controls. Patients taking donepezil frequently use an anticholinergic medication concomitantly. This study suggests that prescribing for older adults with dementia could be improved, especially if cognitive enhancing agents are being considered.",0
W2010407222,Incorrect Assumption Regarding the Mechanism of Action of Flavoxate,"To the Editor: In the article “Association Between Oxybutynin and Neuropsychiatric Adverse Effects Not Confirmed in Daily Practice,”1 the authors predicate their claims on the assumption that flavoxate is a noncentrally active treatment for urge incontinence. This assumption is incorrect. Both flavoxate and oxybutynin are tertiary amines.2 Because of this chemical structure–activity relationship, both of these medications penetrate the blood-brain barrier. Incidences of neuropsychiatric adverse events are, in fact, reported for every pharmacotherapeutic agent used for urge incontinence and overactive bladder (OAB). Therefore, the assumption that flavoxate does not act in the central nervous system (CNS) and hence is less likely to cause neuropsychiatric adverse events does not appear to be valid.3,4 This assumption is predicated on the findings that, in addition to the peripheral muscle relaxant actions of flavoxate, helpful in treatment of urge incontinence, flavoxate acts in the CNS to suppress the micturition reflex of OAB. Flavoxate was found to act on the micturition center in the brain stem, increasing bladder capacity.4 Flavoxate also inhibits cyclic adenosine monophosphate formation in the rat striatal membranes of the brain,3 via the stimulation of pertussis toxin (PTX)-sensitive G protein–coupled receptors (e.g., adenosine A1, dopamine D2, and adrenaline α2 receptors). The PTX-sensitive G proteins in the brain seem to be involved in the flavoxate-induced suppression of isovolumetric rhythmic bladder contraction.3 Consistent with this argument, both of these drugs are reported5 to have the same incidence of neuropsychiatric adverse events (1–10%). These findings are not surprising, because both of these medications penetrate the blood-brain barrier and act in the CNS.",0
W2032216400,Urinary Antispasmodic Use and the Risks of Ventricular Arrhythmia and Sudden Death in Older Patients,"OBJECTIVES: The introduction of new medications to treat overactive bladder has resulted in a significant increase in the number of individuals with this condition who use medications for symptoms. Formal epidemiological studies of the safety of these medications in typical patient populations are lacking, particularly studies of serious events. We sought to determine whether the use of urinary antispasmodics increases the risk of ventricular arrhythmias or sudden death. DESIGN: Retrospective cohort study. SETTING: Retrospective analysis of data of participants in community, hospital or nursing home setting. PARTICIPANTS: Fourteen thousand six hundred thirty-eight subjects with a diagnosis of urinary incontinence made between January 1, 1991, and June 30, 1995; all were aged 65 and older and enrolled in Medicare and Medicaid or the Pharmacy Assistance for the Aged and Disabled programs of New Jersey. MEASUREMENTS: Filled prescriptions for oxybutynin (Ditropan), flavoxate (Urispas), hyoscyamine (Cystospas), and hyoscyamine sulfate (Cystospas-M) were used to define days of exposure to these drugs. We also identified all use of nonsedating antihistamines and cytochrome P450 3A4 inhibitors, and their concurrent use, to serve as a positive control exposure. Two outcomes were then defined: a new diagnosis of ventricular arrhythmia combined with initiation of an antiarrhythmic medication and sudden death. Other covariates, including clinical, demographic, medication use, and healthcare utilization variables, were also assessed. Adjusted risk ratios of ventricular arrhythmia and sudden death were derived from multivariable Cox proportional hazards models. RESULTS: There was no significant association between periods of use of urinary antispasmodics and the development of ventricular arrhythmias (adjusted risk ratio (RR) = 1.23, 95 confidence interval (CI) = 0.87-1.75) or sudden death (adjusted RR = 0.70, 95% CI = 0.28-1.74). A significantly increased risk of ventricular arrhythmia was observed for the positive control regimen, concurrent use of nonsedating antihistamines and cytochrome P450 3A4 inhibitors (adjusted RR = 5.47; 95% CI = 1.34-22.26), but not for use of either drug group alone. Concurrent use of nonsedating antihistamines and cytochrome P450 3A4 inhibitors was also associated with a significant increase in the risk of sudden death (adjusted RR = 21.50, 95% CI = 5.23-88.37). Other variables significantly associated with ventricular arrhythmia included ischemic heart disease and congestive heart failure, whereas nursing home use before the index date was associated with a decreased likelihood of receiving a diagnosis of and treatment for ventricular arrhythmia. Other variables significantly associated with sudden death included male gender, black race, and congestive heart failure. CONCLUSIONS: Antimuscarinic urinary antispasmodics available before 1996 were not associated with an increased risk of ventricular arrhythmias and sudden death. Additional study will be required to confirm these results, exclude the possibility of unmeasured confounders contributing to any lack of an observed relationship, and extend these findings to newer agents such as tolterodine.",1
W1983263067,Overactive Bladder Patients and the Role of the Pharmacist,,0
W2005666780,Sexual and urological dysfunction in multiple sclerosis: better understanding and improved therapies,"The fundamental strategy in treating multiple sclerosis patients with unstable bladders involves a combination of suppressing urgency and ensuring effective urinary drainage. Anti-cholinergics remain the first-line treatment, but alternative therapies are undergoing clinical trials. With a range of new pro-erectile oral medications available, interest has grown in treatment of multiple sclerosis-related erectile failure. Female sexual dysfunction is also now gaining some attention, with new classification criteria and methods for assessing and treating these patients.",0
W2097466872,Treatment interventions for Parkinson's disease: an evidence based assessment,,0
W2056717611,Tolterodine: As effective but better tolerated than oxybutynin in Asian patients with symptoms of overactive bladder,"BACKGROUND: This double-blind, multicenter study compared the efficacy and tolerability of tolterodine (Pharmacia, Los Angeles, USA) with that of oxybutynin (Alza, Palo Alto, USA) in Asian patients with overactive bladder. METHODS: Two-hundred-and-twenty-eight adults with overactive bladder symptoms were randomized to receive tolterodine 2 mg twice daily (bid) (n = 112) or oxybutynin 5 mg bid (n = 116). After 8 weeks' treatment, changes in micturition diary variables, patients' perception of treatment benefit, and tolerability endpoints were determined. RESULTS: The mean (+/- SD) number of micturitions/24 h decreased by 2.6 +/- 2.9 (-21%) with tolterodine and 1.8 +/- 4.2 (-15%) with oxybutynin (both P = 0.0001 vs baseline). The mean number of incontinence episodes/24 h decreased by 2.2 +/- 2.3 (-85%) in the tolterodine group and by 1.4 +/- 1.8 (-58%) in the oxybutynin group (both P = 0.0001 vs baseline). Patient perception of treatment benefit was over 70% in each treatment group. Adverse events were significantly lower in the tolterodine group compared with oxybutynin-treated patients (55% vs 82%; P = 0.001). Dry mouth was reported by significantly fewer patients on tolterodine, compared with oxybutynin (35% vs 63%; P = 0.001) and withdrawals due to adverse events were lower in the tolterodine group than with those treated with oxybutynin (10% vs 16%). There were no safety concerns. CONCLUSIONS: Tolterodine 2 mg bid is equally or more effective than oxybutynin 5 mg bid in the treatment of Asian patients with overactive bladder, and shows significantly better tolerability. This may enhance compliance during long-term treatment.",1
W2088252790,"Long-Term Safety, Tolerability and Efficacy of Extended-Release Tolterodine in the Treatment of Overactive Bladder",,1
W2052790257,Current pharmacotherapeutic strategies for overactive bladder,"Overactive bladder (OAB) is a chronic, distressing condition characterised by symptoms of urgency (sudden overwhelming urge to urinate) and frequency (urinating more than eight times daily), with or without urge urinary incontinence (sudden involuntary loss of urine). It affects millions of people of all ages and both sexes world wide, with greater prevalence in women and the elderly. The treatment of OAB is aimed at reducing debilitating symptoms, which have a significant effect on all aspects of an individual's quality of life, including social, domestic, psychological, occupational, physical and sexual functioning. Anticholinergic agents are currently recommended as first-line therapy for OAB. Their use results in significant clinical improvement in patients, although a lack of selectivity for receptors in the bladder may lead to troublesome side effects, including dry mouth, blurred vision, somnolence, dizziness and constipation. Recent research efforts have focused on developing drugs with a reduced propensity for causing these problems. Of the available anticholinergic agents, oxybutynin and tolterodine are the most widely used to treat OAB. Studies directly comparing tolterodine immediate-release (IR) with oxybutynin IR have shown that the two agents have similar efficacy. However, tolterodine IR is significantly better tolerated, particularly with respect to the incidence and severity of dry mouth. An extended-release formulation of tolterodine (4 mg capsules) has recently been developed to allow for once-daily dosing. In addition to greater convenience, tolterodine extended-release has shown enhanced efficacy and tolerability compared with tolterodine IR.",0
W2072002274,RISK OF DELIRIUM WITH CONCOMITANT USE OF TOLTERODINE AND ACETYLCHOLINESTERASE INHIBITORS,"To the Editor: Anticholinergic drugs can cause disorientation, confusion, delirium, memory impairment, and obtundation in older patients who may be susceptible to the inhibition of acetylcholine.1 Even in normal, healthy adults, some anticholinergic medications can interfere with attention and learning.2 In the recent article by Maline-Lee et al., tolterodine was shown to have a low incidence of central nervous system (CNS) side effects.3 The relatively low penetration into the CNS, due to the tolterodine's low lipophilicity may account for this. Nevertheless, tolterodine is not free of potential significant CNS side effects, as shown below. We describe three cases of acute anticholinergic-induced delirium by tolterodine in patients taking acetylcholinesterase inhibitors (AChEI) for treatment of dementia. An 82-year-old man with a 3-year history of Alzheimer's disease had been taking donepezil 5 mg at bedtime for 2 months. The patient was ambulatory and was able to feed and dress himself with some assistance. He was prescribed tolterodine for urinary incontinence. Within a week after initiating this drug, the patient became acutely delusional and aggressive. The tolterodine was discontinued and the patient returned to his baseline status within 48 hours. An 82-year-old woman taking rivastigmine 6.0 mg twice a day for Alzheimer's disease had been stable and in an assisted living situation for 3 years. She began taking tolterodine for symptoms of urinary incontinence. Within 1 week, she became agitated and anxious and experienced panic attacks, increased confusion, and frank delusions. She could not be comforted. She was then given two 0.5 mg doses of lorazepam without any improvement. Two days after discontinuing the lorazepam, tolterodine was discontinued, and, within 24 hours, the patients agitation, delirium, and panic attacks subsided. She was maintained on rivastigmine throughout this period. An 82-year-old man with a 10-year history of Parkinson's disease and a 2-year history of dementia had been taking donepezil 10 mg daily for 2 years. After experiencing symptoms of urinary urgency, he was prescribed tolterodine 2 mg twice a day. Within 2 weeks of initiating tolterodine, the patient became progressively disoriented and confused. After experiencing several falls, he was brought to a local emergency department by family members and was seen by one of the authors. In the emergency department, he was combative and disoriented. Serum electrolytes, liver enzymes, urinalysis, and culture were unremarkable. Computed tomography scan was normal except for generalized atrophy. Tolterodine was discontinued, and, within 24 hours, the patient returned to his baseline status. Anticholinergic drugs decrease acetylcholine activity in the brain by blocking cholinergic receptors. Older patients are especially susceptible to drug-induced cognitive impairment because of age-related decrements in acetylcholine. A rapid decrease in acetylcholine activity produced by anticholinergic drugs in the brain of an older patient can result in acute delirium, confusion, disorientation, memory impairment, and obtundation. Anticholinergic drugs such as oxybutynin, atropine, and scopolamine have been known to cause these reactions in older patients, even in patients who do not show signs of clinically apparent dementia. Other classes of drugs with anticholinergic effects such as tricyclic antidepressants may have delirium and other cognitive problems as side effects. In an older patient on AChEI therapy for dementia, the addition of an anticholinergic medication such as tolterodine can be debilitating. Because of their opposing actions, the combination of these two classes of medications presents at least a probable drug-drug interaction in the CNS. Even though their effects on acetylcholine levels in the brain might seem simply to cancel each other out, the anticholinergic action effectively depletes the brain of acetylcholine. In our patients, this drug-drug interaction seemed to precipitate a state of cholinergic neurogenic hypersensitivity similar to that often observed with sudden withdrawal of an AChEI. Furthermore, recent studies have shown that the total burden of anticholinergic drugs, rather than any single event, may determine development of delirium.4 Tolterodine is often promoted as “better tolerated” than other anticholinergic medications. This medication is a competitive muscarinic receptor antagonist with anticholinergic effects and may have some proven selectivity for receptors in the urinary bladder. Although a number of studies have shown a decreased incidence of side effects with tolterodine than with oxybutinin,5 our cases demonstrate that, in patients taking an AChEI for dementia due to a cholinergic deficit, tolterodine can cause a state of clinically significant delirium. Anticholinergic drugs should be used only with extreme caution in older patients. These medications, and tolterodine in particular, should be strictly avoided in dementia patients receiving therapy with an AChEI.",0
W1991693093,The minor population of M<sub>3</sub>‐receptors mediate contraction of human detrusor muscle <i>in vitro</i>,"1 The objective was to determine the role of muscarinic receptor subtypes in mediating contraction of the human detrusor smooth muscle in vitro. 2 Contractile responses of human detrusor muscle strips to carbachol were obtained in the absence and presence of a range of muscarinic antagonists (pirenzepine, methoctramine, 4-diphenylacetoxy-N-methyl piperidine methiodide (4-DAMP), tropicamide, oxybutynin and tolterodine). Affinity estimates (pKB values) were calculated for the antagonists and correlated with values at the cloned muscarinic receptor subtypes quoted in the literature. 3 Pirenzepine, methoctramine and tropicamide drugs that have high affinities at M1, M2 and M4-receptors, respectively, all had low affinities on the human detrusor (pKB values of 6.8, 6.9 and 6.5, respectively), whilst the M3-selective antagonist 4-DAMP had a high affinity (9.5). Schild plots for all four antagonists had slopes of unity indicating an action at a single receptor. Oxybutynin and tolterodine also acted as competitive antagonists with affinity estimates of 7.6 and 8.1, respectively. 4 When the antagonist affinities obtained on the bladder were plotted against the values published for these antagonists at the cloned muscarinic receptor subtypes, the best correlations were obtained for the m3- and m5-muscarinic receptor subtypes. 5 These data suggest that direct contractile responses of the human detrusor muscle to muscarinic receptor stimulation in vitro are mediated solely via the M3-muscarinic receptor subtype with no contribution from the major M2-receptor population.",0
W1994653403,Efficacy and Safety of Transdermal Oxybutynin in Patients With Urge and Mixed Urinary Incontinence,"PURPOSE: We evaluated the efficacy and safety of an oxybutynin transdermal delivery system (TDS) in a general population of patients with overactive bladder and urge or mixed urinary incontinence. MATERIALS AND METHODS: Following symptom stabilization or treatment withdrawal 520 adult patients were randomized to 12 weeks of double-blind daily treatment with 1.3, 2.6 or 3.9 mg. oxybutynin TDS or placebo administered twice weekly, followed by a 12-week open-label, dose titration period to assess efficacy and safety further. Evaluations included patient urinary diaries, incontinence specific quality of life and safety. RESULTS: A dose of 3.9 mg. daily oxybutynin TDS significantly reduced the number of weekly incontinence episodes (median change -19.0 versus -14.5, p = 0.0165), reduced average daily urinary frequency (mean change -2.3 versus -1.7, p = 0.0457), increased average voided volume (median change 24 versus 6 ml., p = 0.0063) and significantly improved quality of life (Incontinence Impact Questionnaire total score, p = 0.0327) compared with placebo. Average voided volume increased in the daily 2.6 mg. group (19 ml., p = 0.0157) but there were no other significant differences between 1.3 and 2.6 mg. oxybutynin TDS and placebo. The most common adverse event was application site pruritus (oxybutynin TDS 10.8% to 16.8%, placebo 6.1%). Dry mouth incidence was similar in both groups (7.0% versus 8.3%, p not significant). In the open-label period a sustained reduction of nearly 3 incontinence episodes per day was reported for all groups. CONCLUSIONS: Doses of 2.6 and 3.9 mg. oxybutynin TDS daily improve overactive bladder symptoms and quality of life, and are well tolerated. Transdermal oxybutynin is an innovative new treatment for overactive bladder.",0
W2131653356,Medical therapy for the overactive bladder in the elderly,"The overactive bladder is the commonest underlying bladder disorder causing urinary incontinence in elderly people. Management of the condition relies upon a holistic assessment of the problem, lifestyle adjustment, behavioural management and drug therapy. The majority of currently available drugs rely on their anti-muscarinic properties for efficacy. Both behavioural techniques and drug therapy are effective in treatment of the elderly and each modality has a particular role to play in successful treatment and maintenance of this condition.",0
W2013875767,"Inappropriate Drug Prescribing in Home-Dwelling, Elderly Patients","BACKGROUND: In 1997, a US expert panel developed explicit criteria on potentially inappropriate drugs for the general elderly population. OBJECTIVE: To investigate the proportion of inappropriate medications among home-dwelling, elderly patients in Helsinki, Finland, between November 1, 1998, and March 31, 1999. METHODS: A cross-sectional mail survey was sent to a random sample of 3921 elderly urban residents aged 75, 80, 85, 90, and 95 years. Of these, 3219 were home dwellers. MAIN OUTCOMES MEASURES: Prevalence of potentially inappropriate drugs and prevalence of drugs considered inappropriate related to 15 common medical conditions according to recommendations given by the expert panel in 1997. RESULTS: The response rate was 78%. Of the respondents, 12.5%, 1.3%, and 0.2% were taking at least 1, 2, or 3 inappropriate drugs, respectively. The most prevalent inappropriate drugs were dipyridamole (3.6%), long-acting benzodiazepines (2.6%), amitriptyline hydrochloride (1.6%), ergot mesyloids (1.6%), muscle relaxants (1.2%), and meprobamate (1.1%). Use of medications considered inappropriate with certain medical conditions was higher: 27.2% of patients with chronic obstructive pulmonary disease were taking beta-blockers and 19.3% used sedatives. Of diabetic individuals taking oral hypoglycemics or insulin, 32.5% were taking a concomitant beta-blocker. Of those with a peripheral vascular disease, 37.9% were taking beta-blockers. However, two thirds of all these patient groups had concomitant coronary heart disease. CONCLUSIONS: Compared with previous surveys, the use of inappropriate medications in our home-dwelling, elderly population is conspicuously low. In contrast, use of certain drugs considered inappropriate with different medical conditions was relatively high. However, the inappropriateness of the latter treatments may be questioned in individual patients.",0
W1694896802,A randomized controlled trial of tolterodine and oxybutynin on tolerability and clinical efficacy for treating Chinese women with an overactive bladder,"Objective To compare the tolerability and clinical efficacy of tolterodine and oxybutynin in the treatment of Hong Kong Chinese women with an overactive bladder. Patients and methods A randomized controlled trial was conducted at two urogynaecology centres in Hong Kong. In all, 106 women with urodynamically confirmed detrusor instability were recruited. Baseline severity assessments included a visual analogue scale (VAS), urinary diary and urinary pad-test. The women were randomized to receive either oral tolterodine 2 mg or oxybutynin 5 mg twice daily for 10 weeks. Treatment responses were assessed at 4 and 10 weeks using the VAS and urinary diary. Treatment tolerability was assessed at baseline, 4 and 10 weeks using the Xerostomia Questionnaire. A urinary pad-test was repeated at 10 weeks. Results The perceived change from baseline VAS was better in the tolterodine than the oxybutynin group after 10 weeks of treatment (per-protocol analysis, P = 0.043). The two drugs were effective in reducing the symptoms of frequency (P < 0.001). Tolterodine was significantly better than oxybutynin in reducing urinary leakage (urinary pad-test; median change - 5.00 g vs 0 g, P = 0.019). Both drugs caused a significant worsening of dry mouth (overall dryness, P < 0.005; discomfort, P < 0.005; sleep, P = 0.021; speaking, P = 0.045; swallowing, P = 0.004; and liquid consumption, P = 0.017). Conclusions Both oxybutynin and tolterodine were effective in ameliorating the severity of the symptoms of detrusor instability. Tolterodine was better than oxybutynin in both subjective and objective outcome measures, but both drugs caused similar worsening of dry mouth that may limit the tolerability of these medications.",1
W2127743572,Does Gender or Age Affect the Efficacy and Safety of Tolterodine?,"PURPOSE: We compared the importance of patient age and gender relative to the intensity of baseline symptoms of overactive bladder in the therapeutic response to the muscarinic receptor antagonist tolterodine. MATERIALS AND METHODS: Data from an open label, observational study of 2,250 patients with overactive bladder treated for 12 weeks with tolterodine were analyzed for alterations in frequency, urgency and urge incontinence, and for global efficacy and tolerability using logistic regression analysis, stratifying for gender, age, baseline symptom intensity and tolterodine dose. RESULTS: Gender or tolterodine dose were not consistently associated with altered treatment efficacy. Greater age was associated with a slight but statistically significant decrease in treatment efficacy. Patients with great baseline symptom intensity had greater treatment associated improvement but a lesser chance to become symptom-free. Even with a large number of patients no statistically significant gender or age associated alterations in the tolerability of tolterodine treatment were detected. CONCLUSIONS: The extent of the therapeutic response to tolterodine is largely determined by the extent of baseline symptoms. While gender does not affect the efficacy or tolerability of tolterodine in a clinically relevant manner, advanced age is associated with a slight decrease in efficacy but not in tolerability.",1
W2398618739,The potential of pill splitting to achieve cost savings.,"OBJECTIVES: To present a methodology for identifying specific medications for which pill splitting is clinically appropriate and cost saving, to present data from a commercial managed care population on current pill-splitting practices, and to estimate additional cost savings from extended use of this strategy. STUDY DESIGN: Retrospective pharmacy claims analysis. METHODS: Pharmacy claims data from a commercial managed care health plan covering 19,000 lives and national drug data were used to compile a list of frequently prescribed medications. Excluding medications in which packaging, formulation, and potential adverse pharmacologic outcomes prohibited splitting, we performed a cost analysis of medications amenable to splitting. RESULTS: Eleven medications amenable to pill splitting were identified based on potential cost savings and clinical appropriateness: clonazepam, doxazosin, atorvastatin, pravastatin, citalopram, sertraline, paroxetine, lisinopril, nefazadone, olanzapine, and sildenafil. For these medications, pill splitting is currently infrequent, accounting for annual savings of $6200 (or $0.03 per member per month), just 2% of the potential $259,500 (or $1.14 per member per month) that more comprehensive pill-splitting practices could save annually. CONCLUSIONS: Pill splitting can be a cost-saving practice when implemented judiciously using drug- and patient-specific criteria aimed at clinical safety, although this strategy is used infrequently.",0
W2144784074,"Characterization of a new muscarinic receptor antagonist PNU-171990 in guinea pig, cat and human smooth muscle",,0
W1967444055,Pharmacologic Options for the Management of Multiple Sclerosis Symptoms,"Multiple sclerosis (MS) is a disease with a wide-ranging impact on physical functioning. Although pharmacotherapy plays an indispensable role in the management of MS symptoms, optimal disease management requires a multidisciplinary approach that combines medication, rehabilitation, and patient education. Successful control of symptoms is critical to quality of life for MS patients. Immunomodulating drugs provide a means of controlling the underlying disease process, but they are not a cure. This places responsibility on health care providers to control a patient's MS-related symptoms to limit disability and delay impairment in the activities of daily living. Owing to the importance of symptom control, comprehensive patient evaluations should be performed at regular intervals to determine the extent of neurological damage and disease progression and to address changing patient needs. The goal of interventions should be not only to treat the primary and secondary symptoms of MS but also to provide access to the psychosocial support that will help MS patients and their families continue to cope as disease status changes.",0
W2114645532,Urinary tract infections in adult general practice patients.,"Urinary tract infections (UTIs) are symptomatic infections of the urinary tract, mainly caused by the bacterium Escherichia coli. One in two women suffers from a UTI at least once in her life. The young and sexually active are particulaly affected, but it is also seen in elderly, postmenopausal women. The likelihood of recurrence is high. Diagnosis is made with regard to typical complaints and the presence of leucocytes and nitrites in the urine. A culture is unnecessary in most cases. Uncomplicated UTI should be distinguished from complicated UTI, which has a risk of severe illness. The treatment of choice--short-term therapy with trimethoprim or nitrofurantoin--is successful in over 80% of the cases. Co-trimoxazol fluoroquinolones or cephalsporins are not considered first-choice drugs. There are indications that general practitioners' (GPs') management of UTI is not always optimal, specifically concerning diagnostic tests, the application of second-choice antibiotics, and the length of prescribed treatment courses. Many points relevant to GPs requirefurther research, such as epidemiology and resistance of urinary pathogens in the community and natural history of UTI, as well as optimal management in elderly or complicated patients and men.",0
W1990609694,A Benefit-Risk Assessment of Extended-Release Oxybutynin,,0
W2012078196,Treatment of overactive bladder: The antimuscarinic clinical effectiveness trial,,0
W2079098771,Pharmacologic treatment for detrusor overactivity,,0
W2000715995,The subtypes of muscarinic receptors for neurogenic bladder contraction in rats,,0
W2036853427,Office Assessment of Patient Outcome of Pharmacologic Therapy for Urge Incontinence,,0
W2168899164,Three screening batteries to detect cognitive impairment in multiple sclerosis,"To compare the sensitivities for detecting cognitive impairment in patients with multiple sclerosis (MS) and administration times of three brief batteries of neuropsychological tests, 64 patients with MS completed the Neuropsychological Screening Battery for Multiple Sclerosis (NPSBMS), the Screening Examination for Cognitive Impairment (SEFCI), and the Repeatable Battery for the Assessment of Neuropsychological Status (RBANS). Failure on a particular test was defined as a score below the 5th percentile for healthy controls, and the number of patients who failed at least one or two tests (out of four) was determined for each battery. Both the SEFCI and the NPSBMS identified significantly more patients with impairment than the RBANS, which was no more sensitive than the Mini-Mental State Exam (MMSE). Results were similar at both the one- and two-failed-tests criteria, but there were no significant differences between the SEFCI and the NPSBMS at either failure criterion. Mean administration time was 22.6 min for the SEFCI compared to 31.7 min for the NPSBMS (p < 0.001). Eleven (17%) of the patients refused to attempt the Paced Auditory Serial Addition Test (PASAT), one component of the NPSBMS. For screening patents on a single occasion, the SEFCI is preferred because its administration time is shorter than the NPSBMS.",0
W2069813136,The newer antimuscarinic drugs: bladder control with less dry mouth.,"Two newer antimuscarinic anticholinergic drugs--tolterodine and extended-release oxybutynin--are approximately as effective in treating overactive bladder as immediate-release oxybutynin, but are more tolerable. I review clinical trial data on the newer agents.",0
W2126511276,Individualized Drug Use Assessment in the Elderly,"STUDY OBJECTIVE: To quantify how seniors' ability to take oral prescription drugs safely may correlate with age, sex, socioeconomic status, education, cognitive impairment, depression, and drug self-management. DESIGN: Cross-sectional study SETTING: Three retirement communities and an adult day care center. PATIENTS: Fifty-seven elderly individuals (mean age 79.49 +/- 7.26 yrs; mean education 11.33 +/- 3.8 yrs; 72% women). INTERVENTION: After completing a comprehensive medical history, and with drug vials and pillboxes available for consultation, each subject described how he or she was taking prescribed oral drugs. MEASUREMENTS AND MAIN RESULTS: The MedTake test evaluated dosage, indication, food or water coingestion, and regimen. For each agent, the test was scored as percentage of correct actions, equally weighted, and compared with label directions or self-expressed physician changes. A composite MedTake test score (0-100%) summarized a subject's overall ability to take their drug(s) safely A follow-up qualitative assessment by a single pharmacist assigned each agent to one of four potential risk categories: correct use, partial correct use without potential clinical significance, partial correct use with potential clinical significance, or incorrect use with high potential of clinical significance. Most subjects (80%) managed their own drug therapy; 70% used reminder systems (calendar, pillbox). The number of medical conditions and prescription drugs was 6.11 +/- 4.2 and 5.88 +/- 3.44, respectively. Of 325 agents, correct dosage was reported for 94% (306), correct indication for 95% (309), correct coingestion with food or water for 97% (314), and correct regimen for 89% (288). The composite MedTake test score was 88.5 +/- 21.3%. The multivariate model, with that score as the dependent variable, adjusted for age and sex, used Mini-Mental State Examination (p = 0.002) and Medicaid assistance within 10 years (p = 0.021) as significant factors. The most frequent problem was underdosing of cardiovascular drugs. CONCLUSION: Seniors' ability to take oral prescription drugs safely was affected by cognitive function and socioeconomic status. Although the MedTake test helped identify some problems with therapy adherence, a pharmacist's follow-up evaluation of comprehensive medical and drug histories identified additional potentially clinically significant problems in 20% of subjects.",0
W1989542911,Current and Future Pharmacological Treatment for Overactive Bladder,"PURPOSE: Urinary incontinence and overactive bladder are important and common conditions that have received little general medical attention. We reviewed the magnitude and impact of these conditions, and discuss pharmacotherapy as well as new drugs under investigation. MATERIALS AND METHODS: The main emphasis of this review is pharmacological therapy for the bladder. We discuss currently available agents, drugs under development and pharmacological targets that would be suitable targets for treating overactive bladder. Drugs such as duloxetine that target not bladder smooth muscle, but rather central nervous system control of the micturition reflex are undergoing clinical trials. We also discuss intravesical therapy and alternative drug delivery methods, such as intravesical capsaicin and botulinum toxin, with special emphasis on approaches to modulate bladder afferent nerve function for preventing overactive bladder. RESULTS: There are many advantages to advanced drug delivery systems, including long-term therapeutic efficacy, decreased side effects and improved patient compliance. Future speculation such as gene therapy holds great promise for overactive bladder because it is possible to access all genitourinary organs via endoscopy and other minimally invasive techniques that are ideally suited for gene therapy. CONCLUSIONS: Traditional anticholinergic therapies are limited in their effectiveness. There is great hope for future research regarding voiding dysfunction and urinary incontinence through a focus on afferent nerve intervention for preventing overactive bladder.",0
W2025492564,Giggle incontinence in children: a manifestation of detrusor instability.,"PURPOSE: To our knowledge the prevalence and cause of giggle incontinence in children is not known. We hypothesized that laughter may induce unstable detrusor contractions in children susceptible to detrusor instability. We evaluated the prevalence of diurnal voiding symptoms of urinary urgency, urge incontinence, pelvic withholding maneuvers and hesitancy in patients with giggle incontinence, the prevalence of giggle incontinence in patients with diurnal voiding symptoms, the prevalence of the 2 conditions in first degree relatives of patients with giggle incontinence, the influence of treatment for detrusor instability on the frequency of giggle incontinence and the prevalence of diurnal voiding symptoms in control children with giggle incontinence. MATERIALS AND METHODS: Of 1,421 children 5 to 15 years old referred to the pediatric nephrology department for various problems 109 were diagnosed with giggle incontinence and 460 had diurnal voiding symptoms. A total of 627 children visiting the pediatrician office whose parents completed a survey questionnaire served as controls. RESULTS: Diurnal voiding symptoms were noted in 95% of the patients with giggle incontinence, while giggle incontinence was noted in 23% of those with diurnal voiding symptoms. Of the patients with giggle incontinence a positive family history for that entity and diurnal voiding symptoms was noted in 13% and 28%, respectively. Giggle incontinence improved in all patients after treatment for detrusor instability and it resolved completely in 89%. Giggle incontinence recurred with a relapse of diurnal voiding symptoms in 28 cases and improved with improved diurnal voiding symptoms during modification of therapy. Diurnal voiding symptoms were present in 43% of the 157 controls with giggle incontinence. CONCLUSIONS: Giggle incontinence results from detrusor instability induced by laughter and it improves with effective treatment of detrusor instability.",0
W1984484078,Conservative management in neurogenic bladder dysfunction,"PURPOSE OF REVIEW: A few decades ago, urinary diversion, usually with an ileal conduit, was the ultimate outcome for most children with spina bifida. The revolutionary institution of clean intermittent catheterization has changed the algorithm totally. Furthermore many new drugs have been developed during the past decade and have decreased the need for surgery dramatically. In this article, we will focus on the most recent data on new modalities of therapy to help avoid urinary diversion or bladder augmentation. RECENT FINDINGS: In addition to clean intermittent catheterization and oxybutynin treatment, a new generation of anticholinergic medications, such as tolterodine, has been developed. For patients who drop out because of the side-effects of oral administration, new methods of administration are now available, including extended release and intravesical instillation. For those unresponsive, botulinum-A toxin and resiniferatoxin are two relatively new drugs in the field, administered as intravesical injection and instillation, respectively. Intravesical or transdermal electrical stimulation, sacral nerve stimulation and biofeedback therapy are under development, but as currently administered, are not yet completely successful. SUMMARY: Although life-saving in many respects, bladder augmentation introduces life-long risks of its own. Our goal in describing 'conservative' management is to prevent this step. Many alternatives to surgery are available now and more effective strategies are under development.",0
W2004151102,Drug therapy of urinary urge incontinence: a systematic review,"OBJECTIVE: To review the efficacy of drug therapy for urinary urge incontinence by examining the published literature. METHODS OF STUDY SELECTION: In October 1999, we searched the medical databases MEDLINE, EMBASE, and Cochrane Controlled Trials Register to identify prospective randomized, double-blind, placebo-controlled clinical trials in the English literature evaluating drug therapy (except hormonal therapy) of urinary urge incontinence. Trials were categorized by type of drug and outcome variables. TABULATION, INTEGRATION, AND RESULTS: Forty-seven trials were identified. Twenty-four, 12, and 11 trials evaluated anticholinergic drugs, drugs with anticholinergic and calcium antagonistic properties, and alternative regimens, respectively. Data regarding treatment effects of anticholinergic drugs are consistent with a high therapeutic efficacy and characteristic side effects. Therapeutic efficacy and side effect patterns of terodiline, an agent with anticholinergic and calcium antagonistic properties, were comparable to those of anticholinergic agents. Terodiline, however, has been withdrawn from the market because of its association with cardiac arrhythmia. Of the investigated alternative drug regimens, the papaverine-like smooth muscle relaxant flavoxate was reported to be ineffective. Studies investigating the dopamine agonist bromocryptine, the alpha-adrenoceptor blocker prazosin, or the gamma-aminobutyric acid receptor agonist baclofen showed subjective and/or objective improvement of symptoms without reaching statistical significance, whereas the tricyclic antidepressant doxepin, the neurotoxin capsaicin, and the prostaglandin synthase inhibitor flurbiprofen led to statistically significant subjective and/or objective improvement of symptoms. No data for subjective and/or objective improvement of symptoms could be extracted from the studies using the anticholinergic and calcium antagonistic agent propiverine and the calcium antagonist thiphenamil. CONCLUSION: Published trials support anticholinergic drugs as efficacious therapy for urinary urge incontinence, with predictable side effects. At present, these agents represent the pharmacological treatment of choice for this condition. The potential value of selected alternative drugs is underscored by the available data.",0
W2028218322,Methodologic shortcomings inherent in a post-hoc analysis,,0
W2027140935,Advances in drug delivery: Improved bioavailability and drug effect,,0
W2031843296,Presumed rapid eye movement behavior disorder in Machado‐Joseph disease (spinocerebellar ataxia type 3),"Rapid eye movement behavior disorder (RBD) is a recently recognized sleep disorder in which patients are occasionally not paralyzed during the dream portions of sleep. When not idiopathic, this state has been associated primarily with parkinsonian conditions but also with a small number of medications and other neurodegenerative disorders. Dopamine deficiency may play a role in some patients. This report describes the occurrence of a syndrome that appears to be RBD in 6 of 7 patients followed with Spinocerebellar ataxia type 3 (Machado-Joseph disease). Polysomnography was normal in 1 patient. Two of these patients had had single photon emission computed tomographic imaging of the dopamine transporter 1 year previously.",0
W2009034391,Treatment of Neuropathic Urinary and Faecal Incontinence,"The author presents 14 children after meningomyelocoele repair with faecal and urinary incontinence, aged from 6 to 17 years who have undergone the MACE procedure. MACE with synchronous Mitrofanoff continent stoma creation was performed in one child with severe stenosis of the urethra. MACE with simultaneous bladder augmentation was used in 10 patients. 5 of them underwent colocystoplasty, 3 had ileocystoplasty and 2 ureterocystoplasty. Of these 10 children, three have additionally undergone the Mitrofanoff procedure. Patients' follow-up ranged from six months to two years. Three children had trouble with the MACE stoma because of its stenosis. One of them required revision of the stoma. All patients became clean and dry, and this operation improved not only their quality of life, but also their independence.",0
W2398087958,FEMALE STRESS AND URGE INCONTINENCE IN FAMILY PRACTICE: INSIGHT INTO THE LOWER URINARY TRACT,"As many as 25% of all women are affected by urinary incontinence, but only a few are treated. This frequent, often medically unrecognised, condition occurs in women of all ages. The continence mechanism is based on bladder detrusor control, intact anatomical structures in and around the urethra, correct positioning of the bladder neck and a comprehensive innervation of the lower urinary tract. Age and childbearing are established risk factors for the development of urinary incontinence, but other factors are currently suggested. The evaluation of urinary incontinence should include history, gynaecological examination, urine test, frequency-volume diary and a pad-weighing test. Female urinary incontinence can be treated in general practice by simple means, e.g. pelvic floor muscle training, bladder training, electrostimulation, drug therapy, or a combination of these approaches. This review updates the knowledge of the continence mechanism and summarises the epidemiology, risk factors, assessment and treatment of urinary incontinence in general practice.",0
W2098704248,Value of increase in bladder capacity in treatment of refractory monosymptomatic nocturnal enuresis in children,,0
W2069173681,Pharmacologic management of urinary incontinence in women,,0
W2061304051,Urinary incontinence in girls,,0
W1997978567,Augmentation Ureterocystoplasty in Bladder Exstrophy: 5-Year Follow-Up in Two Cases,,0
W2319902367,Significance of low compliance bladder in cauda equina injury,,0
W2084290813,Muscarinic receptor subtypes and management of the overactive bladder,,0
W2030175754,Are Urodynamic Tests Useful Tools for the Initial Conservative Management of Non-Neurogenic Urinary Incontinence? A Review of the Literature,,0
W2140082540,Influences on GPs' decision to prescribe new drugs--the importance of who says what,"OBJECTIVES: The aim of this study was to understand the range of factors that influence GPs' uptake of new drugs METHODS: A total of 107 GPs selected purposively from high, medium and low new drug prescribing practices in two health authorities in the north west of England were interviewed using the critical incident technique with semi-structured interviews. Interview topics included reasons for prescribing new drugs launched between January 1998 and May 1999; reasons for prescribing the new drug rather than alternatives; and sources of information used for each prescribed drug. RESULTS: Important biomedical influences were the failure of current therapy and adverse effect profile. More influential than these, however, was the pharmaceutical representative. Hospital consultants and observation of hospital prescribing was cited next most frequently. Patient request for a drug, and patient convenience and acceptability were also likely to influence new drug uptake. Written information was of limited importance except for local guidelines. GPs were largely reactive and opportunistic recipients of new drug information, rarely reporting an active information search. The decision to initiate a new drug is heavily influenced by 'who says what', in particular the pharmaceutical industry, hospital consultants and patients. The decision to 'adopt' a new drug is clinched by subsequent personal clinical experience. CONCLUSIONS: Prescribing of new drugs is not simply related to biomedical evaluation and critical appraisal but, more importantly, to the mode of exposure to pharmacological information and social influences on decision making. Viewed within this broad context, prescribing variation becomes more understandable. Findings have implications for the implementation of evidence-based medicine, which requires a multifaceted approach.",0
W121243939,Urinary incontinence in the geriatric population.,"BACKGROUND: Urinary incontinence is a widespread, yet potentially treatable, problem in the geriatric population. METHODS: We reviewed the geriatric and urologic literature to provide an update on the definition, diagnosis, and treatment of geriatric urinary incontinence. RESULTS: Urinary incontinence affects 15-30% of elderly individuals in the community and 50% of those living in nursing homes. Both age and gender affect bladder function, and incontinence affects females and males in a ratio of 2:1. Incontinence can be classified as urge, stress, overflow, functional, or mixed. There are many reversible causes of incontinence, and a thorough history and physical examination, including a complete voiding history and a tailored neuro-urologic examination, are required for accurate diagnosis. Treatment options include behavioral modification, medical therapy with anticholinergics or hormone replacement, and surgical intervention. CONCLUSIONS: Urinary incontinence, due to many causes, is a widespread problem among the elderly. Yet many of these causes are reversible with appropriate treatment, often by the primary care provider. Some patients may require urologic referral for sophisticated urodynamic studies and possible surgical intervention, in select cases.",0
W2120442987,Urinary incontinence in nursing homes for older people,At least 50% of nursing home residents in Britain and North America suffer from urinary incontinence. It is associated with resident and staff morbidity. The assessment and management of such residents will depend on the capacity of the care staff and the capability of the resident. The minimum data set and resident assessment protocol may have a role in the assessment of incontinent residents. Behavioural strategies are more likely to be beneficial than drug treatment.,0
W2465710641,"[""New wonder pill!""--what do Norwegian newspapers write].","BACKGROUND: The news media are an important source of information on new medical treatments. There is, however growing concern that some of the coverage may be inaccurate and overly enthusiastic, thereby misleading the general population. METHODS: Eight major Norwegian newspapers were screened for articles on the benefits and risks of all the 60 new medications introduced on the Norwegian market from July 1998 through March 2000. We found a total of 492 articles describing 18 new medications over the period January 1998 through June 2000. RESULTS: Of the 357 stories that mentioned benefits, 79% did not report this in any greater detail, 51% gave the medication a positive coverage, while 19% used overly enthusiastic terms like ""wonder pill"". 39% of the 492 stories pointed to potentially harmful effects of the medication while 27% mentioned costs. 174 stories cited at least one expert describing the effects of the medication, but only four of these stories disclosed financial ties between the expert and the manufacturer of the specific drug. Press releases from drug companies were cited twice as often as papers in medical journals. INTERPRETATION: The Norwegian news media usually given new medications an overly enthusiastic coverage, while there is incomplete information about the benefits, risks and costs of the drugs as well as about the financial ties between medical experts and the pharmaceutical industry.",0
W2332165793,Effect of Tolterodine on the Anticoagulant Actions and Pharmacokinetics of Single-dose Warfarin in Healthy Volunteers,"This randomized, double-blind, crossover study investigated the potential effects of tolterodine ((R)-N,N-diisopropyl-3-(2-hydroxy-5-methyl-phenyl)-3-phenylpropanamine, CAS 124937-51-5), an antimuscarinic agent for the treatment of the overactive bladder, on the anticoagulant actions and pharmacokinetics of single-dose warfarin (CAS 81-81-2) in 20 healthy male volunteers. In terms of study design, volunteers randomly received oral tolterodine L-tartrate (2 mg twice daily) or matching placebo for 7 days, with a single oral dose of warfarin (25 mg) administered on day 4 of each treatment period. R-(+)- and S-(-)-warfarin pharmacokinetics were estimated from plasma levels measured up to 96 h post-dose, in conjunction with assessment of prothrombin time and factor VII activity. Pharmacokinetics of tolterodine and its active 5-hydroxymethyl metabolite ((R)-N,N-diisopropyl-3-(2-hydroxy-5-hydroxymethyl-phenyl)-3-phenylpropanamine; 5-HM), in the presence and absence of warfarin, were also determined. Relative to placebo, tolterodine had no discernible effect on the anticoagulant actions of warfarin. Point estimates of the tolterodine: placebo ratios for prothrombin time and factor VII activity were 1.00 (90% confidence interval [CI]: 0.91-1.10) and 0.91 (90% CI: 0.83-0.99), respectively, consistent with equivalence. No clinically significant changes in the pharmacokinetics of R-(+)- and S-(-)-warfarin were noted. Serum concentration-time profiles and the pharmacokinetics of tolterodine and 5-HM were similar in the presence and absence of warfarin. There were no safety concerns. These findings indicate that co-administration of tolterodine and warfarin is safe and well tolerated, with no clinically significant pharmacodynamic or kinetic interaction in healthy volunteers.",0
W2046873224,The Natural History Of The Overactive Bladder Ana Detrusor Overactivity. A Review Of The Evidence Regarding The Long-Term Outcome Of The Overactive Bladder,"PURPOSE: The overactive bladder is a widespread medical condition with significant impact on quality of life. We review the existing evidence about the prevalence, impact and long-term followup of the overactive bladder. We also summarize the new International Continence Society terminology associated with the overactive bladder. MATERIALS AND METHODS: A MEDLINE search of all available literature regarding the epidemiology and long-term followup or outcome of the overactive bladder was performed. All articles and relevant resources cited in those articles were reviewed. RESULTS: The new International Continence Society terminology and definitions will allow greater consistency in future research. Two large, recently published surveys of the prevalence of overactive bladder give new insight into the widespread nature of the problem and its significant impact on quality of life. There is little good quality evidence currently available on the long-term outcome of overactive bladder. CONCLUSIONS: There is little published evidence regarding the natural history of overactive bladder. While recent studies have improved understanding the prevalence of the condition, we still know little about long-term outcome. The few published studies suggest that it is a chronic condition that persists urodynamically and symptomatically.",0
W2099747792,Which Stop Test Is Best? Measuring Detrusor Contractility In Older Females,"PURPOSE: Impaired detrusor contractility has an important role in geriatric voiding dysfunction but there are many competing methods of measurement. We compared the performance of 3 methods of measuring detrusor contraction strength to identify the best one. MATERIALS AND METHODS: We retrospectively analyzed urodynamics data on 84 females 53 years old or older. All had urge incontinence and were enrolled in a placebo controlled oxybutynin trial. Stop tests (voluntary interruption, mechanical interruption and continuous mechanical occlusion of flow) were performed on each subject. RESULTS: At baseline the voluntary stop test measured lower mean isovolumetric detrusor pressure +/- SD than the mechanical and continuous methods (31.2 +/- 16.0 versus 47.2 +/- 26.5 and 48.7 +/- 24.4 cm. water, respectively). The latter 2 values also correlated highly (r = 0.87). Followup data on 76 women confirmed these results. Based on baseline and followup values in the 20 women who received placebo the continuous occlusion test showed highest test-retest reliability (r = 0.9, p <0.01), followed by the mechanical (r = 0.69, p = 0.01) and voluntary (r = 0.67, p <0.01) stop tests. Treatment with oxybutynin decreased isovolumetric detrusor pressure in all 3 stop tests by up to 6 cm. water. However, the decrease was statistically significant only for the continuous occlusion test. CONCLUSIONS: To assess detrusor contraction strength in elderly females with urge incontinence the mechanical stop and continuous occlusion tests are acceptable but the continuous occlusion test has better reliability and better detects slight drug induced changes. Voluntary stop tests greatly underestimate detrusor isovolumetric pressure and should no longer be used.",0
W1977806236,Neurological disorders Cerebrovascular disease and Parkinsonism,,0
W2035534300,A new once-daily formulation of tolterodine provides superior efficacy and is well tolerated in women with overactive bladder,,0
W1998003688,The use of tolterodine in children after oxybutynin failure,"OBJECTIVE: To assess the safety and efficacy of tolterodine tartrate prescribed to children who previously failed to tolerate oxybutynin chloride. PATIENTS AND METHODS: We reviewed 34 children, followed for>1 year, who were prospectively crossed-over from oxybutynin to tolterodine because of side-effects. The initial diagnosis was dysfunctional voiding in 31 patients. All patients were placed on a behavioural modification protocol. When their symptoms did not improve after 6 months, treatment with an anticholinergic agent was considered. Urodynamic studies were conducted in 20 patients, confirming uninhibited contractions in 19. The remaining 14 patients were empirically started on antimuscarinic or anticholinergic agents. The 34 patients were treated with oxybutynin for a median (range) of 6 (2-84) months. When significant side-effects were reported, they were crossed over to tolterodine. The efficacy of tolterodine was assessed as defined by the International Children's Continence Society, with tolerability assessed and side-effects documented using a questionnaire. RESULTS: The mean age at the first dose of tolterodine was 8.9 years; the dose was 1 mg twice daily for 12 patients and 2 mg twice daily for 22. The median treatment with tolterodine was 11.5 months, with 20 (59%) patients reporting no side-effects; six described the same but tolerable side-effects as with oxybutynin. Eight patients discontinued tolterodine because of side-effects after a median (range) of 5 (1-11) months. The efficacy of tolterodine was comparable with that of oxybutynin, as reported by the questionnaire and voiding diaries. The reduction in wetting episodes at 1 year was> 90% in 23 (68%), more than half in five and less than half (or failure) in six patients. CONCLUSION: Tolterodine is tolerated well in children. In this subgroup of patients who could not tolerate oxybutynin, 77% were able to continue tolterodine treatment with no significant side-effects.",0
W2030135844,Posterior urethral injuries and the Mitrofanoff principle in children,"OBJECTIVE: To report our experience of children with trauma causing posterior urethral injury who at some stage underwent a Mitrofanoff intervention, as post-traumatic urethral injuries can demand long-term treatment which (regardless of the surgical intervention) requires a period of dilatation of the reconstructed urethra. PATIENTS AND METHODS: From 1992 to 2001, 14 patients with urethral injuries underwent a Mitrofanoff procedure. Thirteen had been run over by a motor vehicle and had severe hip injuries, and one had a direct non-penetrating perineal impact lesion (13 boys and one girl, aged 2-13 years at the time of the accident). In all cases the Mitrofanoff procedure involved interposing the appendix between the bladder and the umbilicus. Only one of the children (because of extremely high bladder filling pressures) also underwent an augmentation cystoplasty and closure of the bladder neck because there were bony fragments in the urethra. RESULTS: The Mitrofanoff technique was considered useful in most cases. All patients during a given period used the Mitrofanoff conduit to empty their bladder every 3 h; 10 of the 14 are currently voiding urethrally, with an adequate flow, and four are not, but emptying the bladder periodically via the appendicovesicostomy. The only girl in the group has a major hip deformity and is unlikely to undergo urethroplasty; two patients are expecting definitive treatment and the other, although having a patent urethra, has no urinary flow. He is currently 19 years old and has no erections. CONCLUSIONS: The treatment of posterior urethral injuries represents a challenge to surgical teams. Although primary suturing of the separated urethral ends is accepted as the best treatment, the construction of a temporary continent urinary diversion may be considered in the most severe cases.",0
W1534712508,Pharmacokinetics and Metabolism of Transdermal Oxybutynin: In Vitro and in Vivo Performance of a Novel Delivery System,,0
W2013432695,Simplified bladder training augments the effectiveness of tolterodine in patients with an overactive bladder,"OBJECTIVES: To compare the efficacy of tolterodine plus simplified bladder training (BT) with tolterodine alone in patients with an overactive bladder. PATIENTS AND METHODS: In a multicentre, single-blind study at 51 Scandinavian centres, 505 patients aged >or= 18 years with symptoms of urinary frequency (>or= 8 micturitions/24 h) and urgency, with or without urge incontinence, were randomized to oral treatment with either tolterodine 2 mg twice daily plus simplified BT or tolterodine alone. Changes in voiding diary variables were evaluated after 2, 12 and 24 weeks of treatment. The patients' perceptions of their bladder symptoms and tolerability (adverse events) were also determined. RESULTS: In all, 501 patients (75% women) were evaluable on an intention-to-treat basis (244 on tolterodine + BT and 257 on tolterodine alone). Tolterodine significantly reduced the voiding frequency and increased the volume voided per void at all sample times; these effects were significantly increased by adding BT. At the end of the study the median percentage reduction in voiding frequency was greater with tolterodine + BT than with tolterodine alone (33% vs 25%, P < 0.001), while the median percentage increase in volume voided per void was 31% with tolterodine + BT and 20% with tolterodine alone (P < 0.001). There was a median of 81% fewer incontinence episodes than at baseline with tolterodine alone, which was not significantly different from that with tolterodine + BT (- 87%). The two groups had comparable median percentage reductions in urgency episodes. Some 76% of patients on tolterodine + BT reported an improvement in their bladder symptoms relative to baseline, compared with 71% on tolterodine alone. Tolterodine was well tolerated; the most common adverse event was mild dry mouth. CONCLUSION: Tolterodine 2 mg twice daily is an effective and well tolerated treatment for an overactive bladder, the effectiveness of which can be augmented by a simplified BT regimen.",0
W1970490154,Bladder dysfunction in Duchenne muscular dystrophy,"Although bladder function is thought to be unaffected in Duchenne muscular dystrophy, 46/88 boys interviewed had urinary problems. Nine underwent video urodynamics, showing in eight a small capacity, hyperreflexic bladder, and in the ninth (post spinal surgery) hyperreflexia and detrusor sphincter dyssynergia. Urinary dysfunction is a treatable feature of DMD.",0
W4298027174,Clinical advances in incontinence management. A sampling of products now available to manage urinary incontinence.,,0
W1648921508,Successful Hypospadias Repair With Ventral Based Vascular Dartos Pedicle for Urethral Coverage.,"PURPOSE: We describe an easy technique to reliably harvest a vascularized dartos pedicle for urethral coverage at the time of urethroplasty in hypospadias surgery. The complication of urethrocutaneous fistula in hypospadias surgery as a result of using this technique is also evaluated. MATERIALS AND METHODS: A retrospective review (July 1999 to September 2002) identified 180 pediatric patients who had undergone primary hypospadias surgery by a single surgeon. A modified technique of harvesting a vascularized dartos pedicle was incorporated in 111 hypospadias repairs. A ventral based vascularized dartos pedicle of tissue was used to cover a modified urethroplasty as described by Snodgrass. RESULTS: The intraoperative meatal position before urethroplasty was subcoronal in 95 cases, penile/midshaft in 11 and penoscrotal in 5. The majority of patients (90 of 111) were younger than 12 months at surgery. Ages ranged from 5 months to 16 years (mean 21.1 months). Of the 111 patients reconstruction using the ventral based vascularized dartos pedicle to cover the urethroplasty was successful in 109 (98.2%), and at followup they have an acceptable cosmetic result with no evidence of urethrocutaneous fistula. In 1 patient with distal hypospadias a urethrocutaneous fistula developed, which was recognized 20 months postoperatively. Another patient with penoscrotal hypospadias had a proximal fistula at 6 months. There were no recognized intraoperative urethral injuries or complications. Followup ranged from 3 to 38 months (mean 19.1). CONCLUSIONS: The ventral based vascularized dartos pedicle urethral coverage procedure is an easy and reliable technique to harvest adequate vascularized tissue to cover a hypospadias urethroplasty. In this small single surgeon series, this technique appears to have contributed to a low rate of urethrocutaneous fistulas after hypospadias repair.",0
W1952545990,An unusual cause of ‘incontinence’ after hysterectomy,,0
W2119809361,Effectiveness of anticholinergic drugs compared with placebo in the treatment of overactive bladder: systematic review,"OBJECTIVE: To determine the effectiveness of anticholinergic drugs for the treatment of overactive bladder syndrome. DESIGN: Systematic review of randomised controlled trials. DATA SOURCES: Published papers and abstracts. STUDY SELECTION: Randomised controlled trials with anticholinergic drug treatment in one arm and placebo in another. DATA EXTRACTION: Primary outcomes of interest were patient perceived cure or improvement in symptoms, differences in number of incontinent episodes and number of voids in 24 hours, and side effects. Secondary outcomes of interest were urodynamic measures of bladder function (volume at first contraction, maximum cystometric capacity, and residual volume) and adverse events. DATA SYNTHESIS: 32 trials were included, totalling 6800 participants. Most trials were described as double blind but were variable in other aspects of quality. At the end of treatment, cure or improvement (relative risk 1.41, 95% confidence interval 1.29 to 1.54), differences in incontinent episodes in 24 hours (estimated mean difference 0.6, 0.4 to 0.8), number of voids in 24 hours (0.6, 0.4 to 0.8), maximum cystometric capacity (54 ml, 43 ml to 66 ml), and volume at first contraction (52 ml, 37 ml to 67 ml), were significantly in favour of anticholinergics (P<0.0001 for all). Anticholinergics were associated with significantly higher residual volumes (4 ml, 1 ml to 7 ml; P=0.02) and an increased rate of dry mouth (relative risk 2.56, 2.24 to 2.92; P<0.0001). Sensitivity analysis, although affected by small numbers of studies, showed little likelihood of an effect of age, sex, diagnosis, or choice of drug. CONCLUSIONS: Although statistically significant, the differences between anticholinergic drugs and placebo were small, apart from the increased rate of dry mouth in patients receiving active treatment. For many of the outcomes studied, the observed difference between anticholinergics and placebo may be of questionable clinical significance. None of these studies provided data on long term outcome.",0
W1983044410,Urethral adenocarcinoma associated with urethral diverticulum in a patient with progressive voiding dysfunction,,0
W1850038838,Inappropriate medication use among hospitalized older adults in Italy: results from the Italian Group of Pharmacoepidemiology in the Elderly,,0
W2492172301,[The medical treatment of overactive bladder].,"Overactive bladder, very frequent in neurological disorders, leads to very distressing symptoms such as urgency, frequency and incontinence which may dramatically impair the patient's quality of life. The medical approach is essentially pharmacological but the management of the nociceptive factors must not be neglected. In the mild urinary dysfunctions, bladder training can be advised. The pharmacological treatment aims at reducing the parasympathetic activity or at deafferenting the bladder. The antimuscarinic agents are an essential part of the treatment. Oxybutynin is the most widely used medication but recent agents like tolterodin have a better tolerability. Other drugs can also be used such as desmopressin, flavoxate. New molecules are under experiment (darifenacin). In case of troublesome side-effects or resistance to oral medications, local treatments are considered. Intravesical oxybutynin has been tried but has a short-lived efficacy. Intravesical instillation of capsaicine or resiniferatoxin blocks C-fibres afferents and leads to clinical and urodynamic improvement. Recently, injections of botulinum-A toxin in the detrusor have been advocated aiming at blocking the transmission of parasympathetic impulse. The first studies report encouraging results. All these local treatments resulting in bladder paresis are recommended for patients performing self-catheterization. Should these treatments fail, other therapeutic approaches are considered such as intrathecal treatment, neuromodulation, before deciding on neurosurgical or urosurgical procedures.",0
W2118639686,Tolterodine and Memory,"BACKGROUND: Anticholinergic drugs are known to produce or enhance cognitive deficits. Tolterodine tartrate is marketed as a bladder-selective anticholinergic drug that is reported to be free of significant cognitive adverse effects. OBJECTIVE: To describe a 46-year-old woman who had memory loss and abnormal memory test results that improved when she discontinued tolterodine therapy. RESULTS: While taking tolterodine, the patient's score on the delayed free recall portion of the Hopkins Verbal Learning Test-Revised was at the first percentile. One month after discontinuing tolterodine therapy, this test was administered a second time using an alternative form and she showed marked improvement scoring above the 75th percentile. CONCLUSIONS: Tolterodine therapy caused cognitive dysfunction in our patient. It is possible that cognitive dysfunction is a common result of tolterodine treatment, but in the absence of testing, remains undiagnosed. Alternatively, our patient may have had aberrant metabolism of this drug or an increased sensitivity as a result of incipient Alzheimer disease.",0
W2078997630,"Combination Treatment With an α-Blocker Plus an Anticholinergic for Bladder Outlet Obstruction: A Prospective, Randomized, Controlled Study","PURPOSE: We evaluate the effect of tolterodine combined with tamsulosin on quality of life in patients with bladder outlet obstruction and concomitant detrusor instability. MATERIALS AND METHODS: The study included 50 consecutive patients with urodynamically proven mild or moderate bladder outlet obstruction and concomitant detrusor instability. All patients were initially treated with 0.4 mg. tamsulosin orally once a day. A week later the patients were randomly allocated into group 1-25 who continued treatment with tamsulosin only and, group 2-25 who also received 2 mg. tolterodine orally twice daily. Reevaluation with a quality of life questionnaire and urodynamic study was performed after 3 months. RESULTS: Two patients from group 2 stopped tolterodine while 1 patient from each group stopped tamsulosin because of hypotension. Analysis revealed statistically significant improvement in quality of life scores only in group 2 patients (mean score 525.0 and 628.4 before and after treatment, respectively, 2-sided t test p = 0.0003). A significant difference was noted in both groups after treatment for maximum flow rate and volume at first contraction. Additionally, in group 2, a statistically significant difference was observed for maximum detrusor pressure and maximum unstable contraction pressure after treatment. CONCLUSIONS: Combination treatment with an alpha-blocker (tamsulosin) plus an anticholinergic (tolterodine) improves quality of life in patients with bladder outlet obstruction and concomitant detrusor instability. Interestingly, no acute urinary retention was observed and tolterodine did not affect the quality of urine flow or residual urine volume. The proposed combination appears to be an effective and relatively safe treatment option in patients with bladder outlet obstruction and detrusor instability.",0
W4246630994,Index of Suspicion,,0
W2143301570,Urinary incontinence. Non-surgical management by family physicians.,"OBJECTIVE: To review current evidence on conservative management of urinary incontinence (UI) by family physicians. QUALITY OF EVIDENCE: Articles were sought through MEDLINE, EMBASE, Cochrane Database of Systematic Reviews, CINAHL, PsycLit, ERIC, two consensus meetings, and review of abstracts presented at urology meetings. References of these articles were searched for relevant trials. Strong evidence supports bladder training, pelvic floor exercises, and some medications, but only fair evidence supports fluid adjustment, caffeine reduction, and stopping smoking. Weight loss and exercise are supported by expert opinion only. Consensus opinion is that, whenever possible, conservative management should be considered first. MAIN MESSAGE: Good evidence shows that initial management by primary care physicians is effective. After basic assessment and tests, strategies such as bladder retraining, pelvic floor exercises, and lifestyle modifications, augmented by appropriate medications, can be successful. If initial strategies are unsuccessful, patients can be referred. CONCLUSION: More than a million Canadians suffer from UI. In almost all cases, family physicians are the first health professionals contacted by patients. Basic assessment and conservative management can go far to ameliorate the problem.",0
W2072044930,Polypharmacy and the Elderly,"Polypharmacy is the concurrent use of several different medications used by the same individual, which in some cases can lead to drug-drug interactions. Elderly patients often are faced with polypharmacy when they have multiple disease processes. Declining organ function, as part of the normal aging process, adds to the problem of adverse drug effects in this population. To minimize polypharmacy, prescribers aim to treat multiple disease conditions with a single agent if possible. Pharmacists can often help in drug selection, if given a set of criteria. This article is intended to help infusion professionals provide safe medication treatment by understanding how aging organ systems and medications affect the elderly.",0
W2034487479,Treatment of Daytime Urinary Incontinence in Children: A Systematic Review of Randomized Controlled Trials,"PURPOSE: We sought to determine the benefits and harms of interventions for children with daytime urinary incontinence. MATERIALS AND METHODS: Trials of any interventions for children with primary daytime incontinence (the urge syndrome and/or dysfunctional voiding) were identified from the Cochrane Controlled Trials Register, MEDLINE, EMBASE, reference lists of articles, abstracts from conference proceedings and contact with known experts in the field. Once identified, trial quality was assessed, data were extracted and results were expressed in terms of relative risks (RR) with 95% confidence intervals (CI) for individual trials, and summary estimates were obtained using a random effects model. All steps were done by 2 independent reviewers. RESULTS: Randomized trials of terodiline (2 studies), daytime alarms (1), imipramine (1) and biofeedback/oxybutynin (1) involving 383 children were reviewed. No intervention was demonstrated to be effective. In the latter trial, which was the only one to evaluate a currently used intervention, after 9 months of treatment there was no difference in the proportions of children with unimproved daytime wetting with oxybutynin (RR 0.74, CI 0.26 to 2.13) and biofeedback (0.92, 0.59 to 1.43) compared with placebo. CONCLUSIONS: No intervention tested in a trial to date has been proved to be of benefit to children with daytime urinary incontinence.",0
W1483144760,Multinational study of reliability and validity of the King's Health Questionnaire in patients with overactive bladder,,0
W2161063483,Effectiveness of vaginally administered oxybutynin on rabbit bladder function,,0
W2046564720,Recent developments in the management of detrusor overactivity,"PURPOSE OF REVIEW: Detrusor overactivity is a relatively common yet embarrassing symptom complex with significant impact on quality of life. The mainstay of current pharmacological treatment involves use of muscarinic receptor antagonists, but their therapeutic efficacy is limited by their troublesome side effects resulting in the non-continuance of treatment in a significant number of patients. Therefore, the development of new drugs can proceed by targeting alternative pathways affecting detrusor overactivity. In this article, the pharmacological basis for the current therapeutic alternatives for managing detrusor overactivity and possible future developments are discussed. RECENT FINDINGS: It is clear that far from being a passive container for urine, the urothelium is a crucial part of the bladder. Its functions are complex, dynamic and important, and only now becoming understood. The release of ATP from urothelium in response to distension and its action on P2X receptors resulting in activating both motor and sensory neurons is being increasingly recognised. In the normal bladder, muscarinic receptor stimulation produces the main part of detrusor contraction. However, in functionally abnormal bladders, a non-cholinergic activation via the purinergic receptors may occur. The central nervous mechanisms controlling the micturition reflex have also recently attracted attention. SUMMARY: Recent research has suggested that several transmitters may modulate voiding. However, few drugs with clinical benefits have been developed so far. Present treatments for overactive bladders have significant non-compliance rates. Hopefully, future research will lead to drugs with greater therapeutic benefits and better tolerance.",0
W2330205102,Posterior urethral valves: lessons learned over time,"Division of Pediatric Urology, Children's Hospital of New York - Presbyterian, Morgan Stanley Children's Hospital, New York, New York, USA Correspondence to Kenneth I. Glassberg, MD, Division of Pediatric Urology, Children's Hospital of New York - Presbyterian, Morgan Stanley Children's Hospital, 3959 Broadway, BN-1114 New York, NY 10032, USA Tel: +1 212 305 9918; fax: +1 212 342 1065; e-mail: [email protected] Abbreviation CIC: clean intermittent catheterization",0
W1558658318,"Controlled, double-blind, multicentre clinical trial to investigate long-term tolerability and efficacy of trospium chloride in patients with detrusor instability",,1
W2047720277,Oxybutynin for diagnosis of infravesical obstruction in boys with urinary incontinence,,0
W2044943786,Comparative efficacy and safety of transdermal oxybutynin and oral tolterodine versus placebo in previously treated patients with urge and mixed urinary incontinence,,0
W2080012687,Epidural spinal cord stimulation for neurogenic bladder,,0
W1573654448,Tolterodine is equally effective in patients with mixed incontinence and those with urge incontinence alone,"OBJECTIVE: To examine the efficacy of tolterodine, an antimuscarinic agent with a bladder-selective profile, in patients with mixed incontinence (MI, stress and urge) compared with patients with urge incontinence (UI) alone. PATIENTS AND METHODS: The study included 239 patients with MI (urge predominating) and 755 with urge incontinence alone from a single-blind, multicentre trial of 1380 patients (80% female) with an overactive bladder. Those completing the trial were analysed 'per-protocol'. After a 7-day washout and a 3-day run-in to collect baseline information, patients were treated with tolterodine twice daily for 16 weeks. The two groups were compared for incontinence episodes/24 h, voiding frequency, nocturia episodes and pad usage after 16 weeks of treatment. RESULTS: After 16 weeks the median changes from baseline for all voiding variables were statistically significant for the MI and the UI groups (P < 0.001), with no apparent significant between-group differences. The median percentage reduction in incontinence episodes from baseline was 67% for the MI and 75% for the UI groups (P = 0.39). 'Dry' rates for the MI and UI groups at the end of the study were 39% (66/171) and 44% (243/552), respectively, whilst 24% of patients in each group (MI 40/170; UI 130/551) achieved a voiding pattern of < 8 voids/24 h. 'Cure' rates for nocturia and the reduction in the number of patients not using pads used were also similar between the groups. CONCLUSION: Tolterodine is as effective in reducing leakage and other symptoms of an overactive bladder in patients with MI as it is in patients with UI alone.",0
W2045392634,Pharmacokinetic fixes for pharmacodynamic deficits,,0
W1980443117,Advances in Medical Management of Overactive Bladder,,0
W2148524234,"Prospective, Randomized, Double-Blind Study of the Efficacy and Tolerability of the Extended-Release Formulations of Oxybutynin and Tolterodine for Overactive Bladder: Results of the OPERA Trial",,0
W2097487242,"Pharmacokinetics, Metabolism, and Saliva Output During Transdermal and Extended-Release Oral Oxybutynin Administration in Healthy Subjects",,0
W1973445202,Reduced perception of urgency in treatmentof overactive bladder with extended-release tolterodine,"OBJECTIVE: To evaluate the effect of once-daily, extended-release tolterodine on urinary urgency in patients with overactive bladder. METHODS: Patients with urinary frequency (eight or more micturitions per 24 hours) and urge incontinence (five or more episodes per week) were randomized to oral treatment with tolterodine extended release 4 mg once daily (n=398) or placebo (n=374) for 12 weeks. Efficacy was assessed by use of patient perception evaluations. RESULTS: The results presented are a secondary analysis of this double-blind, placebo-controlled study. Of patients treated with tolterodine extended release, 44% reported improved urgency symptoms (compared with 32% for placebo), and 62% reported improved bladder symptoms (placebo, 48%) (both P<.001 compared with placebo). The odds of reducing urgency and improving bladder symptoms were 1.68 and 1.78 times greater, respectively, for patients in the tolterodine extended release group than for patients receiving placebo. In response to urgency, there was a more than six-fold increase in the proportion of patients able to finish a task before voiding in the tolterodine extended release group. The proportion of patients unable to hold urine upon experiencing urgency was also decreased by 58% with tolterodine, compared with 32% with placebo (P<.001). The proportion of patients reporting ""much benefit"" from treatment was greater for tolterodine extended release than for placebo (43% versus 24%; P<.001). The only adverse events with an incidence of greater than 5% were dry mouth, headache, and constipation, with only dry mouth markedly more frequent with tolterodine than with placebo. CONCLUSION: Tolterodine extended release has demonstrable efficacy in reducing the severity of urinary urgency and is associated with improvements in overactive bladder symptoms that are meaningful to patients.",1
W2418758143,Anticholinergics reduce symptoms of overactive bladder.,,0
W2040282345,Update on overactive bladder: Pharmacologic approaches on the horizon,,0
W2059476771,Does Treatment With Clean Intermittent Catheterization in Boys With Posterior Urethral Valves Affect Bladder and Renal Function?,"PURPOSE: In boys with resected posterior urethral valves (PUV) deterioration of renal function is seen during childhood and adolescence, which may partly be caused by bladder dysfunction. We present data on renal and bladder function initially and at followup of boys with PUV in whom the bladder dysfunction has been treated since infancy. MATERIALS AND METHODS: The study included 35 boys with PUV. Bladder regimen, including early toilet training from the age of 1.5 years and detrusor relaxant drugs for the treatment of incontinence from ages 4 to 6 years, was introduced to all patients. A total of 19 boys were started on clean intermittent catheterization (CIC) at a median age of 8 months due to pronounced bladder dysfunction with poor emptying, unsafe pressure levels, high grade reflux and renal impairment. RESULTS: No serious complications of CIC have been seen during followup. Of the 19 boys 2 stopped performing CIC due to noncompliance of the parents at 1 and 3 years, respectively. Initial renal function, measured as median glomerular filtration rate (GFR) in percent of expected for age, was 60% in the CIC group and 90% in the nonCIC group. At followup at a median age of 8 years the CIC group (n = 14, 3 transplanted boys excluded) had an increase in median differential GFR (difference between followup and initial GFR) of 7% (p <0.01), which was similar increase to that of the nonCIC group. In the 2 boys who stopped performing CIC renal function deteriorated with a median differential GFR of -24%. In the CIC group detrusor instability decreased. Poor compliance was seen in 6 of the 19 boys initially and only one remained poorly compliant. In 1 of the boys who stopped performing catheterization a low compliant bladder developed. In all of the other cases bladder capacity increased more than expected for age. CONCLUSIONS: The results suggest that treatment of bladder dysfunction in boys with PUV can counteract the deterioration in renal function seen during childhood but the number of patients in our study is limited.",0
W2120812596,Trospium Chloride for the Treatment of Detrusor Instability in Children,"PURPOSE: We assessed the efficacy and most appropriate dosage of trospium chloride (TCl) for managing bladder instability in children as compared with a placebo. MATERIALS AND METHODS: A total of 58 patients with bladder instability were allocated at random to 1 of 5 groups-10, 15, 20 or 25 mg TCl, or placebo administered daily in a multicenter, randomized, single-blind clinical study. Patients were treated for 21 days, and current symptoms, voiding diary and urodynamic values were collected at the beginning and end of the treatment period. All adverse events were recorded at the last visit. RESULTS: Of 50 patients treated with TCl 41 (82%) had a positive therapeutic result (excellent, good or fair) versus only 3 of 8 patients with improvement in the placebo group (37.5%, p = 0.006). In all responding patients clinical symptoms either resolved or decreased markedly, and in 37 (74%) this improvement was accompanied by urodynamic improvement. In these 37 children the average number of uninhibited contractions decreased by 54.3% (p <0.0001) and the volume at first contraction increased by 71.4% (p = 0.001). There were no statistically significant differences with regard to therapeutic efficacy between TCl dosages. Fourteen patients (9 with TCl, 5 with placebo) showed no clinical improvement, although some had improved urodynamic parameters. Furthermore, TCl was well tolerated with few patients (10%) experiencing adverse effects. CONCLUSIONS: Trospium chloride (10 to 25 mg total daily dosage, split into 2 doses) is an effective option for the management of detrusor instability in children.",0
W2407853745,[Non-coordinated micturition syndrome mimicking posterior urethral valves in a male neonate].,"UNLABELLED: High-grade of vesicoureteral reflux (VUR) has been reported in association with prenatal diagnosis of abnormal bladder function in a male neonate with postpatally no anatomical urethral obstruction and bladder dysfunction. This study was designed to describe clinical presentation of this entity in male neonates, the urodynamic pattern, prognosis in terms of renal function and therapeutic management since birth, in our experience with four cases. MATERIALS AND METHODS: We reviewed the records of 4 male neonates diagnosed at birth of bilateral high-grade VUR (grade > or = 4) with prenatally diagnosed hydronephrosis; thus 8 refluxing renal units (RRU) were studied. All cases had renal failure at birth. In all cases dimercaptosuccinic acid (DMSA) renography was performed. All RRU had reflux nephropathy; 5 RRU had moderate impairment of renal function (20-40%). In 3 RUU was demonstrated by a severe decrease in renal function (10-20% in 2 RUU, and less than 10% in 1 RUU). Micturating cystouretrography (MCUG) excluded the presence of posterior urethral valves; however, in all cases a tightened bladder neck (""bladder neck impression"") was present. Endoscopy was performed in one baby excluding posterior urethral valves. Follow up ranged from 2 to 5 years (mean 3.5). RESULTS: In all 4 cases underwent transient urinary diversion during their first month of life. Urodynamic study revealed a high-risk bladder with low compliance, a reduced functional bladder capacity and a high residual urine volume in all cases. All the patients was placed on antibiotic prophylaxis and oral oxybutinin chloride. Three patients underwent bilateral Cohen ureteral reimplantation. The other boy underwent left nephrectomy, right Politano ureteral reimplantation and ureterocystoplasty. In the 7 RRU postoperative MCUG revealed cessation of reflux. Currently therapy includes antibiotic prophylaxis in 4, oral oxybutinin in 4 and intermittent catheterisation in 2 patients. 3 patients have normal renal function. The other boy underwent re-diversion because of renal failure. CONCLUSIONS: Fetal severe bilateral reflux nephropathy is a clinical entity almost exclusively in male neonate mimicking hyper-pressure syndrome due to urethral obstruction, in terms of evolution (to chronification and renal failure) and treatment (that requires primordial management of bladder dysfunction). Absence of anatomical urethral obstruction and urodynamic pattern suggest functional obstruction of bladder neck-periurethral sphincter complex in fetal life as a cause for this syndrome. For this reason we consider it as a clinical presentation of fetal non-coordinated voiding in male or ""posterior urethral valves like syndrome"".",0
W2007722445,Sexuality and disease,,0
W2404449612,Evaluation and management of urinary incontinence in elderly women.,"Urinary incontinence is a common problem among older women, with a great impact on their quality of life, self-esteem and ability to live independently. Although often neglected by both patients and health-care providers, a variety of behavioral, pharmacologic and surgical interventions are now available to resolve or improve the symptoms of most older women who are incontinent. Since many of the factors which contribute to continence in late life lie outside of the bladder, the assessment of urinary incontinence in older women must extend beyond the genitourinary tract, assessing domains such as mobility, fluid balance and cognition. The primary care physician in uniquely placed in being able to diagnose this problem, to initiate treatment in many patients and to refer those requiring additional specialized expertise.",0
W1821426726,"Clinical efficacy and tolerability of extended‐release tolterodine and immediate‐release oxybutynin in Japanese and Korean patients with an overactive bladder: a randomized, placebo‐controlled trial","OBJECTIVE: To compare extended-release (ER) tolterodine and immediate-release (IR) oxybutynin with placebo in Japanese and Korean patients with an overactive bladder (OAB). PATIENTS AND METHODS: Men and women aged >or= 20 years with symptoms of urinary urgency, urinary frequency (>or= 8 micturitions/24 h), urge incontinence (>or= 5 episodes/week) and symptoms of OAB for >or= 6 months were randomized to double-blind treatment with tolterodine ER 4 mg once daily, oxybutynin IR 3 mg three times daily or placebo for 12 weeks. Efficacy assessments included changes from baseline in numbers of incontinence episodes per week, voids/24 h and mean volume voided/void. Patient perceptions of bladder condition, urgency and treatment benefit were also assessed. RESULTS: In all, 608 patients were randomized to treatment with tolterodine (240), oxybutynin (246) or placebo (122). More patients prematurely withdrew on oxybutynin (23%) than with tolterodine (10.4%) or placebo (16.4%). After 12 weeks of treatment, the median number of incontinence episodes/week was reduced significantly more in the tolterodine (79%; P= 0.0027) and oxybutynin groups (76.5%; P= 0.0168) than on placebo (46.4%). There were also significantly greater improvements in the number of voids/24 h and volume voided/void with tolterodine and oxybutynin than with placebo. More patients in the tolterodine and oxybutynin than in the placebo groups reported improvements in perceived bladder condition, ability to hold urine and treatment benefit. Patients treated with oxybutynin reported more adverse events than those treated with tolterodine or placebo. Dry mouth was significantly more common with oxybutynin than with tolterodine (53.7% vs. 33.5%; P < 0.001), and occurred in 9.8% of placebo patients. CONCLUSION: Tolterodine ER has similar efficacy but is better tolerated than oxybutynin IR in Japanese and Korean patients with OAB.",0
W2330871910,Transient Memory Impairment and Hallucinations Associated with Tolterodine Use,"To the Editor: Although anticholinergic medications are widely used to treat urinary incontinence in the elderly, the fact that their use may be associated with memory loss and visual hallucinations has not been well recognized, and these complications may therefore be incorrectly attributed to a degenerative dementia (e.g., Lewy body dementia).1 We report the case of a 73-year-old woman who presented with a two-year history of decreased short-term memory and vivid hallucinations of deceased relatives that occurred only during nighttime sleep; she awoke regularly to converse with these relatives. The symptoms began several weeks after she began to take tolterodine . . .",0
W2072187682,Oxybutynin with Bladder Retraining for Detrusor Instability in Elderly People: A Randomized Controlled Trial,"The aim of this study was to examine the efficacy of oxybutynin plus bladder training in the treatment of detrusor instability in frail elderly patients living independently in the community. It was a randomized, double-blind, placebo-controlled parallel-group trial of oxybutynin in 57 elderly patients (mean age 82.2, SD 6.06), with frequency and incontinence due to detrusor instability. After a 2-week run-in period patients received a bladder training and drug or placebo for the next 6 weeks. Outcome measures were changes in frequency and incontinence, recorded throughout on diary charts, and subjective evaluation of symptoms ('better'/'not better', and using a four-point scale 'cure' to 'no change'). Oxybutynin was superior to placebo in reducing daytime frequency [95% confidence interval (CI) of difference in change in frequencies totalled over 14 days was -27.0, -6.0; p = 0.003] and in producing subjective benefit (at day 29 only), when 24/28 (86%) patients on oxybutynin described benefit compared with 16/29 (55%) on placebo (p = 0.02). There was no difference between the groups in reduction of incontinent episodes. The median dose of oxybutynin titrated for therapeutic effect was 5 mg/day, and for placebo 10 mg/day (CI of difference 0.001, 5.001; p = 0.05). Side-effects reported were of similar frequency (50%) in the two groups. We conclude that oxybutynin with bladder training is superior to bladder training alone in reducing frequency due to detrusor instability in very elderly people living at home.",1
W2006314195,Hypoglycemia Following Inadvertent and Factitious Sulfonylurea Overdosages,"OBJECTIVE: To recognize unreported sulfonylurea overdosages in hypoglycemic patients. CASES: We describe three patients with hypoglycemia due to inadvertent (in two patients) and factitious (in one patient) sulfonylurea overdosages. We review the world literature and summarize 43 previously published cases of inadvertently administered and 23 previously published cases of factitiously self-administered sulfonylurea overdosages with hypoglycemia. RESULTS: An inadvertently administered fulsonylurea overdosage usually occurred when a sulfonylurea was accidentally substituted for an intended medication with a similar generic or trade name. Features of the patients with a factitiously self-administered sulfonylurea overdosage included: 1) a history of the patient or patient's spouse having a medical job or sulfonylurea-treated diabetes mellitus; 2) an unusual affect or psychiatric history; 3) an abrupt onset of severe symptoms without previous milder symptoms; and 4) an absent hypoglycemic or hyperinsulinemic response to provocative testing. These features are not typical for an insulinoma. CONCLUSIONS: When a hypoglycemic patient denies antidiabetic medication use, we recommend sequentially performing: 1) a thorough pill inspection; 2) an interview for recently altered pill appearances; 3) a measurement of serum insulin and C-peptide levels during hypoglycemia; and 4) a blood or urine sulfonylurea screen. Discovery of an unreported sulfonylurea overdosage can eliminate the need to search for an insulinoma and prevent further overdosages from occurring.",0
W2103447621,Analysis of whole‐blood cyclosporin g by liquid chromatography in renal transplant recipients,"Cyclosporin G (CsG) is less nephrotoxic than Cyclosporin A (CsA) and is undergoing clinical trials for use as an immunosuppressive agent after renal transplantation. In this study, CsG was measured by a rapid high-performance liquid chromatography (HPLC) technique in blood samples (n = 107) received from renal transplant recipients. The HPLC assay proved to be analytically suitable in that it was sensitive, linear, and precise and had high recovery (102%). However, interference was observed from some potentially co-administered drugs such as calcitriol, ferrous sulfate, hydrazaline, and minoxidil. The HPLC assay for CsG correlated well with a FPIA (Abbott TDx), FPIA = 0.964 (HPLC) + 33.59, r = 0.9819, Sy/x = 36.66 for patients receiving a low dose of CsG (5 mg/kg/day) and a high dose (10 mg/kg/day). Furthermore, the HPLC technique was capable of measuring predictable CsG concentrations when the drug was tapered to lower doses at various stages of the 16 week clinical trial. The HPLC for CsG has the further advantage that the same system and mobile phase can be used to measure CsA while using CsC as the interval standard.",0
W2467531249,Zur topischen Anwendung von Oxybutyninhydrochlorid bei Frauen mit Urge-Inkontinenz,Detrusor instability is the second most common cause of femal urinary incontinence. Oxybutynin chloride anticholinergic action with direct muscle-relaxant properties. 39 women with persistent-urgeincontinence participated in a pilot study of intravesical oxybutynin application. Patients received either 20 mg oxybutynin or placebo as 40 ml sterile sodium chloride solution administered intravesically over a period of 10 days. Urodynamic assessment as well as micturition protocols were performed before and after treatment. The intravesical oxybutynin-application was significantly better than the placebo application concerning reduction of pollakisuria and nycturia. Oxybutynin also increased bladder capacity more than in the placebo-treated group (p < 0.01) and provided an improvement of bladder compliance (p < 0.05). No local or systemic side effects were observed which would have immediately terminated the oxybutynin treatment.,0
W2127808625,The Kropp‐onlay procedure (Pippi Salle procedure): a simplification of the technique of urethral lengthening. Preliminary Results in eight patients,"OBJECTIVE: To lengthen the urethra to increase bladder outlet resistance in adolescent girls with a neurogenic bladder. PATIENTS AND METHODS: During a 2-year period (1992-94), eight girls (mean age 13.5 years, range 9-19) underwent a Kropp-onlay urethral lengthening associated, for six of them, with a bladder augmentation. Seven of the eight patients patients were spina bifida and confined to a wheelchair. One patient had had a previous transverse myelitis. A Benchekroun hydraulic value (in three cases) and a Malone procedure (in two cases) were performed at the same stage. The technique of Kropp-onlay urethral lengthening, which creates a flap value mechanism which leaks when the bladder is too full, is described and illustrated. RESULTS: Seven of eight patients were dry during the day and four were occasionally damp during the second part of the night. One could not be dry for more than 2 h during the day but had a very hyperactive detrusor. She developed two bladder stones which required an open vesicotomy. One developed a urethral fistula requiring a second Kropp-onlay procedure and became dry afterwards. Two patients, who did not undergo a bladder augmentation, needed oxybutinin therapy to obtain a satisfactory result. Post-operative urodynamic measurements are discussed. CONCLUSION: The Knopp-onlay urethral lengthening is easier to perform than the original Kropp procedure. The preliminary results are similar to those of alternative techniques (e.g. urethral suspension) but long-term reliability of this technique remains unknown.",0
W2074323366,Oxybutynin,,0
W2021702341,In support of behavioral treatment for day wetting in children,,0
W2028811068,Does Oxybutynin Add to the Effectiveness of Prompted Voiding For Urinary Incontinence Among Nursing Home Residents? A Placebo‐Controlled Trial,"OBJECTIVE: To determine if oxybutynin, a bladder relaxant medication, adds to the effectiveness of prompted voiding (PV) in the management of urinary incontinence among nursing home residents. DESIGN: Randomized, placebo-controlled, double-blinded, dose-adjusted, crossover trial of oxybutynin added along with PV. SETTING: Seven nursing homes in Los Angeles County, California. PARTICIPANTS: Seventy-five nursing home residents with predominantly urge incontinence, whose incontinence did not respond well to a trial of PV. MAIN OUTCOME MEASURES: The frequency of incontinence, measured as the percentage of hourly (7 AM to 7 PM) physical checks over a 3-day period at which the resident was found wet. RESULTS: Sixty-three (84%) of the residents completed the study. Among those completing the trial, the percent of checks wet went from 26.5% to 23.7% on placebo to 20.2% on active drug. These changes were statistically significant but not clinically meaningful. A clinically significant decrease in the frequency of incontinence, which we defined as a relative reduction in the percent of checks wet of > 33%, occurred in 20 subjects (32%) while on active drug and in 12 subjects (19%) while on placebo (P = .48 by chi-square). Twenty-five subjects (40%) met our ""continence criteria"" of an average of one or less wet per day while on active drug, and 11 subjects (18%) achieved this goal on placebo (P = .005 by chi-square). CONCLUSION: Oxybutynin does not add to the clinical effectiveness of PV in the majority of nursing home residents with urge type urinary incontinence. Selected residents may, however, become more responsive to PV while on oxybutynin. Our data are consistent with other studies of bladder relaxant medications in functionally impaired populations. New drugs and/or other interventions are needed for the large number of incontinent nursing home residents who do not respond well to PV.",1
W4232901667,Nocturnal enuresis,"Nocturnal enuresis is common. Although its aetiology remains unclear recent evidence increasingly supports the lack of a normal nocturnal increase in ADH leading to nocturnal polyuria exceeding functional bladder capacity. Sleep patterns are probably normal although an arousal disorder might be a factor. Treatment should follow careful evaluation to determine if one is dealing with 'uncomplicated' or 'complicated' enuresis. Complicated enuresis requires further investigation. 'Uncomplicated enuresis' always requires reassurance and patient and parent education. Resource centres such as ERIC can provide information and advice. Active treatment should be tailored to the patients age, motivation and parental wishes. Behavioural modification techniques yield the highest long-term cure rate but require the most commitment and are rarely successful before the age of 7-8 years. Pharmacotherapy has been revolutionized by DDAVP which gives a response rate of up to 70% relatively free from side-effects but at the price of a high relapse rate after medication. Imipramine is less expensive than DDAVP but may be fatal in overdose. Anticholinergics should be reserved for those patients with significant diurnal symptoms or those who fail first-line pharmacotherapy. Overall patients and parents should be reassured by the high spontaneous cure rate.",0
W2042189800,"Trospium chloride versus oxybutynin: a randomized, double‐blind, multicentre trial in the treatment of detrusor hyper‐reflexia","OBJECTIVE: To compare trospium chloride (TCl), a quaternary ammonium derivative with atropine-like effects and predominantly antispasmodic activity, with oxybutynin (Oxy) in terms of efficacy and adverse effects. PATIENTS AND METHODS: In a randomized, double-blind, multicentre trial, 95 patients with spinal cord injuries and detrusor hyper-reflexia were studied. Treatment consisted of three doses per day over a 2 week period, with either Oxy (5 mg three times daily) or with TCl (20 mg twice daily) with an additional placebo at midday. The results were evaluated with regard to changes in objective (urodynamic) data and subjective symptoms as well as the incidence/severity of adverse effects. RESULTS: With both drugs there was a significant increase in maximum bladder capacity, a significant decrease in maximum voiding detrusor pressure and a significant increase in compliance and residual urine; there were no statistically significant differences between the treatment groups. The percentage of patients who reported severe dryness of the mouth was considerably lower (4%) in those receiving TCl 2 x 20 mg/day than in those receiving Oxy (23%) 3 x 5 mg/day. Withdrawal from treatment was also less frequent in those receiving TCl (6%) than in those receiving Oxy (16%). CONCLUSION: Trospium chloride and oxybutynin, judged in terms of objective urodynamic parameters, are of substantially equal value as parasympathetic antagonists. However, assessment of tolerance in terms of adverse drug effects showed that TCl had certain advantages.",1
W2083404007,Intravesical oxybutinin chloride in children with intermittent catheterization: Sonographic findings,,0
W2035920530,Incontinence in the Nursing Home,"Urinary and fecal incontinence are prevalent, disruptive, and expensive health problems in the nursing home population. Nursing home residents who are incontinent of urine should have a basic diagnostic assessment, including a focused history and bladder record, a targeted physical examination, a urinalysis, and a determination of postvoid residual urine volume done by catheterization or ultrasonography. Potentially reversible conditions, such as fecal impaction and drug side effects, should be identified and treated. Selected residents should have further urodynamic evaluation or other diagnostic tests. Prompted voiding, a simple, noninvasive behavioral intervention, is effective in managing daytime urinary incontinence in one quarter to one third of incontinent nursing home residents. If it is to be effective over a long period of time, this intervention must be targeted to those residents most likely to respond. Selected nursing home residents will benefit from other behavioral interventions, drug therapy, or surgery. Because of the morbidity associated with it, long-term catheterization should only be used for specific indications. Like urinary incontinence, fecal incontinence may be caused by potentially reversible conditions. After such conditions have been excluded, fecal incontinence can generally be managed effectively by avoiding fecal impaction and by using a systematic bowel-training protocol.",0
W2039602892,Influences of trospium chloride and oxybutynin on quantitative EEG in healthy volunteers,,0
W1981220317,Cladribine in treatment of chronic progressive multiple sclerosis,,0
W96015606,The Value of the Vaginal Pack Test in Large Cystoceles,"To detect possible stress urinary incontinence associated with but masked by large cystoceles protruding through the vaginal orifice, a vaginal pack test was done in conjunction with video fluoro-urodynamic studies. Sixteen female patients with large cystoceles did not demonstrate stress urinary incontinence on clinical examination and were included in this study. Additionally, 10 healthy female volunteers underwent the same test to study the effect of a vaginal pack on urethral dynamics. The vaginal pack revealed the presence of stress urinary incontinence in 11 patients (69%): 3 (19%) with type II (vesicourethral hypermobility) and 8 (50%) with type III (internal sphincteric deficiency). After insertion of the vaginal pack, urodynamic studies showed that the closing proximal urethral pressure in patients with stress urinary incontinence was significantly lower than in continent patients (p < 0.05). No significant change in urethral pressures was noted in volunteer subjects after vaginal pack insertion. Fluoroscopy showed kinking of the posterior urethra and enlargement of the most dependent portion of the cystocele, that is the lower half of the hourglass image. Our study suggests that the mechanisms of continence in these patients are multifactorial, including urethral kinking, urethral compression and pressure dissipation. The vaginal pack test is easy to perform, increases visualization of the vesicourethral unit when used with fluoroscopy, and can aid in the selection of patients who would benefit from anti-incontinence surgery and/or cystocele repair.",0
W2426958011,[The tethered cord syndrome : a review of causes].,"We present eighteen cases with Tethered cord syndrome (TCS). They were eleven adults and eight children. There were eight cases with surgical interventions performed in other centers during the newborn period for different types of spinal disraphisms. Clinical onset was insidious in 88% of the cases, and in 12% of the cases was acute, due to a precipitating factor. The main clinical findings were neurological skeletal , urological and cutaneous alterations in variable frequencies. Magnetic resonance imaging (MRI) was the best diagnostic test. Urodynamic studies in patients with urological alterations were abnormal and they helped to establish additional pharmacological treatment. After surgery 88% of the patients had an improvement or an arrest in the progression of the symptoms. Patients with shorter duration of the symptoms (less than 2 years) had a better prognosis.",0
W2197928883,Vasopressin Deficiency inPrimary Nocturnal Enuresis,,0
W2057886478,Kegel exercises and childhood incontinence: A new role for an old treatment,,0
W1990972018,Characterization of the synthesis and secretion of transforming growth factor-alpha from salivary glands and saliva.,"Whole saliva collected from rat, mouse, and human sources was found to contain high concentrations of transforming growth factor-alpha (TGF alpha) when analyzed by RIA. The concentrations of TGF alpha in unstimulated human saliva (age, 30-45 yr; n = 10; 1.5 +/- 3.1 nM) was reduced with age (age, 55-70 yr; n = 10; 0.4 +/- 0.1 nM), but increased in oral pathologies manifested in xerostomia (age, 57-70; n = 6; 0.8 +/- 0.2 nM) and Paget's disease (age, 58-76; n = 8; 2.0 +/- 0.6 nM). Immunohistochemical localization of TGF alpha in the salivary glands of rats and mice revealed specific immunostaining of the granular ductal cells of the parotid and submandibular glands. Reverse transcription followed by polymerase chain reaction amplification of total RNA from the parotid and submandibular glands of rats and mice demonstrated the presence of TGF alpha mRNA, suggesting endogenous synthesis by the salivary glands. Thus, salivary glands appear to be an exocrine source for a second member of the epidermal growth factor-like growth factor family in the oral cavity.",0
W1966674836,Effect of the quaternary ammonium compound trospium chloride on 24 hour jejunal motility in healthy subjects.,"This study aimed to record 24 hour jejunal motility in healthy ambulant subjects and to analyse changes in motility caused by the oral administration of an anticholinergic agent, the quaternary ammonium compound, trospium chloride. In a placebo-controlled, double blind crossover trial, 24 hour jejunal motility was recorded in 12 healthy volunteers, aged 25 (21-30) years, using a digital data logger connected to two strain-gauge transducers mounted 20 cm apart in a flexible nasojejunal catheter. A computer program was developed to determine contraction parameters. Trospium chloride (15 mg orally thrice daily) prolonged the duration of irregular contractile activity after meals (p < 0.02) and reduced its contraction frequency and amplitude (p < 0.001). In the fasting state, the cycle length of the migrating motor complex was prolonged (p < 0.01) by an extended phase I (p < 0.025). Phase III was shortened (p < 0.005) and showed a slower aboral migration velocity (p < 0.005). Clustered contractions were less frequent during postprandial and fasting periods (p < 0.01). Runs of clustered contractions were completely absent with trospium chloride. Digital manometry was useful for long term recordings of jejunal motility and enabled the motor effects of an anticholinergic agent to be characterised in ambulant subjects.",0
W2002836577,AUGMENTATION DURACYSTOPLASTY IN NEUROGENIC BLADDER DYSFUNCTION,"BACKGROUND: Augmentation cystoplasty is the treatment of choice for patients with neurogenic bladder dysfunction in cases that are unresponsive to other medical treatment. Although intestinal segments as bladder substitutes are preferred over the other alternatives at present, they are not ideal bladder replacements due to several potential hazards. The purpose of this study was to determine whether or not augmentation duracystoplasty can be an alternative to augmentation enterocystoplasties. METHODS: Ten patients with neurogenic bladder dysfunction unresponsive to conservative measures, underwent augmentation duracystoplasty by using the modified Bramble-Clam technique. The follow-up period was T-28 months. RESULTS: At present, seven of 10 patients are completely continent for with clean intermittent catheterization. The remaining three patients required oral oxybutinin therapy, postoperatively, to achieve continence although lower dosages than those required in the preoperative period. We did not observe any serious pre- or postoperative complications. CONCLUSIONS: Based on these preliminary findings we think that duracystoplasty can be considered as a treatment alternative for hyperreflexic and/or low compliant neurogenic bladders.",0
W25535940,Intravesical Application ofOxybutynine:Mode of Action in ControllingDetrusor Hyperref lexia,,0
W2038555270,Flavoxate Treatment of Micturition Disorders Accompanying Benign Prostatic Hypertrophy: A Double-Blind Placebo-Controlled Multicenter Investigation,"To investigate the effect of flavoxate (Urispadol) treatment on patients with symptomatic benign prostatic hypertrophy (BPH), with the main weight on the irritative symptoms, a randomized, double-blind, parallel-group, placebo-controlled and multicenter investigation was carried out. Seventy patients entered the study, 37 were allocated to flavoxate treatment on a daily dose of 1,200 mg (400 mg t.i.d.) for 12 weeks, and 33 patients were allocated to placebo treatment. In spite of a sufficient power, the study did not discriminate the two treatment groups in a statistically significant way (p > 0.05), when considering the main endpoints: the irritative symptom score and the global patient evaluation. Conservative treatment of micturition disorders accompanying BPH with flavoxate in doses of 1,200 mg/day cannot be recommended for clinical use.",0
W1988076661,Post-Prostatectomy Incontinence: Urodynamic Findings and Treatment Outcomes,"PURPOSE: We examined urodynamic findings and treatment outcomes in a large population of men with post-prostatectomy incontinence. MATERIALS AND METHODS: A total of 215 men was referred for evaluation and treatment of significant post-prostatectomy incontinence. Urodynamic evaluation consisted of provocation multichannel medium fill cystometry with vigorous attempts to demonstrate incontinence. Treatment was directed by the results of the urodynamic study. A pad scoring system was used to gauge the severity of incontinence before and after treatment. RESULTS: Based on the results of urodynamic studies 40% of the men had genuine stress incontinence alone and approximately 60% had a major component of bladder dysfunction contributing to incontinence. Treatment results of 135 men demonstrated a significant decrease in pad score (p<0.001) for those treated with anticholinergics, those undergoing artificial sphincter insertion and those treated pharmacologically before sphincter placement. CONCLUSIONS: In our large series most men with prostatectomy incontinence did not have genuine stress incontinence alone. Thus, urodynamic studies are critical, not only to define cause of incontinence but to direct effective therapy.",0
W2234115949,Ten years experience with chronic prostatitis in Africans.,"This is a prospective study of seventy three patients with chronic prostatitis over a ten year period (1984-1994. The study was carried out at various hospitals in Lagos Nigeria and Nairobi Kenya. The mean age was 39.3 years. Chronic bacterial prostatitis was diagnosed in 15 patients (20.5%) of which 11 patients (73.3%) had Escherichia coli as the causative pathogen. Four of these patients (36.4%) were symptom and culture free after 12 weeks therapy with trimethoprimsulfamethoxazole. Four of the other seven patients not responding to trimethoprim (57.1%) became symptom and culture free after four weeks therapy with ciproflaxacin. Non bacterial prostatitis including prostatodynia was diagnosed in 58 patients (79.5%). Only 15 of these patients (25.8%) reported some subjective relief of symptoms on emperic therapy with doxycycline with complete relapse on discontinuation of therapy. Further therapy with non steroidal anti-inflammatory ibuprofen and anticholinergic oxybutinin chloride proved effective in alleviating symptoms in 40 patients (68.96%), but all relapsed on discontinuation of therapy emphasizing the ineffective and unsatisfactory nature of the present emperic treatment regimens as the cause of non bacterial prostatitis remains unknown.",0
W67332013,"Efficacy of oxybutynin, pseudoephedrine and indomethacin in the treatment of primary nocturnal enuresis.","The efficacy of oxybutynin, pseudoephedrine and indomethacin treatment was investigated in 29 patients with primary nocturnal enuresis. Patients were randomly assigned to either oxybutynin (1st group, n = 9), pseudoephedrine (2nd group, n = 11) or indomethacin (3rd group, n = 9) treatments. Oxybutynin and indomethacin did not cause a statistically significant difference in the number of dry nights (p > 0.05), but patients treated with pseudoephedrine had a significant increase in the number of dry nights (p < 0.05). Five patients in the oxybutynin and one patient in the indomethacin group experienced side effects. None of the patients in the pseudoephedrine group had any complaints with the drug. We therefore conclude that pseudoephedrine can be an alternative in the treatment of primary nocturnal enuresis.",0
W2003516053,Effect of food on the bioavailability of oxybutynin from a controlled release tablet,,0
W47153971,Phenazopyridine in Urinary Tract Infections,,0
W1229846626,Comparison of the effects of various anticholinergic drugs on human isolated urinary bladder.,"We investigated the effects of various anticholinergic drugs (atropine, oxybutynin, terodiline and propiverine) on the contractions induced by acetylcholine, KCl, CaCl2, and electrical field stimulation, in human isolated urinary bladder smooth muscles using the muscle bath technique. Urinary bladders were obtained from 20 patients who underwent total cystectomy due to malignant bladder tumor. The detrusor preparations were taken from the intact part of the dome of the bladder. Acetylcholine caused a concentration-dependent contraction in human detrusor preparations. Atropine (10(-9)-10(-6) M), oxybutynin (10(-8)-10(-5) M), terodiline (10(-7)-10(-5) M) and propiverine (10(-7)-10(-5) M) caused parallel shifts to the right of the concentration-response curves to acetylcholine. The rank order of pA2 values was: atropine > oxybutynin > terodiline = propiverine. Atropine did not suppress the maximum contraction to acetylcholine, while the other drugs significantly suppressed the maximum contractions at the higher concentrations. Each drug caused a concentration-dependent inhibition of the KCl (80 mM)- and CaCl2 (5 mM)-induced contractions; the maximum inhibitions of terodiline and propiverine were significantly greater than those of oxybutynin and atropine. Each drug caused a concentration-dependent inhibition of the contraction induced by electrical field stimulation; the maximum inhibitions of terodiline and propiverine were significantly greater than those of oxybutynin and atropine. The results suggest that the drugs have both anticholinergic and calcium antagonistic effects. Furthermore, it also appears that part of the human bladder contraction, which was significantly inhibited by terodiline and propiverine, is an atropine-resistant component.",0
W1983341063,Long-Term Bladder Dysfunction in Boys with Posterior Urethral Valves,"We report a series of 60 children operated on for posterior urethral valve (PUV) before the age of 5 years and followed up for 10 years. This work aims to study the vesico-sphincteric sequelae of this malformation. 38 patients showed early urinary incontinence post-operatively. Of them, 20 were re-evaluated 10 years later by pelvic ultrasonography, pressure flow studies combined with EMG and assessment of renal function. 8 patients refused to undergo these investigations and 10 were lost to follow-up. Of the 28 evaluable patients, 22 are currently continent and a complete urodynamic study was performed for the 6 (10%) incontinent patients. Of them, 3 showed uninhibited detrusor contractions. The vesical compliance was frequently within the normal limits. No case of detrusor-sphincteric dyssynergy or urethral hypotony was found. 2 were successfully treated by oxybutinin and biofeedback reeducation, 2 were partially improved but their prostates are still in growth and the possibility of implanting an artificial sphincter was discussed in the remaining 2. The urodynamic evaluation of those patients in the long-term is encouraging.",0
W1986988694,Phytotherapy for the prostate,,0
W1974875833,Nonoperative management of urinary incontinence,"Recent public health policies emphasize managing urinary incontinence nonoperatively, rather than proceeding directly to surgery. Advantages of this approach include decreased cost and risk. Additionally, incontinence treatment becomes accessible to many more women, by expanding care to nonspecialists. This article reviews data published in the past 18-24 months pertaining to conservative management of incontinence. Specific modalities reviewed include pelvic floor muscle exercises, electrical stimulation, medication, vaginal devices, and bladder training.",0
W2006852883,Intravesical oxybutynin for spinal cord injury patients,,0
W2024655960,The Role of Ureter in the Creation of Mitrofanoff Channels in Children,"PURPOSE: Since 1980 numerous variations of the Mitrofanoff principle have been described. We report on 22 children in whom a ureteral Mitrofanoff channel was created. MATERIALS AND METHODS: Between 1986 and 1995 a ureteral Mitrofanoff channel was constructed as a catheterizable conduit in 22 children 2 to 15 years old (average age 6.5) with various abnormalities of the lower urinary tract, mainly exstrophy and neurogenic bladder. Indications included unavailability or unsuitability of the appendix, preference for appendix as a catheterizable colonic stoma for antegrade washouts or concomitant removal of a nonfunctioning kidney, leaving the ureter available for use. Surgical technique was based on the principles of appendicovesicostomy and in 9 cases the ureteral Mitrofanoff channel was reimplanted. RESULTS: Followup ranged from 1 to 72 months (average 30.5). Complications included stenosis of the conduit that caused difficult catheterization in 3 patients, necessitating dilation or minor revision in 2 and complete replacement by appendix in 1. Urinary leakage from the Mitrofanoff channel in 5 patients was treated with polydimethylsiloxane injection or oxybutinin. In 1 patient the channel was reimplanted, since the catheter struck the bladder neck during catheterization and caused severe pain. CONCLUSIONS: Results of the ureteral Mitrofanoff channel seem somewhat less satisfactory than those of appendicovesicostomy but they remain acceptable and even comparable, strongly supporting its use in certain circumstances.",0
W2040008446,"Comparison of Oxybutynin and its Active Metabolite, N-Desethyl-Oxybutynin, in the Human Detrusor and Parotid Gland","PURPOSE: To compare in vitro the antimuscarinic effect of oxybutynin and its active metabolite, N-desethyl-oxybutynin, on human detrusor, and their binding characteristics in detrusor and parotid gland. MATERIALS AND METHODS: Antimuscarinic effect in the detrusor was assessed as the ability of the drugs to inhibit carbachol-induced contractions and contractions induced by electrical nerve stimulation. In addition, the drugs' ability to displace 3H-QNB from muscarinic receptors was investigated. RESULTS: Both oxybutynin and N-desethyl-oxybutynin caused a rightward shift of the concentration-response curve for carbachol without depression of the maximum, indicating a competitive antagonism. The pA2 values were 7.8 for oxybutynin and 7.6 for N-desethyl-oxybutynin. Contractions induced by electrical nerve stimulation were depressed by 87% by oxybutynin (10 microM) and by 91% by N-desethyl-oxybutynin (10 microM). In radioligand receptor binding studies on the detrusor, oxybutynin and N-desethyl-oxybutynin had uniform displacement curves and the same pKi value, 8.2. The affinity for N-desethyl-oxybutynin in the parotid gland was significantly higher, the pKi value being 8.7. The corresponding figure for oxybutynin was 8.5. CONCLUSIONS: We conclude that oxybutynin and N-desethyl-oxybutynin have a similar antimuscarinic effect in the human detrusor, and the same binding characteristics in detrusor and parotid gland, respectively.",0
W2460169184,Role of pharmacotherapy for urinary incontinence.,,0
W2059240022,Tolterodine-a new bladder selective muscarinic receptor antagonist: Preclinical pharmacological and clinical data,,0
W1967031158,"Efficacy and safety of two doses of tolterodine versus placebo in patients with detrusor overactivity and symptoms of frequency, urge incontinence, and urgency: urodynamic evaluation",,1
W2417311322,[Role of alfuzosin in the treatment of functional voiding disorders in women].,"Voiding dysfunction of the lower urinary tract represent a diagnostic and therapeutic challenge being the symptoms and urodynamic finding not strictly related. 34 women with urgency-frequency symptoms and post voiding residual urine were treated with alfuzosin 2.5 mg. twice daily alone or associated to oxibutinine 25 mg twice daily in patients with destrusor instability. After 30 days from therapy 69% presented a post void residual urine less than 40 ml, while 76% presented a flw max more than 15 ml/sec. At follow up 12 months the results remained unchanged. Alfuzosin alone or in association with oxibutinin can lower the urinary resistance to flow without modifying the maximum urethral pressure (MUP).",0
W2076020064,Electromotive Administration of Oxybutynin into the Human Bladder Wall,"PURPOSE: To compare concentrations of oxybutynin in the human bladder wall after either passive delivery (PD) or electromotive administration (EMDA). MATERIALS AND METHODS: Tissue sections of human bladder were inserted into a diffusion cell with urothelium exposed to the donor compartment containing oxybutynin (4.5 mg. in 100 ml. NaCl 0.45%) and an anode. Twelve paired experiments, ""current 5 mA/no current"", were conducted over 15 minutes. Oxybutynin tissue contents were measured and tissue viability, morphology and oxybutynin stability were assessed. RESULTS: Mean oxybutynin tissue concentrations were 3.84 micrograms./gm. in samples exposed to EMDA and 0.87 microgram./gm. in samples exposed to PD (p = 0.0006). The mean coefficients of variation were 57.85% in EMDA experiments and 89.78% in PD experiments. Tissues were viable and undamaged histologically and no oxybutynin structural modification was observed. CONCLUSIONS: EMDA enhances oxybutynin administration into viable bladder wall and reduces the variability in drug delivery rate.",0
W2064430566,Tolterodine – a new bladder-selective antimuscarinic agent,,0
W2012812818,Oxybutynin in the treatment of early detrusor instability after transurethral resection of the prostate,"OBJECTIVE: To evaluate the symptomatic and urodynamic effects of oxybutynin in the control of irritative micturitional symptoms during the first week after transurethral resection of benign prostatic hyperplasia (BPH). PATIENTS AND METHODS: Fifty-three patients (median age 67 years, interquartile range 62-72) were included prospectively in a double-blind placebo-controlled study. Pre-operatively, uroflowmetry and cystometrography (CMG) were performed, and the post-void residual volume (PVR) measured; symptoms were rated according to the Boyarski score. CMG was repeated on the first post-operative day and medication was started on the third day. Before withdrawing the catheter on the fifth day. CMG was repeated. Three days later, symptoms were evaluated according to the Boyarski score and uroflowmetry and the estimate of PVR reassessed. RESULTS: In comparison with placebo, oxybutynin significantly decreased frequency, urgency and detrusor pressure at first sensation of filling. However, oxybutynin did not lower the rate of pre-operative detrusor instability and exerted no effect on the maximal capacity of the bladder and corresponding detrusor pressure. Dryness of mouth was reported in 13% and 65% of patients receiving placebo and oxybutynin, respectively. CONCLUSION: Oxybutynin alleviates early irritative symptoms after transurethral resection of BPH, without consistently modifying bladder urodynamics.",0
W2030840973,Explicit criteria for determining potentially inappropriate medication use by the elderly. An update.,"This study updates and expands explicit criteria defining potentially inappropriate medication use by the elderly. Additional goals were to address whether adverse outcomes were likely to be clinically severe and to incorporate clinical information on diagnoses when available. These criteria are meant to serve epidemiological studies, drug utilization review systems, health care providers, and educational efforts. Consensus from a panel of 6 nationally recognized experts on the appropriate use of medication in the elderly was sought. The expert panel agreed on the validity of 28 criteria describing the potentially inappropriate use of medication by general populations of the elderly as well as 35 criteria defining potentially inappropriate medication use in older persons known to have any of 15 common medical conditions. Updated, expanded, and more generally applicable criteria are now available to help identify inappropriate use of medications in elderly populations. These criteria define medications that should generally be avoided in the ambulatory elderly, doses or frequencies of administrations that should generally not be exceeded, and medications that should be avoided in older persons known to have any of several common conditions.",0
W2084357603,Effect of Time Interval between Food and Drug Ingestion on the Absorption of Oxybutynin from a Controlled‐Release Tablet,"The effect of time interval between food and drug ingestion on the bioavailability of oxybutynin was investigated in a randomized, three-phase cross-over study in 31 healthy volunteers. The serum concentrations of oxybutynin and the metabolite, N-desethyloxybutynin were measured up to 48 hr after ingestion of a controlled-release 10 mg oxybutynin tablet either in fasting state, 2 hr after breakfast or 1 hr before. The Cmax of both oxybutynin (P < 0.0001) and N-desethyloxybutynin (P < 0.0001) and the AUC0-1 of N-desethyloxybutynin (P < 0.05) were significantly larger when oxybutynin was ingested 2 hr after breakfast, than during the fasting, but the AUC0-1 of oxybutynin remained unchanged. Breakfast ingested 1 hr after oxybutynin did not affect the pharmacokinetic parameters of oxybutynin or N-desethyloxybutynin. The saliva secretion rate decreased slightly more (P < 0.05), when oxybutynin was administered 2 hr after breakfast than during fasting. The effect of food ingestion on the serum concentrations of oxybutynin and N-desethyloxybutynin is expected to have minor clinical significance only. However, ingestion of the controlled-release tablet 1 hr before meal increases the likelihood of obtaining constant drug levels with lower peak concentrations during the dosage interval, and thus ingestion of the controlled-release tablet 0.5-1 hr before food may well improve tolerability and compliance in patients who suffer from adverse reactions.",0
W2051089096,Itraconazole moderately increases serum concentrations of oxybutynin but does not affect those of the active metabolite,,0
W2018654453,The use of salivary stimulant pastilles to improve compliance in women taking oxybutynin hydrochloride for detrusor instability: a pilot study,"OBJECTIVE: To assess the efficacy of salivary stimulant pastilles in improving tolerance of and compliance with oxybutynin chloride for detrusor instability. PATIENTS AND METHODS: Thirty women with detrusor instability were treated with oxybutynin in either a fixed or variable dose. After 3 weeks, patients were given salivary stimulant pastilles (Salivix, Thames Laboratories, Clwyd, UK) to chew as often as required. Symptom diaries were used to record episodes of dry mouth (xerostomia) together with a 100 mm visual analogue scale (VAS) score of the severity of xerostomia. RESULTS: The frequency of xerostomia was unchanged but there was a significant decrease in median severity from 71 to 39 on the VAS (P < 0.05, Mann-Whitney U-test). Nine patients on the variable-dose regimen tolerated a higher dose of oxybutynin when taking the pastilles (P < 0.01, Wilcoxon's matched-pairs test). CONCLUSION: Salivary stimulant pastilles appear to be a useful adjuvant therapy for patients receiving oxybutynin chloride for detrusor instability, allowing higher doses of oxybutynin to be tolerated.",0
W2115469848,"Medically recognized urinary incontinence and risks of hospitalization, nursing home admission and mortality","OBJECTIVES: this study examined the association between medically recognized urinary incontinence and risk of several disease conditions, hospitalization, nursing home admission and mortality. DESIGN: review and abstraction of medical records and computerized data bases from 5986 members, aged 65 years and older, of a large health maintenance organization in northern California. RESULTS: there was an increased risk of newly recognized urinary incontinence following a diagnosis of Parkinson's disease, dementia, stroke, depression and congestive heart failure in both men and women, after adjustment for age and cohort. The risk of hospitalization was 30% higher in women following the diagnosis of incontinence [relative risk (RR) = 1.3, 95% confidence interval (CI) = 1.2-1.5] and 50% higher in men (RR = 1.5, 95% CI = 1.3-1.6) after adjustment for age, cohort and co-morbid conditions. The adjusted risk of admission to a nursing facility was 2.0 times greater for incontinent women (95% CI = 1.7-2.4) and 3.2 times greater for incontinent men (95% CI = 2.7-3.8). In contrast, the adjusted risk of mortality was only slightly greater for women (RR = 1.1; 95% CI = 0.99-1.3) and men (RR= 1.2; 95% CI= 1.1-1.4). CONCLUSIONS: urinary incontinence increases the risk of hospitalization and substantially increases the risk of admission to a nursing home, independently of age, gender and the presence of other disease conditions, but has little effect on total mortality.",0
W2101919526,THE ROLE OF OXYBUTYNIN IN SPINAL CORD INJURED PATIENTS WITH INDWELLING CATHETERS,"PURPOSE: The long-term benefits of oral oxybutynin in spinal cord injured patients with indwelling catheters is unknown. We reviewed our experience with this population of men and present the results of our analysis. MATERIALS AND METHODS: A total of 109 male spinal cord injured patients at the Houston Veterans Affairs Medical Center have been treated with chronic indwelling catheters (80 transurethral and 29 suprapubic). Thirty-eight patients (35%) were identified as using oxybutynin on a regular basis. These patients were compared to those not using oxybutynin with regard to urodynamic parameters and upper tract deterioration. Specifically examined were bladder compliance, bladder leak point pressure, vesicoureteral reflux, hydronephrosis, urolithiasis, febrile urinary tract infections and serum creatinine greater than 2 mg./dl. RESULTS: The mean duration of indwelling catheter use was 11.9 years (12.4 without oxybutynin and 10.9 on oral oxybutynin). Of the 31 patients with normal compliance (greater than 20 ml./cm. water), 24 (77%) were using oxybutynin (p = 0.001). Bladder leak point pressures were abnormal (greater than 35 cm. water) in 5 of 32 patients (16%) on oxybutynin versus 34 of 60 (57%) without it (p <0.001). Hydronephrosis was present in 15 of 66 patients (23%) without oxybutynin versus 1 of 36 (3%) with oxybutynin (p = 0.009). Febrile urinary tract infections occurred in 4 of 35 patients (11%) versus 17 of 62 patients (27%) with or without oxybutynin, respectively (p = 0.077). No significant differences were found between the 2 groups with regard to reflux, renal scars, stones or elevated serum creatinine. CONCLUSIONS: It appears that regular use of oxybutynin may be beneficial in spinal cord injured patients who require chronic indwelling catheters for bladder management. Our analysis reveals that patients who take oxybutynin regularly have better bladder compliance, lower bladder leak point pressures and less hydronephrosis. Until a prospective, randomized trial reveals contradicting outcomes, empiric use of oxybutynin in all spinal cord injured patients requiring chronic indwelling catheters seems justified.",0
W2021552212,Serum tryptase levels in adverse drug reactions,"We evaluated the usefulness of individual tryptase levels and variations after adverse drug reactions in 64 patients. Our aim was to find a tool for the diagnosis of drug allergy. Thirty-seven subjects were confirmed to have drug allergy, 12 had nonsteroidal anti-inflammatory drug (NSAID) reactions, five had negative controlled drug challenges (NAAR), and 10 had symptoms after placebo intake (PLA). Serum tryptase levels greatly increased after anaphylactic shocks (2242%) and anaphylaxis (710.5%). Patients with allergic urticaria and those with idiosyncratic responses to acetylsalicylic acid (ASA) exhibited a small increase in serum tryptase (49.5% and 38.2%, respectively). In the other two groups (NAAR and PLA), no variation in this serum protease was observed. The time of appearance of the serum tryptase peak differed considerably among patients with similar clinical reactions (from 30 min to 6 h) and was independent of the latent period, severity of symptoms, or the amount of tryptase released. We conclude that serum tryptase determinations are helpful in the diagnosis of anaphylactic shock and anaphylaxis, but serial measurements may be needed to confirm mast-cell participation in milder reactions.",0
W62620265,[Medical treatment of bladder instability. Our experience].,"OBJECTIVE: To identify the factors that influence response to treatment of vesical instability. METHODS: A retrospective study was conducted to assess the efficacy of drug therapy with oxybutinin and imipramine in 89 patients with urodynamically demonstrated detrusor hyperreactivity. Control evaluations were performed at 2, 5 and 8 months. Evaluation of the results took into account the etiology, pressure and volume at which the wave of instability appeared. RESULTS: The results were evaluated according to patient subjective criteria. We observed a positive response (cure and improvement) to treatment with oxybutinin alone or oxybutinin+imipramine in 66.25% of the cases; side effects were observed in 44%. There was a 20% improvement in the positive response rate when the wave intensity was greater than 55 cm H2O and the bladder volume at which this occurred was greater than 150 ml. No patient treated with second line drug therapy (flavoxate, nifedipine and trospium chloride) cured. CONCLUSIONS: The etiology of vesical instability did not influence response to therapy. Waves with a greater intensity and those that appeared at higher volumes responded better to treatment. Nearly half of the patients with side effects required a reduction of the dosage or withdrawal of the drug. Our results and those reported elsewhere indicate that non-responders to treatment with oxybutinin alone or in combination with imipramine are unlikely to improve with currently available drug therapy.",0
W2088679190,Clinical efficacy and safety of tolterodine in the treatment of overactive bladder: A pooled analysis,,0
W2030052255,Identification of Medications That Cause Cognitive Impairment in Older People: The Case of Oxybutynin Chloride,"OBJECTIVES: To evaluate the cognitive effects of acute challenges with the antispasmodic agent oxybutynin hydrochloride in normal older volunteers and to compare these effects with those attributable to diphenhydramine, another commonly used medication with anticholinergic (muscarinic-blocking) activity. DESIGN: A double-blind, placebo-controlled cross-over study. SETTING: Laboratory evaluations of community subjects. PARTICIPANTS: A convenience sample of 12 volunteers, average age 69.17 years. INTERVENTION: Baseline assessment was followed by randomized administration of a placebo, oxybutynin hydrochloride (5 and 10 mg), and diphenhydramine hydrochloride (50 mg) in test sessions separated by 1 week. MEASUREMENTS: Evaluation of cognitive performance with a 1-hour battery of pencil and paper, interviewer-administered, and computer-administered tests beginning 90 minutes after drug (or placebo) administration. RESULTS: Random regression analyses demonstrated that oxybutynin caused significant cognitive decrements on seven of 15 cognitive measures, and diphenhydramine caused decrements on five measures. The most sensitive measures for detecting the effects of oxybutynin hydrochloride were the Buschke Selective Reminding Test and Reaction Time. CONCLUSIONS: These findings demonstrate that oxybutynin can cause cognitive impairment and suggest that physicians prescribing it should monitor their patients to facilitate the early recognition of those who experience drug-related cognitive deficits. More generally, the findings demonstrate that systematic research with normal volunteers can identify cognitive toxicity not recognized during the process of drug development or postmarketing surveillance.",1
W1977586210,Efficacy and safety of tolterodine in patients with detrusor instability: a dose‐ranging study,"OBJECTIVE: To investigate the efficacy and safety of tolterodine, a new antimuscarinic agent, and define the optimum dosage in patients with symptoms of detrusor instability (urgency, increased frequency of micturition and/or urge incontinence). PATIENTS AND METHODS: A double-blind, placebo-controlled, multicentre study was carried out; after a 1-week run-in period to establish baseline values, 81 patients were randomized to receive placebo or tolterodine 0.5, 1, 2 or 4 mg twice daily for 2 weeks. Micturition (diary) variables, urodynamics and subjective urinary symptoms were assessed after 2 weeks' treatment. RESULTS: A per-protocol analysis of efficacy in 64 patients showed dose-related improvements in recorded micturition and urodynamic variables, e.g. at a dosage of 2 mg twice daily, the frequency of micturition, episodes of incontinence and pad use were reduced by 20%, 46% and 29%, respectively, while the volume at first contraction increased by 89 mL. The 4 mg dosage was associated with a large increase in residual urinary volume and an increased incidence of dry mouth. The incidence of adverse events (mainly mild or moderate antimuscarinic effects) was comparable with placebo at tolterodine dosages of < or = 2 mg. No serious adverse events were observed and tolterodine had no clinically significant impact on electrocardiographic or laboratory findings. CONCLUSION: The results indicate that tolterodine offers an effective treatment for the symptoms of detrusor instability. The optimum dosage appears to be 1-2 mg twice daily.",1
W2414854661,[An update on clinical and therapeutic aspects of nocturnal enuresis].,"Justification of early treatment of nocturnal enuresis is founded in the negative psychological impact on the child. In fact nocturnal enuresis delays early autonomy and socialisation by decreasing in self-esteem and self-confidence. Nocturnal enuresis classification is the preliminary step to correct therapy. Enuresis must be classified as primary (never acquired nocturnal control) or secondary (at least 6 months of dry nights). A child is also classified as having monosymptomatic enuresis if she/he experienced only night wetting and symptomatic enuresis if she/he experienced night wetting associated with diurnal voiding symptoms (urinated > or = 7 times a day, urgency, damp pants, squatting, holding the perineum, sitting on one heel). Monosymptomatic patients must be treated with desmopressin nasal spray at the daily dose of 20 micrograms at bed time. If the reduction of at least the 50% of the basal number of the wet nights is not achieved, the dosage must be increased until 40 micrograms. For patients affected by rhinitis or asthma, desmopressin is now available in tablets. In symptomatic patients desmopressin therapy must be associated to oxybutinin (5 mg x 2). Therapy interruption must be gradual with desmopressin reduction of 10 micrograms every 30 days. In symptomatic patients oxybutinin must be introduced only at bed time. The efficacy of the drugs depends on the therapy length. The highest percentage of success is obtained if the treatment is protracted for at least six months. Antidepressants are also used for nocturnal enuresis especially imipramine. The dosage varies between 0.5-1.5 mg/ kg/daily. As plasmatic levels are achieved only in 30% of treated patients, a 3-5 fold increase in suggested. Nevertheless these levels result in near toxic threshold concentration. Sporadic treatment purposes include amytriptiline, diclofenac sodicum, viloxsazine and methilphenidate if giggle incontinence is present. Non responders may be treated with alarm. If after 16 weeks of treatment no success is obtained alarm use must be interrupted.",0
W2036625621,Pharmacologic options for the overactive bladder,,0
W2472860967,[Efficacy of oxybutynin chloride in children with vesico-ureteral reflux and detrusor instability].,"OBJECTIVE: The purpose of this study was to assess the urodynamic (UD), radiological (VCUG) and clinical outcome in patients with detrusor instability (DI) and vesico-ureteral reflux (VUR). PATIENTS AND METHODS: UD and VCUG findings in 24 patients between 4 and 18 years of age (mean 7.6 years) with a simultaneous diagnosis of VUR and DI were reviewed. All presented with recurrent urinary tract infections (UTI). Twenty were female of whom 8 also had enuresis and daytime symptoms. Ten had bilateral VUR, making a total of 34 units. Mean follow-up was 40 months (range 18-97 months) and at least 2 UD studies were done. Treatment consisted of oxybutinin chloride (OC) and chemoprophylaxis. RESULTS: Treatment lasted an average of 31 months with an average dose of 11 mg/day. There was a statistically significant improvement in UTI rate, enuresis score and UD parameters [CysCap, volume at 1st contraction, maximum contraction and compliance (comp)]. Thirteen patients achieved stable bladders and 9 had some UD improvement (3 with low compliance and 2 with less severe DI), leaving 2 with unchanged DI. Reflux disappeared in 20 units and was downgraded in 6. VUR improvement coincided with the cases of UD improvement. Persistence of DI was always associated with persistent VUR. CONCLUSIONS: Oxybutinin treatment can be long, but UD and VUR improvement run parallel in most cases. The rare discrepant cases point towards a multifactorial ethology in this condition.",0
W2035681840,Economic costs of urinary incontinence in 1995,,0
W2036984404,The pharmacokinetics of oxybutynin is unaffected by gender and contraceptive steroids,,1
W2418228024,[Management of hyposalivation caused by oxybutynin chloride in the treatment of the unstable bladder].,"OBJECTIVE: To know the incidence of adverse reactions from Oxybutynin Chloride, with special reference to salivary hyposecretion and to evaluate the effectiveness of the different alternatives employed to solve it. MATERIAL AND METHOD: 144 adult patients with signs and symptoms of voiding urgency and detrusor-hyperactivity incontinence, who were treated with Oxybutynin 5 to 15 mg/day. Hyposecretion of several exocrine glands was evaluated using a questionnaire that included subjective and objective parameters. For managing purposes, patients were divided into 3 groups: 1) General measures; 2) Therapy with sialagogues; and 3) Replacement therapy with artificial saliva. RESULTS: 42% patients treated with Oxybutynin developed mild-to-moderate hyposialism. 26% had severe hyposialism, always related to high dose Oxybutynin. 6% skin dryness, 3% eye dryness and 2% dryness in all the above glands (dry syndrome). Regarding treatment, most patients with mild-to-moderate hyposialism were managed with simple general measures. In severe hyposialism, both sialagogues (Eledoisine) and artificial saliva (Bucalsone) were resolutive in over 90% cases. CONCLUSIONS: Oxybutynin is an effective drug to stop detrusor hyperactivity, but it has a high rate of anticholinergic adverse reactions. There is a number of effective therapeutic options available to alleviate these effects, which allow the patient to continue with the treatment.",0
W2034266133,Effects of Systematic Treatment Based on OvernightSi multaneous Monitoring of Electroencephalography and Cystometry,,0
W3193096982,Tolterodine,,0
W2089164556,"Pharmacologic Actions of Temiverine (p‐l NN) and its Active Metabolite, RCC‐36, on Isolated Human Urinary Bladder Muscle","BACKGROUND: Temiverine (p-INN) is a newly synthesized drug that is expected to have anticholinergic action. We investigated the pharmacologic actions of temiverine and its active metabolite, RCC-36, on isolated human bladder. METHODS: Effects of temiverine and RCC-36 on the detrusor contractions induced by acetylcholine, potassium chloride (KCl), calcium chloride (CaCl2), and electric field stimulation were evaluated using the muscle-bath technique, and compared with the effects of atropine and oxybutynin. RESULTS: Atropine (10(-9) to 10(-6) mol/L), oxybutynin (10(-8) to 10(-5) mol/L), temiverine (10(-8) to 10(-5) mol/L), and RCC-36 (10(-8) to 3 x 10(-6) mol/L) caused a parallel shift to the right of the concentration-response curves to acetylcholine stimulation. The rank order of pA2 value was atropine > oxybutynin = RCC-36 > temiverine. Atropine did not suppress the maximum contractile response to acetylcholine, but the other drugs significantly suppressed this at the higher concentrations. Each drug caused a concentration-dependent inhibition of KCl (80 mmol/L)-, and CaCl2 (5 mmol/L)-induced contractile responses. Rank order of maximum inhibition was RCC-36 = temiverine > oxybutynin > atropine. Each drug caused a concentration-dependent inhibition of electric field-induced contraction with or without 10(-6) mol/L atropine pretreatment. Maximum inhibitions of temiverine and RCC-36 were significantly greater than that of oxybutynin. CONCLUSION: Atropine, oxybutynin, temiverine, and RCC-36 have different efficacies and potencies of anticholinergic and calcium antagonistic activity on isolated human detrusor muscles. Furthermore, temiverine and RCC-36 have significant inhibitory actions toward the atropine-resistant part of contractions, which may be related to the calcium antagonistic actions of these compounds.",0
W72147436,"[Intravesical instillation of trospium chloride, oxybutynin and verapamil for relaxation of the bladder detrusor muscle. A placebo controlled, randomized clinical test].","Therapy of detrusor hyperactivity with anticholinergic agents often is followed by adverse drug reactions. Intravesical application may be an interesting alternative. A randomised, single-blind, placebo-controlled, mono-centre clinical trial was carried out in 84 patients with urgency or urge incontinence. Due to intravesical administration of oxybutynin (CAS 5633-20-5) (n = 21) and trospium chloride (CAS 10405-02-4) (n = 21), respectively, a significant increase in maximum bladder capacity and decrease of detrusor pressure accompanied by an increase of residual urine were found in comparison to placebo in urodynamical investigations. Improvement of uninhibited bladder contractions occurred leading to higher filling volume. Under verapamil (CAS 152-11-4) (n = 21) no marked changes in the efficacy variables were found compared with placebo. All patients completed the study and were assessed with regard to efficacy and safety. No adverse events or marked changes in the vital signs were reported. The immediate onset of effect and the lack of adverse drug reactions suggest that treatment with topical oxybutynin or trospium chloride is an effective alternative in patients with intolerable side effects when orally treated. In addition, intravesical administration may be indicated in patients with bladder spasms due to indwelling catheter or in order to increase bladder capacity before percutaneous cystostomy.",0
W2067822093,Toxicology reviews: Physostigmine,These actual cases illustrate the two contrasting features for which physostigmine is best known; that of a valuable antidote which promptly and dramatically reverses anticholinergic delirium and that of a drug which can cause cardiac standstill if not given properly. Recognition of this drug's actions and potential toxicities is key to its safe use.,0
W2394892911,"[Which treatment should children with recurrent urinary infections, without anatomical anomalies, receive?].","OBJECTIVE: To determine the best treatment for children with recurrent infection of the lower urinary tract and without anatomical abnormalities. METHODS: A clinical study was conducted on 150 children (30 boys and 120 girls), aged 4 to 36 months (mean 16), with recurrent urinary tract infections (UTI) and no radiological evidence of anatomical abnormalities. They were divided into three groups: group I was treated with a single nightly prophylactic dose of an antibiotic; group II received a single nightly dose of oxybutinin, or divided in 2-4 doses; group III received a single nightly prophylactic dose of an antibiotic and oxybutinin as in group II. RESULTS: There were more episodes of UTI in group I (44/50), more hospitalizations and problems of malnutrition, and a longer period of treatment was required. In group II, 14/50 children had episodes of UTI, their nutritional status improved and there were less hospitalizations. In group III, 3/50 children had episodes of UTI; they were the best responders and required a shorter duration of treatment. CONCLUSIONS: Prophylactic therapy requires a longer period of treatment. The use of oxybutinin is an alternative modality in the treatment of these children. Combination therapy with a single nightly dose of an antibiotic and anticholinergic (oxybutinin) appears to be the best therapeutic modality for children with recurrent UTI and no anatomical abnormality.",0
W2024975356,"Tolterodine, a new antimuscarinic agent: as effective but better tolerated than oxybutynin in patients with an overactive bladder","OBJECTIVE: To compare the efficacy and tolerability of tolterodine with that of oxybutynin in patients with an overactive bladder. PATIENTS AND METHODS: A randomized, double-blind, placebo-controlled, parallel group, multinational phase-III study was conducted in urology and gynaecology clinics in the UK, Republic of Ireland and Sweden. The study enrolled 293 patients with urodynamically confirmed bladder overactivity, increased frequency of micturition (> or = micturitions/24 h) and symptoms of urgency and/or urge incontinence (> or = 1 episode/24 h). Patients received either tolterodine (2 mg twice daily) or oxybutynin (5 mg three times daily) or placebo. Doses could be reduced, to prevent withdrawal, to 1 mg or 2.5 mg, respectively. The main outcome measures were the mean change from baseline in frequency of micturition/24 h, the number of incontinent episodes/24 h and volume voided per micturition. RESULTS: After 12 weeks' treatment, the mean frequency of micturition decreased by 21% and 19.5% in those receiving tolterodine (n = 118) and oxybutynin (n = 118), respectively, and by 10.5% in those on placebo (n = 57). Among those with urge incontinence at baseline (75% of patients), the mean number of incontinent episodes decreased by 47%, 71% and 19%, respectively, in those receiving tolterodine, oxybutynin and placebo. The effect of tolterodine and oxybutynin on these two micturition variables was statistically equivalent. There was also a comparable increase in mean volume voided per micturition in the tolterodine (27%) and oxybutynin groups (31%), compared with 7% in the placebo group. Dry mouth was the most common adverse event and was reported with greater frequency and intensity among patients receiving oxybutynin than among those receiving either tolterodine or placebo. In the oxybutynin group, more patients also withdrew because of adverse events and a greater proportion required dose reduction as a result of adverse events. Despite dose reduction, the frequency of adverse events and the intensity of dry mouth remained higher among those receiving oxybutynin (2.5 mg three times daily) than in patients who remained on tolterodine 2 mg twice daily. CONCLUSION: Tolterodine 2 mg twice daily is effective and well tolerated in the treatment of bladder overactivity. Tolterodine was better tolerated than oxybutynin, particularly with respect to the frequency and intensity of dry mouth, but had comparable clinical efficacy. The superior tolerability of tolterodine therefore allows more patients to remain on effective therapy than the current most commonly prescribed agent for the treatment of the overactive bladder.",1
W2023939615,Comparison of the in vitro and in vivo profiles of tolterodine with those of subtype-selective muscarinic receptor antagonists,,0
W1982481499,Follow-Up of Long-Time Treatment with Intravesical Oxybutynin for Neurogenic Bladder in Children,,0
W2023465894,Comparative Tolerability of Drug Therapies Used to Treat Incontinence and Enuresis,,0
W2411784913,Comparison of the effects of various spasmolytic drugs on isolated human and porcine detrusor smooth muscle.,"The spasmolytic activity of flavoxate (CAS 15301-69-6), anticholinergic agents oxybutynin (CAS 5633-20-5), and trospium chloride (CAS 10405-02-4), drugs commonly utilized in the therapy of hyperactive bladder, and phosphodiesterase (PDE) inhibitors papaverine (CAS 58-74-2) and vinpocetine (CAS 42971-09-5) on muscarinic contractions of detrusor smooth muscle strips isolated from human and porcine urinary bladder was studied in vitro using the organ bath technique. Trospium chloride was most effective in relaxing contractions elicited by muscarinic stimulation, while flavoxate was significantly less effective than all other drugs tested. The relaxing potency of oxybutynin was greater than those of PDE-inhibitors papaverine and vinpocetine but 3,000 fold less significant than those of trospium chloride. The effects of the individual drugs on muscarinic tension of both human and porcine detrusor muscle strips were nearly equal. The present results suggest that the pig might be an appropriate animal model for the study of effects of spasmolytic substances on the contractility of urinary bladder smooth muscle in vitro.",0
W1901996379,Seizures in Patients Receiving Concomitant Antimuscarinics and Acetylcholinesterase Inhibitor,"Seizures occurred in two patients with probable Alzheimer's disease who were receiving long-term treatment with metrifonate, an irreversible acetylcholinesterase inhibitor. In both patients seizures were associated with discontinuation of short-term agents with high antimuscarinic properties. Hence, abrupt discontinuation of antimuscarinics or anticholinergics with high antimuscarinic properties in patients receiving long-term acetylcholinesterase inhibition therapy may be associated with a reduction of seizure threshold. With increasing administration of acetylcholinesterase inhibitors for patients with Alzheimer's disease, practitioners should be aware of the potential for drug-drug interactions and other complications. In general, it is good medical practice to avoid concomitant administration with centrally acting anticholinergic agents.",0
W1976467814,P300 delay and attenuation in schizophrenia: reversal by neuroleptic medication,,0
W2055914831,"Effects of two anticholinergic drugs, trospium chloride and biperiden, on motility and evoked potentials of the oesophagus","BACKGROUND: Anticholinergic drugs are known to impair the motor function of the oesophagus but their effects on the oesophageal afferent pathways are unknown. AIM: To determine the effects of a peripherally-acting (trospium chloride) and a centrally-acting (biperiden) anticholinergic drug on the motility and the evoked potentials of the oesophagus. METHODS: Nine healthy volunteers were randomized to receive 1.2 mg trospium chloride (TC), 5 mg biperiden (BIP) or saline i.v. Primary peristalsis was elicited by swallowing a 5 mL water bolus and secondary peristalsis by insufflation of 20 mL air, 10 times each. Oesophageal potentials were evoked by electrical stimulation in the distal and proximal oesophagus (30 stimulations at 0.4 Hz, two runs). RESULTS: Both anticholinergic drugs reduced by a similiar amount the contraction amplitudes (TC 17 mmHg, BIP 25 mmHg, saline 67 mmHg; P < 0.01) and the rate of secondary contractions (TC 60%, BIP 70%, saline 95%; P < 0.01). In contrast, only biperiden prolonged the latencies of the evoked potentials (N1 peak, distal oesophagus: BIP 191 ms, TC 102 ms, saline 101 ms; P < 0.01; P1 peak: BIP 322 ms, TC 161 ms, saline 144 ms; P < 0.01). CONCLUSIONS: Both anticholinergic drugs depress oesophageal motility, but only the centrally-acting anticholinergic drug biperiden modifies the oesophageal evoked potentials, suggesting a central cholinergic transmission of the oesophageal afferent pathways.",0
W2171846085,Behavioral vs Drug Treatment for Urge Urinary Incontinence in Older Women,"CONTEXT: Urinary incontinence is a common condition caused by many factors with several treatment options. OBJECTIVE: To compare the effectiveness of biofeedback-assisted behavioral treatment with drug treatment and a placebo control condition for the treatment of urge and mixed urinary incontinence in older community-dwelling women. DESIGN: Randomized placebo-controlled trial conducted from 1989 to 1995. SETTING: University-based outpatient geriatric medicine clinic. PATIENTS: A volunteer sample of 197 women aged 55 to 92 years with urge urinary incontinence or mixed incontinence with urge as the predominant pattern. Subjects had to have urodynamic evidence of bladder dysfunction, be ambulatory, and not have dementia. INTERVENTION: Subjects were randomized to 4 sessions (8 weeks) of biofeedback-assisted behavioral treatment, drug treatment (with oxybutynin chloride, possible range of doses, 2.5 mg daily to 5.0 mg 3 times daily), or a placebo control condition. MAIN OUTCOME MEASURES: Reduction in the frequency of incontinent episodes as determined by bladder diaries, and patients' perceptions of improvement and their comfort and satisfaction with treatment. RESULTS: For all 3 treatment groups, reduction of incontinence was most pronounced early in treatment and progressed more gradually thereafter. Behavioral treatment, which yielded a mean 80.7% reduction of incontinence episodes, was significantly more effective than drug treatment (mean 68.5% reduction; P=.04) and both were more effective than the placebo control condition (mean 39.4% reduction; P<.001 and P=.009, respectively). Patient-perceived improvement was greatest for behavioral treatment (74.1% ""much better"" vs 50.9% and 26.9% for drug treatment and placebo, respectively). Only 14.0% of patients receiving behavioral treatment wanted to change to another treatment vs 75.5% in each of the other groups. CONCLUSION: Behavioral treatment is a safe and effective conservative intervention that should be made more readily available to patients as a first-line treatment for urge and mixed incontinence.",0
W2044935504,Column switching in capillary liquid chromatography–tandem mass spectrometry for the quantitation of pg/ml concentrations of the free basic drug tolterodine and its active 5-hydroxymethyl metabolite in microliter volumes of plasma,,0
W2406138277,Urinary incontinence update: old traditions and new concepts.,,0
